,date,tic,close,high,low,open,volume,day,macd,boll_ub,boll_lb,rsi_30,cci_30,dx_30,close_30_sma,close_60_sma,vix,turbulence
0,2026-01-02,AAPL,270.2743225097656,277.0857683126949,268.2697691424855,271.52092924369913,37838100.0,4.0,-0.28846251496906916,280.0744189998475,268.06456415444933,53.21681706320505,-55.79385151266634,13.731111172379364,274.76343688964846,268.6425168355306,14.510000228881836,62.060902739340186
0,2026-01-02,AMGN,321.0702819824219,322.5891899164597,318.49301311541296,322.1775984634933,1539700.0,4.0,1.225203768935046,332.90112955103467,306.86110799779345,54.350636582308,-36.799515835867325,6.464365786457557,324.2467956542969,311.5515619913737,14.510000228881836,62.060902739340186
0,2026-01-02,AMZN,226.5,235.4600067138672,224.6999969482422,231.33999633789062,51456200.0,4.0,0.08923798712561393,235.4954877479322,221.46151298448967,48.44984783592866,9.536941611471077,2.919558672016092,228.30333404541017,229.39483388264975,14.510000228881836,62.060902739340186
0,2026-01-02,AXP,370.54107666015625,370.68023870516225,365.0932481753767,367.33003458353085,2076100.0,4.0,3.322331984983691,385.6149013034393,360.41971783718566,55.84914078745318,13.403615358047842,3.9079254193676567,366.99091084798175,357.50834401448566,14.510000228881836,62.060902739340186
0,2026-01-02,BA,227.77000427246094,227.77000427246094,215.24000549316406,218.14999389648438,11261000.0,4.0,6.020081053811708,226.359036041489,194.0439668881985,62.14514359899097,133.24168611369706,28.400188712361047,202.68900095621746,204.9933344523112,14.510000228881836,62.060902739340186
0,2026-01-02,CAT,594.7753295898438,595.9680531205,571.8156594485761,574.0818402232668,2761600.0,4.0,3.6215337184268037,616.291556528856,553.9103782855972,59.09926119503085,49.6719361998034,19.656173366997137,577.8328796386719,558.3564595540364,14.510000228881836,62.060902739340186
0,2026-01-02,CRM,252.33599853515625,264.03647114821274,251.2017705962925,263.6583901080786,9680600.0,4.0,4.57883075000791,269.28806248622044,248.94139918370146,51.000998829512554,33.421157135395624,9.77547292261271,249.10570322672527,247.70209452311198,14.510000228881836,62.060902739340186
0,2026-01-02,CSCO,75.34831237792969,76.2500307433969,74.92222351776539,75.95276419258126,15749800.0,4.0,0.3462588361210237,78.83532450517939,74.88117100873663,53.34119191015249,-76.11059687581407,9.175644090647065,76.41049474080404,73.63287671407063,14.510000228881836,62.060902739340186
0,2026-01-02,CVX,151.6648406982422,151.6648406982422,147.14116775938132,148.0361734117126,6862100.0,4.0,0.4389293552106608,150.15511399687804,142.23311384736022,55.95208925977114,225.95056924456898,11.875946838032549,146.27599334716797,147.28036397298177,14.510000228881836,62.060902739340186
0,2026-01-02,DIS,110.99947357177734,112.57738689992571,110.7712267677642,112.57738689992571,8906200.0,4.0,1.634830447022864,116.19442274742893,103.75130936927029,52.22000439387465,65.36683303011793,9.90600557733941,107.55741119384766,108.54911969502767,14.510000228881836,62.060902739340186
0,2026-01-02,GS,905.5623168945312,905.6613327098464,872.2947559758666,875.5135558134159,2817600.0,4.0,20.63203092916376,916.1399480273772,839.1666376659823,63.18746488036497,75.28000560371363,29.627744235739943,849.2078145345052,809.6032501220703,14.510000228881836,62.060902739340186
0,2026-01-02,HD,340.96588134765625,343.59838686169115,336.1346665476792,338.6094143018549,3763000.0,4.0,-3.2245451490796313,355.186216431348,335.75822021415985,43.23958663156831,-47.93651155537335,9.990424654271115,343.9355926513672,357.0646428426107,14.510000228881836,62.060902739340186
0,2026-01-02,HON,202.6922607421875,203.41659870567415,200.07427402064988,202.49565429337696,3009532.0,4.0,0.653119975900097,207.95209359939594,196.46593160812358,49.93532306183415,33.40273645670953,0.18084852984113164,200.59821014404298,201.7029696146647,14.510000228881836,62.060902739340186
0,2026-01-02,IBM,285.680419921875,291.6292440773181,283.2303305571934,291.61943414919784,4662800.0,4.0,-1.077725420084164,308.8567087877758,288.62698261847424,46.911127331977724,-185.47286546224518,4.473652874972554,297.38792724609374,293.63128560384115,14.510000228881836,62.060902739340186
0,2026-01-02,JNJ,205.0741424560547,205.11369677781147,201.44441091836137,204.54996091774888,6325500.0,4.0,1.9003161177108154,211.5716886870148,197.87240463573912,60.72844914409568,-0.745784380501134,16.297597086061653,203.98636728922526,195.89755477905274,14.510000228881836,62.060902739340186
0,2026-01-02,JPM,320.92291259765625,321.1694123071354,316.2492576445291,317.9846252281575,8054000.0,4.0,4.2344012268901,327.6199457948858,300.9148839170283,57.32751733828204,90.47728762526276,6.385131872942251,309.7653442382813,305.5779703776042,14.510000228881836,62.060902739340186
0,2026-01-02,KO,68.20761108398438,68.94771100123326,68.0694597017261,68.92797078737598,12151300.0,4.0,-0.14718952739431757,70.05955650438395,68.32728736768635,47.80388468420577,-130.58589219458847,11.289751821248851,69.69265899658203,68.75211613972982,14.510000228881836,62.060902739340186
0,2026-01-02,MCD,299.54376220703125,301.8056780930464,296.610156354758,301.548884715918,3124300.0,4.0,0.02749508842043724,317.13648542335665,299.33933855125275,47.28089071140489,-118.55754230608234,7.4367142895473375,306.076084391276,301.99476064046223,14.510000228881836,62.060902739340186
0,2026-01-02,MMM,160.26828002929688,160.33760092556676,157.53473659844957,158.56477227491843,1961200.0,4.0,-1.4649772886297399,168.12205965366314,155.85418241176654,48.89702989306098,-89.07929140144526,7.6957006261826635,164.06121571858725,162.15838699340821,14.510000228881836,62.060902739340186
0,2026-01-02,MRK,104.91289520263672,105.08044617507818,102.9220666239685,104.00618149430184,9992400.0,4.0,2.932221860317597,107.62076887596189,92.87709794532717,65.17209738218929,102.99635498757027,27.814110688275818,99.68082173665364,92.51655489603678,14.510000228881836,62.060902739340186
0,2026-01-02,MSFT,469.95849609375,481.6046121327098,467.1960229709088,481.3363251826272,25571600.0,4.0,-2.6078382389372905,490.93113934156685,469.32382586839407,42.17308898926833,-95.4941473600572,21.00126739202204,479.72983907063804,495.35168813069663,14.510000228881836,62.060902739340186
0,2026-01-02,NKE,62.30523681640625,63.14214195618677,61.58648215091496,63.014147174013374,22284100.0,4.0,-0.7628335570483813,69.18407516298102,55.783803941633245,47.8871864750012,-4.198387652730068,3.7418861502301963,62.48376274108887,63.323280843098956,14.510000228881836,62.060902739340186
0,2026-01-02,NVDA,188.6199493408203,192.69496568024334,188.03065649528438,189.60873357074172,148240500.0,4.0,1.2308209539764619,193.98329448317273,171.49793262864367,52.99519135162194,128.99960601150357,7.7568086557885945,181.90511627197264,185.8898068745931,14.510000228881836,62.060902739340186
0,2026-01-02,PG,138.70274353027344,140.21899775087456,138.1647308396389,139.99400981152448,8946100.0,4.0,-0.7724986909972529,144.79105999774447,135.68115069561492,43.14463390179798,-85.02900060973094,15.120447043013979,141.6843694051107,143.56341527303059,14.510000228881836,62.060902739340186
0,2026-01-02,SHW,325.518310546875,327.6332312357927,320.3352761477878,320.9608194841111,1642700.0,4.0,-2.461547887696611,331.262316233511,317.45486211121556,46.51711464965854,-44.39221809892266,4.206131943951339,328.134326171875,331.1293767293294,14.510000228881836,62.060902739340186
0,2026-01-02,TRV,282.9723205566406,287.7945139050399,280.98787286819277,286.36570914693596,1223000.0,4.0,1.9448480838303226,296.7422859409117,274.0390098354555,51.7608674917298,-33.000883630855505,4.424558483788213,285.75133361816404,278.48372446695964,14.510000228881836,62.060902739340186
0,2026-01-02,UNH,331.9092102050781,335.71769665499096,323.1280270938765,326.4826326508298,6863600.0,4.0,0.5809666181343687,336.6271644380214,315.9032768461583,52.36107987065151,85.58623093344713,15.407719881395124,323.1238128662109,331.26764526367185,14.510000228881836,62.060902739340186
0,2026-01-02,V,344.411865234375,347.96053278179977,341.42977229123005,347.78161448571143,5403800.0,4.0,4.574258792388548,363.003966906371,321.2441837283946,53.05582413110351,47.81424742011813,0.47356578446697895,337.3449412027995,337.78617299397786,14.510000228881836,62.060902739340186
0,2026-01-02,VZ,38.58109664916992,38.942914461857846,38.37162260516713,38.81913401475057,30856800.0,4.0,-0.036832217302624315,39.57257994337934,37.66673890427691,48.84634094919527,-20.630876667548172,0.40006807906284086,38.695355860392254,38.4243382136027,14.510000228881836,62.060902739340186
0,2026-01-02,WMT,112.04647827148438,112.07628722420678,110.41685648631017,110.72489243926468,14306600.0,4.0,0.8780502362387921,116.61391606976038,109.45662378619666,56.611176728690104,11.298574394111998,7.597516797138329,111.1243662516276,107.03348401387532,14.510000228881836,62.060902739340186
1,2026-01-05,AAPL,266.5345153808594,270.7729784841199,265.41756056202854,269.9053450243044,45647200.0,0.0,-0.7392043495921143,279.6339317914195,267.16470102108053,49.75345114064504,-136.44611141882444,8.131536146511044,274.7202219645182,268.7995877583822,14.899999618530273,57.89570707963585
1,2026-01-05,AMGN,314.2890319824219,319.97272037735803,311.8293520856204,318.4048269619618,2268700.0,0.0,0.5129596846238655,330.5110569700647,307.346157385404,50.72706158775053,-83.65437348492227,1.6491302562875738,323.6178263346354,312.0119160970052,14.899999618530273,57.89570707963585
1,2026-01-05,AMZN,233.05999755859375,234.0,227.17999267578125,228.83999633789062,49733300.0,0.0,0.3598539282372144,235.984138889003,221.3678615382431,52.35491471152706,56.951817752969234,2.9195586720160827,228.6490005493164,229.52550048828124,14.899999618530273,57.89570707963585
1,2026-01-05,AXP,377.5695495605469,381.44667043632586,370.0639003193659,370.11359455075444,2362000.0,0.0,3.4805056784887825,386.0239568303782,360.9523676325124,58.642687826274354,67.3487486885482,13.60692269992703,368.18134256998695,358.46128743489584,14.899999618530273,57.89570707963585
1,2026-01-05,BA,228.1300048828125,230.9600067138672,227.5,228.7899932861328,8278800.0,0.0,6.57301503441704,229.03201780814172,193.9969860981083,62.3093557719271,154.080258636405,31.393316176637597,204.10333455403645,205.04016774495443,14.899999618530273,57.89570707963585
1,2026-01-05,CAT,612.3578491210938,617.9735558810016,602.5378543489936,604.1878056556369,3444800.0,0.0,5.965351398719463,619.1616744148863,552.724958885895,61.947549305200155,152.4637640392426,27.35460113777056,579.9197916666667,560.2684163411458,14.899999618530273,57.89570707963585
1,2026-01-05,CRM,254.962646484375,258.27577438911044,251.03263193832322,252.33599739410624,6421500.0,0.0,3.876215803529618,267.8777783456983,251.26690549219234,52.26094553436267,25.200131859900136,9.568607288889876,250.05909271240233,247.97101720174155,14.899999618530273,57.89570707963585
1,2026-01-05,CSCO,74.89250183105469,76.07167206760414,74.52586474843287,75.75458319290247,16328800.0,0.0,0.20184022772437515,78.93414686917093,74.60734406710837,52.16484927507686,-95.70381935125553,6.614742734585359,76.33146158854167,73.72576319376627,14.899999618530273,57.89570707963585
1,2026-01-05,CVX,159.39889526367188,161.2472743715493,154.9822195261624,161.2472743715493,35094900.0,0.0,1.3715898527966033,153.848439138322,139.66730640611158,63.413463109721576,512.7997373178521,33.28132333761324,146.66999155680338,147.47181905110676,14.899999618530273,57.89570707963585
1,2026-01-05,DIS,113.20259094238281,115.1476858420111,110.53304376237752,110.5727405037633,12029000.0,0.0,1.6437066013878905,116.12735535824478,104.74217818057357,55.137441954729695,84.8639688203935,18.052100522666322,107.89163131713867,108.59761390686035,14.899999618530273,57.89570707963585
1,2026-01-05,GS,939.3348999023438,952.4576988054562,903.8389402716671,905.6217084820269,3742000.0,0.0,23.649246307153476,924.0392807035996,842.2221206635879,66.81256707125006,132.2790485403232,39.929820255321644,854.6988342285156,812.5044708251953,14.899999618530273,57.89570707963585
1,2026-01-05,HD,339.2601318359375,342.4743820456016,336.4599994802726,337.8896584001967,4725300.0,0.0,-3.2954279829368147,355.21519395667934,335.0311744515238,42.561083455667045,-66.74334407457894,9.990424654271122,344.3214182535807,356.4527913411458,14.899999618530273,57.89570707963585
1,2026-01-05,HON,208.0834503173828,208.79744531549673,201.69886714784866,202.60946859151596,3667352.0,0.0,1.014231839654343,208.75670097615972,196.5781394169067,54.91838233727293,117.28104447495004,12.082863734443219,200.96107228597006,201.7802759806315,14.899999618530273,57.89570707963585
1,2026-01-05,IBM,289.0811462402344,293.2168982996558,288.3755193042278,289.865162876545,4190000.0,0.0,-1.4921015738698884,308.9768612964596,287.23082608147007,48.904453906088754,-139.62533934420662,2.8130293950126366,297.5983083089193,293.7472112019857,14.899999618530273,57.89570707963585
1,2026-01-05,JNJ,202.0675048828125,203.6796189425871,198.70482908872975,203.61038001401067,9477000.0,0.0,1.528240232099506,211.45863301127287,198.1664524379459,56.55129115875878,-75.19584169584596,8.45713504301984,204.08783009847005,196.15827458699545,14.899999618530273,57.89570707963585
1,2026-01-05,JPM,329.3630676269531,332.5281155423397,320.63697169770103,320.942628937084,10752600.0,0.0,4.866656935029766,330.0365876519309,300.26712633732694,60.89289776285606,156.0304451486395,18.172313017361677,310.7766510009766,306.0711344401042,14.899999618530273,57.89570707963585
1,2026-01-05,KO,67.04318237304688,68.01024198336809,67.02344216052634,68.01024198336809,21186600.0,0.0,-0.2975429046128397,70.34884633293187,67.79031077156033,43.9197580816244,-207.83017943265443,20.035830827086027,69.60470148722331,68.78963381449381,14.899999618530273,57.89570707963585
1,2026-01-05,MCD,296.1854248046875,298.6251580020474,295.94837547169965,297.5584058599941,4573300.0,0.0,-0.7517734138056085,318.1264270099456,297.49203002130446,45.21035371016999,-158.46141991827085,8.41560809680547,306.04071756998695,302.1135553995768,14.899999618530273,57.89570707963585
1,2026-01-05,MMM,161.98167419433594,162.82351422802336,159.25804474937988,159.4363114227014,2894500.0,0.0,-1.240886633411236,167.23171197739273,156.17801244887679,50.74571333826733,-48.96100379762399,1.364428897534865,163.9611836751302,162.29403127034504,14.899999618530273,57.89570707963585
1,2026-01-05,MRK,105.88860321044922,106.8741635306679,104.27228488682884,105.46481197198604,15863300.0,0.0,2.9652619860785023,108.35336348639034,92.87431137933233,66.13406183043689,123.33402341348645,31.835738716033372,100.11432088216146,92.87418530782064,14.899999618530273,57.89570707963585
1,2026-01-05,MSFT,469.86907958984375,473.0687813775576,466.5401924921144,471.071443053882,25250300.0,0.0,-3.2375702774676824,491.438541274346,468.0224603125681,42.14304654625972,-127.22435882377569,21.45118271865823,479.2873138427734,494.50672454833983,14.899999618530273,57.89570707963585
1,2026-01-05,NKE,63.535980224609375,64.36304479091379,62.41354135823816,62.758152220187625,23482500.0,0.0,-0.5287679460332697,69.06743113383082,55.78623517171117,49.80837713293825,26.353700385432592,7.5348486431448425,62.55883394877116,63.25564397176107,14.899999618530273,57.89570707963585
1,2026-01-05,NVDA,187.89083862304688,193.39413642527967,185.9232371396652,191.52640398377517,183529700.0,0.0,1.3455216071875213,194.45380964311653,171.50084123578972,52.570977630781826,112.3821603629693,5.140253615506514,181.95873057047527,185.8735023498535,14.899999618530273,57.89570707963585
1,2026-01-05,PG,137.3136444091797,138.2723170940466,136.56042077663597,138.02776047727366,12297300.0,0.0,-0.9794166563929991,144.62744446007335,135.35662994178213,41.50446402448151,-125.53600332622086,19.007267160032374,141.4685068766276,143.4122210184733,14.899999618530273,57.89570707963585
1,2026-01-05,SHW,329.8474426269531,330.83042196179656,320.5934376052972,323.7707577074451,1661800.0,0.0,-1.80478935561149,330.38160757378785,318.02081857367307,49.18100430058164,-14.442869174984633,0.13810501652296803,328.21442159016925,331.05353495279945,14.899999618530273,57.89570707963585
1,2026-01-05,TRV,285.5223388671875,289.22331437185835,280.4222938490184,281.22599272849357,1554500.0,0.0,1.6365395488451782,296.7028093783672,274.6762586147969,53.72113931105098,-16.25879969548365,6.782150705016271,285.86427815755206,278.58483530680337,14.899999618530273,57.89570707963585
1,2026-01-05,UNH,337.4541931152344,342.3085268229226,329.3932753932535,330.97192221503246,7956600.0,0.0,1.422476744627204,338.3055013606511,315.2863046696224,54.409093422450184,154.68420011798605,19.959517764949723,324.27471618652345,330.84947916666664,14.899999618530273,57.89570707963585
1,2026-01-05,V,351.6881408691406,355.40583728080946,341.99633902690704,342.443665092254,7592200.0,0.0,4.61085555039034,363.1269289437699,323.7752805288864,57.03872186234656,76.41199385703682,9.071616328449693,338.3283681233724,337.8381042480469,14.899999618530273,57.89570707963585
1,2026-01-05,VZ,38.30497741699219,38.58110166870935,37.924119761809386,38.4954080606648,43091700.0,0.0,-0.0542804344223029,39.47913534908118,37.6621125909823,47.41240746736129,-94.86355641259219,5.011881091609355,38.664887237548825,38.4181219736735,14.899999618530273,57.89570707963585
1,2026-01-05,WMT,111.99678802490234,113.01033787154626,111.44033404234767,112.106092568778,19557600.0,0.0,0.823650119786933,116.52514461139985,109.35695682902984,56.51974438544492,19.382400984745846,10.839158907325231,111.53192672729492,107.19941622416178,14.899999618530273,57.89570707963585
2,2026-01-06,AAPL,261.6477966308594,266.82371056256306,261.40845786144683,266.27521573774703,52352100.0,1.0,-1.4737493983755598,280.3664229968583,264.79466709103235,45.73048236055426,-204.64781761490892,0.9073683937603999,274.5909067789714,268.9419672648112,14.75,37.98541871157834
2,2026-01-06,AMGN,323.5495910644531,324.3041406006489,312.4369493873497,313.0837189493689,2722500.0,1.0,0.6878220560562909,330.5470863227719,307.3375694389468,54.968380179133014,-34.390440080684584,3.305879398271736,323.5028462727865,312.6134775797526,14.75,37.98541871157834
2,2026-01-06,AMZN,240.92999267578125,243.17999267578125,232.07000732421875,232.10000610351562,53764700.0,1.0,1.1955799435477275,238.38383630373818,220.10816351315634,56.44929136501104,202.05137430519017,8.74882682409342,229.44200032552084,229.74533360799154,14.75,37.98541871157834
2,2026-01-06,AXP,381.3074645996094,383.99162044381677,374.0006228800292,378.1361960868824,2544100.0,1.0,3.8629483112343337,386.83711671986885,361.5340563758343,60.033921478471676,91.99511524800583,15.687865177069327,369.5241444905599,359.4663055419922,14.75,37.98541871157834
2,2026-01-06,BA,229.83999633789062,231.63999938964844,228.60000610351562,229.22999572753906,6714300.0,1.0,7.067728838607906,231.61597574700102,194.20802785407318,63.09598720598104,150.38896586057828,32.01997495946411,205.78533426920572,205.27083435058594,14.75,37.98541871157834
2,2026-01-06,CAT,619.3054809570312,622.9631219651767,605.2016662464886,612.2585177535216,2706800.0,1.0,8.287921620633483,622.918378347547,550.9481621797967,63.000781815755246,159.2245990514967,28.951434440548585,582.4695434570312,562.3252385457357,14.75,37.98541871157834
2,2026-01-06,CRM,261.5690002441406,262.21570339216413,253.7090019428403,253.90798635903693,6103300.0,1.0,3.8085631875119077,268.05334194647565,251.3649380828212,55.25456695672385,45.33698345775591,13.496723790744298,251.31580403645833,248.268923441569,14.75,37.98541871157834
2,2026-01-06,CSCO,74.54568481445312,75.0411366387789,74.12949953642337,74.84295137305166,17017200.0,1.0,0.05872525711234289,79.03576769737673,74.27533841224242,51.27479933302923,-131.73761170805014,4.088925462963214,76.33778788248698,73.8189473470052,14.75,37.98541871157834
2,2026-01-06,CVX,152.28746032714844,160.56628893420873,151.86914874312845,160.40090890022836,20564900.0,1.0,1.5193821582162457,154.5687302794016,139.58324878553984,54.61374585888424,280.2356128896305,23.22233570104433,146.87201741536458,147.57842330932618,14.75,37.98541871157834
2,2026-01-06,DIS,113.69879150390625,113.8873491370408,112.24989448074557,112.92472395728144,7388300.0,1.0,1.6715121049989534,115.86348157437715,105.99623064486113,55.76672700402426,85.22260999622316,18.052100522666336,108.30712076822917,108.66916414896647,14.75,37.98541871157834
2,2026-01-06,GS,946.29736328125,949.367639240271,934.1947055208689,940.2955423062087,1966000.0,1.0,26.299064592987975,934.2110461092462,842.0444775723944,67.49521030624678,146.96745893957421,39.929820255321644,860.8256693522136,815.4650655110677,14.75,37.98541871157834
2,2026-01-06,HD,344.3871765136719,345.75765004144216,332.9697030904707,336.70651293277245,4680300.0,1.0,-2.9044132148524113,354.7296733667435,334.99216501216273,45.23324355689039,-55.102294964727825,13.36375997853633,344.94737141927084,356.02598622639977,14.75,37.98541871157834
2,2026-01-06,HON,212.0673370361328,212.7089012437186,207.3177083645891,207.3694532414247,3818768.0,1.0,1.6033989715597556,210.36984305504026,196.37332863685427,58.10597185130519,195.783743163419,19.49387160174006,201.5405476888021,202.01478805541993,14.75,37.98541871157834
2,2026-01-06,IBM,296.4314270019531,296.9900545810116,288.54215084502,289.11055844433497,4147300.0,1.0,-1.2134040658000345,308.58963389720856,287.0819755998618,52.86179510021647,-78.17194046487789,1.0536340312017338,297.99261067708335,294.00562184651693,14.75,37.98541871157834
2,2026-01-06,JNJ,202.542236328125,204.4411758573138,201.87959200016542,202.3543344281176,8107900.0,1.0,1.257182257732694,211.25460340006094,198.6533433772828,57.03402039732912,-36.715586050832144,10.198130502788699,204.18677215576173,196.4041384379069,14.75,37.98541871157834
2,2026-01-06,JPM,331.41326904296875,332.6612412306879,327.49110960074296,329.44229029813283,7660800.0,1.0,5.470102324336722,332.57312367660455,299.8090113331611,61.69708858658078,170.96689009884636,18.297039676751336,312.0170145670573,306.573817952474,14.75,37.98541871157834
2,2026-01-06,KO,66.94450378417969,67.34909537013587,66.69780380113889,67.11226549444879,21019900.0,1.0,-0.41982212855847933,70.55655968088608,67.36944892507096,43.60912987417738,-212.63555625547448,22.496651220510167,69.51018854777018,68.82142372131348,14.75,37.98541871157834
2,2026-01-06,MCD,299.05975341796875,300.4919967340929,294.67416011782774,295.4051124302555,3769100.0,1.0,-1.1244530243043869,318.42741997810253,296.3554016771709,47.255434250348685,-138.1213160125185,5.16993869255002,306.0546864827474,302.28991038004557,14.75,37.98541871157834
2,2026-01-06,MMM,164.61618041992188,164.93310400723874,160.26827775234187,161.31811074856176,2854800.0,1.0,-0.8410158327413342,166.99496077256265,156.28898240370688,53.42567266980341,-12.805934919231166,3.6101811476115477,164.01400553385417,162.52486470540364,14.75,37.98541871157834
2,2026-01-06,MRK,107.29795837402344,108.57918232181594,106.12513914740683,106.12513914740683,14479000.0,1.0,3.0697831576454604,109.24108654406727,92.9716644630128,67.47637687827616,147.31878726379443,35.37605042106906,100.59740422566732,93.23738950093588,14.75,37.98541871157834
2,2026-01-06,MSFT,475.493408203125,475.7219388392127,466.7886229022075,470.8130789419108,23037700.0,1.0,-3.245390301154657,491.3570415812163,467.64189335530716,44.70607547359458,-82.08028168952809,18.623847160030433,479.2899648030599,493.7959986368815,14.75,37.98541871157834
2,2026-01-06,NKE,64.34335327148438,64.42212276189157,62.43323820034229,63.0732234081886,19973200.0,1.0,-0.27495153541848794,69.00752610407103,55.79592581548463,51.033432155364125,32.786796626174464,7.716873720874622,62.700277709960936,63.21825828552246,14.75,37.98541871157834
2,2026-01-06,NVDA,187.0119171142578,191.935904267691,186.5924305704924,190.2879203285983,176862600.0,1.0,1.3499398150456443,194.8271672370172,171.6098963616156,52.051388055476224,99.4324470082899,5.140253615506512,182.17879791259764,185.784955851237,14.75,37.98541871157834
2,2026-01-06,PG,136.86366271972656,138.34077924808673,136.47236319375153,137.3332072243459,10421800.0,1.0,-1.1662664032959924,144.6559948109071,134.98178747669056,40.98237563497532,-120.70706781911846,19.21731168679339,141.19851633707682,143.25530802408855,14.75,37.98541871157834
2,2026-01-06,SHW,337.68157958984375,339.3198887176573,326.6701193253559,328.943910707197,1778600.0,1.0,-0.6447221513187174,332.7280247975901,316.36745860084744,53.51535913565081,68.0433710227578,9.559986665567385,328.61423645019534,331.1800806681315,14.75,37.98541871157834
2,2026-01-06,TRV,282.9723205566406,284.9369346691007,279.88648865536453,283.3096730300445,1499800.0,1.0,1.1729169904074865,296.38812731816876,275.5274213878859,51.55392528868374,-55.425684252087045,5.770003943481663,285.8138153076172,278.7809860229492,14.75,37.98541871157834
2,2026-01-06,UNH,344.3114013671875,347.90279327098006,340.5127911940015,343.6996829189171,9441900.0,1.0,2.61258275278027,341.63601800999083,313.9557300368841,56.7857595969407,237.0833257039313,23.570612649760754,325.57415568033855,330.5820251464844,14.75,37.98541871157834
2,2026-01-06,V,355.42572021484375,356.4793906429162,349.89891030839686,351.56887509982283,6775400.0,1.0,4.885137339360881,363.93579340273885,325.58270940487836,58.89203151024538,98.83806948392821,10.34214703800856,339.44797973632814,338.023757425944,14.75,37.98541871157834
2,2026-01-06,VZ,38.37162399291992,38.52396776711474,38.07645997350863,38.40971084450915,32758400.0,1.0,-0.062015573579692784,39.2454527582948,37.76344616748645,47.7950673642873,-77.63540614046212,5.011881091609348,38.65028762817383,38.420660972595215,14.75,37.98541871157834
2,2026-01-06,WMT,113.61647033691406,114.06362735444141,111.28134229354983,111.6887515152225,20120800.0,1.0,0.900848046376467,116.46853005894104,109.3603265999945,58.76539138384164,38.04375122180564,14.344554062890724,111.77861887613932,107.41101913452148,14.75,37.98541871157834
3,2026-01-07,AAPL,259.623291015625,262.964203143993,259.1047135716701,262.48552563718374,48309800.0,2.0,-2.1939518144681642,281.10539526692986,262.30445885904675,44.198833687832604,-231.29558056426038,2.9470131400059567,274.21991678873695,269.1962336222331,15.380000114440918,37.766138726686606
3,2026-01-07,AMGN,334.7895812988281,336.17128220756376,325.44086531300223,325.44086531300223,3599200.0,2.0,1.7136214591394605,333.3475251424544,306.53720386145187,59.360669709262694,85.19009782305532,15.04341556514478,323.6367716471354,313.4883209228516,15.380000114440918,37.766138726686606
3,2026-01-07,AMZN,241.55999755859375,245.2899932861328,239.52000427246094,239.61000061035156,42236500.0,2.0,1.8869829952712394,240.56199393946997,219.3970056943191,56.757027104118585,259.05053404852845,11.14414068596507,230.13766682942708,230.16516698201497,15.380000114440918,37.766138726686606
3,2026-01-07,AXP,375.9988098144531,382.72904037704086,374.30878135363463,381.64544531483835,2178600.0,2.0,3.6950782165782243,385.57847122237405,364.45716720536035,57.20661843622047,69.35751824365336,15.687865177069336,370.3894378662109,360.5045216878255,15.380000114440918,37.766138726686606
3,2026-01-07,BA,228.1199951171875,233.57000732421875,227.30999755859375,232.14999389648438,9693100.0,2.0,7.237573130967917,233.6059479658813,194.40305471966556,61.754869137177515,138.23909106057246,33.795514045978315,207.3993342081706,205.56066767374674,15.380000114440918,37.766138726686606
3,2026-01-07,CAT,592.8968505859375,621.2038481246618,592.161354936068,619.2159958106629,3312400.0,2.0,7.906478527052855,622.9200662038281,550.9484640696094,56.817024353343314,87.90186969150021,21.717840205229482,583.9965474446615,564.0915700276693,15.380000114440918,37.766138726686606
3,2026-01-07,CRM,264.772705078125,266.4740393315776,262.16597425294316,262.16597425294316,5976200.0,2.0,3.9677227692687893,268.6452328179834,251.4703219915869,56.61925686504,73.80951383309576,17.503327183931454,252.62169138590494,248.6806526184082,15.380000114440918,37.766138726686606
3,2026-01-07,CSCO,74.04031372070312,74.69430612592657,73.52503964629042,74.43667664871427,20347400.0,2.0,-0.09438559351944775,79.06366123241816,73.87880168872442,49.989083909683465,-159.0254082303609,0.33877515544299736,76.30558497111002,73.93689142862955,15.380000114440918,37.766138726686606
3,2026-01-07,CVX,150.98387145996094,153.71753330617227,150.69201821837032,153.16302550699535,13537900.0,2.0,1.5138689590034176,154.98891761564235,139.79443046785374,53.21346408305205,148.2709111892923,19.68889569970092,147.04129079182943,147.70723673502604,15.380000114440918,37.766138726686606
3,2026-01-07,DIS,112.0514144897461,114.09574743456305,111.65445465165313,113.58962345171003,8296300.0,2.0,1.5428337821401499,115.62183480415071,106.83364462700165,53.20363782921723,70.10513287080559,15.463884350957372,108.61578267415365,108.74282976786296,15.380000114440918,37.766138726686606
3,2026-01-07,GS,931.9861450195312,949.0507161684332,925.0335182899208,947.6938731242234,2683300.0,2.0,26.933792965934913,939.6118524450312,844.0053167444219,64.6668247856836,132.53256813125498,35.76592120979043,866.4646199544271,818.4433746337891,15.380000114440918,37.766138726686606
3,2026-01-07,HD,344.160400390625,353.4678977912044,344.13082269061283,348.3803227645915,4442700.0,2.0,-2.5830542899598186,354.6924264173678,334.94560458849156,45.13716113135813,29.855172800549763,4.420689754222497,345.2085276285807,355.6270762125651,15.380000114440918,37.766138726686606
3,2026-01-07,HON,206.44850158691406,213.16421000289577,205.42408246202797,212.24326558033968,4850550.0,2.0,1.5984986091940243,210.5187461727331,197.00257798498174,52.67213709469306,136.35556043014782,14.653592450900394,201.86788228352864,202.20929743448895,15.380000114440918,37.766138726686606
3,2026-01-07,IBM,290.8060302734375,298.23468839021996,290.43361188849593,296.4608260057929,2833300.0,2.0,-1.429972947327201,308.1276085589432,286.3238623883224,49.80765450002319,-98.23859613394937,2.3073813656765916,297.96941731770835,294.3393793741862,15.380000114440918,37.766138726686606
3,2026-01-07,JNJ,205.21261596679688,205.9741536581461,202.7796100403249,203.00708135778572,7545900.0,2.0,1.2435097731201665,210.97832932162282,199.51017623257638,59.64313083102881,13.59150377074919,13.619088014100528,204.347536722819,196.70040537516277,15.380000114440918,37.766138726686606
3,2026-01-07,JPM,323.8660583496094,328.9767653957764,321.49890717343806,327.9764350864437,9815200.0,2.0,5.278493131595894,333.3626704249311,300.32640123034236,57.21647227132468,109.99542777133735,10.457305674869467,313.01763814290365,307.02696533203124,15.380000114440918,37.766138726686606
3,2026-01-07,KO,66.6484603881836,67.17146308538422,66.38202022215133,67.09251729332391,20223400.0,2.0,-0.5344566389821495,70.71733821382833,66.9412471438377,42.67246467927925,-219.40627580028243,24.81766406861984,69.34897206624349,68.8373373667399,15.380000114440918,37.766138726686606
3,2026-01-07,MCD,300.4327697753906,303.2379642640529,299.59317980652384,301.58841549493303,4100200.0,2.0,-1.294095824253418,318.5698427826429,295.6568784087633,48.21067905856195,-84.02953370240365,0.5877858482414285,305.94456278483074,302.43678232828773,15.380000114440918,37.766138726686606
3,2026-01-07,MMM,161.3478240966797,164.27943154794573,160.21875640987992,164.25963421328674,2734400.0,2.0,-0.7788660992244729,166.93265511565602,156.24729483551585,49.93850272596422,-35.00283441807115,3.486849003479179,163.8429951985677,162.76910705566405,15.380000114440918,37.766138726686606
3,2026-01-07,MRK,107.03184509277344,109.85054810007901,106.39122940579885,107.92870855838349,16322300.0,2.0,3.0954612706805875,109.88874288578643,93.35967325190887,66.95797920733979,143.51932176492028,37.865383415977306,100.9807367960612,93.62075157165528,15.380000114440918,37.766138726686606
3,2026-01-07,MSFT,480.422119140625,486.6128550141313,474.936929133209,476.73551614076564,25564200.0,2.0,-2.821359073403414,490.31565747312357,467.9330394262905,46.84089669138166,18.308346041650825,7.95219344279144,479.66591389973956,493.35652923583984,15.380000114440918,37.766138726686606
3,2026-01-07,NKE,62.246158599853516,64.59934237380276,62.216618166634504,64.51072483008127,18284100.0,2.0,-0.24025675406500113,68.99167369182132,55.78027111713863,47.892357027475555,9.564382642862228,6.918507172971565,62.72713712056478,63.19222780863444,15.380000114440918,37.766138726686606
3,2026-01-07,NVDA,188.87962341308594,191.13686475404677,186.3327268208183,188.34028795646717,153543200.0,2.0,1.4870082602535604,195.2470962821677,171.5455321968362,53.0710057650606,96.47422549317531,4.8046401060328074,182.51971435546875,185.88417129516603,15.380000114440918,37.766138726686606
3,2026-01-07,PG,135.0343780517578,136.75606622638384,134.62352471732706,136.75606622638384,14369100.0,2.0,-1.4452937123793674,144.70010792632402,134.9083271322697,38.92331671252144,-160.51698482862412,23.524962415135747,140.77853088378907,143.08231684366862,15.380000114440918,37.766138726686606
3,2026-01-07,SHW,329.06304931640625,341.46458888081224,328.9835988855489,339.58798909689534,1506200.0,2.0,-0.4160084130578525,333.18663052298893,316.3338223578704,48.78047140983772,52.96977092211214,11.792539098041745,328.42723693847654,331.169753519694,15.380000114440918,37.766138726686606
3,2026-01-07,TRV,280.98785400390625,284.2225132086014,280.5215076172187,282.14873886676105,1966400.0,2.0,0.6380083436594646,295.942037611714,276.41234776426256,49.93225880210051,-62.09970308418384,5.770003943481676,285.6240681966146,279.0147267659505,15.380000114440918,37.766138726686606
3,2026-01-07,UNH,337.13848876953125,345.4361929991165,333.52734431693204,344.3213032237757,7461400.0,2.0,2.9430308111749923,342.52179557036004,314.8538178329603,53.7534882244223,153.4082868154606,16.765755676725284,326.3591013590495,330.4104726155599,15.380000114440918,37.766138726686606
3,2026-01-07,V,353.7557373046875,356.14140550388055,352.3939197646881,355.0181456831753,6333900.0,2.0,4.91114138815027,363.3165203140226,329.0886493637118,57.740706993700485,94.34644521630415,10.342147038008553,340.37242838541664,338.23762868245444,15.380000114440918,37.766138726686606
3,2026-01-07,VZ,38.20976257324219,38.8477010302199,38.07646221698788,38.609663642005124,26834100.0,2.0,-0.08028115969064231,39.09138454454855,37.80611339551492,46.936976007909216,-61.32506956814341,0.8051898902284582,38.61537551879883,38.4251043955485,15.380000114440918,37.766138726686606
3,2026-01-07,WMT,112.00672912597656,114.00401232662693,111.3906496463658,113.46742844073054,23306000.0,2.0,0.8226522735000259,116.45936002246042,109.30898485668997,55.802261553282925,17.114625474040245,14.34455406289072,112.03082122802735,107.59463615417481,15.380000114440918,37.766138726686606
4,2026-01-08,AAPL,258.3368225097656,258.58614386359903,255.00587765735156,256.3222864925608,50419300.0,3.0,-2.8358349350712047,281.65629979199707,259.9444814580029,43.246674582628955,-244.91328485078483,9.322054564629683,273.6587778727214,269.3893719991048,15.449999809265137,53.73964967835327
4,2026-01-08,AMGN,323.4907531738281,334.6131735363736,321.62885718802556,330.98738238626385,2799300.0,3.0,1.5964509819636987,332.87913825323113,308.5989836950111,53.89420914273935,30.74358554075449,10.582793958285633,323.4999053955078,314.1380386352539,15.449999809265137,53.73964967835327
4,2026-01-08,AMZN,246.2899932861328,246.41000366210938,241.8800048828125,243.05999755859375,39509800.0,3.0,2.7844980596985067,243.68669876136755,218.10930038414028,59.00678006815926,275.93264836262165,12.406716597039859,230.8046666463216,230.60216674804687,15.449999809265137,53.73964967835327
4,2026-01-08,AXP,380.7308654785156,382.86823300031887,374.2988609515397,375.9491158286669,2707700.0,3.0,3.8989328310996143,384.5351129080402,367.4765142892254,58.98767870432624,80.87524869149715,15.80656302589194,371.31195271809895,361.5081954956055,15.449999809265137,53.73964967835327
4,2026-01-08,BA,227.3800048828125,233.11000061035156,225.10000610351562,231.7899932861328,7126800.0,3.0,7.229131995106485,234.72158550239413,195.98841815971525,61.17614991785002,122.74677274266689,29.780266408774104,209.00800120035808,205.75766779581707,15.449999809265137,53.73964967835327
4,2026-01-08,CAT,604.4363403320312,605.8775454441251,590.5611088447556,592.8968717959257,2075400.0,3.0,8.438053877616312,624.4211702460599,550.8160062676119,58.65157402357445,73.69095451648757,20.857198157434453,585.6043884277344,565.8278940836589,15.449999809265137,53.73964967835327
4,2026-01-08,CRM,259.2110290527344,263.8573998812952,259.09164142768844,263.0614317758581,5243500.0,3.0,3.6035377698246975,268.6431547078209,251.46550312909315,53.679122876390586,49.207725887235895,13.574535632324125,253.75179189046224,248.88263931274415,15.449999809265137,53.73964967835327
4,2026-01-08,CSCO,73.2872314453125,73.78268325948578,72.88096488888766,73.63404620323485,17192200.0,3.0,-0.27334355722486237,79.01478714809103,73.41965804233867,48.12870937764722,-195.55738774294784,3.493806216746509,76.24367955525716,74.05016924540202,15.449999809265137,53.73964967835327
4,2026-01-08,CVX,154.923828125,156.0815030618964,150.99358495082737,151.27570030416013,12929600.0,3.0,1.806595970403805,156.0817230089473,139.74839173714642,56.6857711000558,185.3772249680884,24.20426822278624,147.34935455322267,147.85297037760418,15.449999809265137,53.73964967835327
4,2026-01-08,DIS,113.30182647705078,114.11559072881793,111.69415012945518,111.69415012945518,9778200.0,3.0,1.5241832457578397,115.17444183058868,108.06197555832733,54.83363584338905,74.75508058681372,15.527731297756622,109.04301147460937,108.8195925394694,15.449999809265137,53.73964967835327
4,2026-01-08,GS,925.8555297851562,936.116057957002,923.0526812200502,926.4992534327896,1960800.0,3.0,26.635097536117883,943.4421642408851,845.9440784348961,63.48784343022176,118.4188937901877,34.86824467490423,871.3512715657552,820.9512512207032,15.449999809265137,53.73964967835327
4,2026-01-08,HD,354.51300048828125,358.14133860743897,339.2700146292389,340.4630219276524,5196500.0,3.0,-1.4759923975390734,356.06441506425966,334.9825575919903,50.138925506798,76.68800777845196,9.097519183202586,346.0348622639974,355.3416056315104,15.449999809265137,53.73964967835327
4,2026-01-08,HON,212.37777709960938,212.63647137440958,205.45510445513065,205.85867535254636,4951049.0,3.0,2.049433424772701,211.50430608011308,197.5764281728166,57.05608941313285,163.2199246322056,14.65359245090039,202.43976898193358,202.4703119913737,15.449999809265137,53.73964967835327
4,2026-01-08,IBM,296.6764221191406,297.60746804083396,289.1105449663991,289.1105449663991,3343300.0,3.0,-1.115060066845615,307.22935229406994,286.46161145104725,52.754419484752766,-68.90944155201062,0.9014278536246829,297.9236826578776,294.78072357177734,15.449999809265137,53.73964967835327
4,2026-01-08,JNJ,203.49169921875,206.68624268930276,202.72026166352438,204.6587403592623,6557800.0,3.0,1.0813455528744669,210.1571512875611,200.90399830960686,57.32251582338377,-1.1917470745762633,15.17191704484567,204.38050384521483,196.9650421142578,15.449999809265137,53.73964967835327
4,2026-01-08,JPM,326.63934326171875,328.2339475379842,322.53888044956136,323.27183137637843,11737100.0,3.0,5.289448906550263,332.3084991518109,304.4142517026813,58.36582754675531,111.74270820525552,10.457305674869465,314.1113606770833,307.4099868774414,15.449999809265137,53.73964967835327
4,2026-01-08,KO,68.45430755615234,68.54311592791208,66.55964614307308,66.64846204351811,19237000.0,3.0,-0.47412314356179763,70.68196994415865,66.90556591399564,49.51501589942933,-122.62811832745011,10.01358740872503,69.25970967610677,68.88726806640625,15.449999809265137,53.73964967835327
4,2026-01-08,MCD,305.09490966796875,305.21343433405326,298.92149877933497,299.7215704190133,3268300.0,3.0,-1.0403507236744076,318.51109640652714,295.52696511691033,51.308276376460945,-52.821404527676535,2.5713122875432974,306.13548583984374,302.6106282552083,15.449999809265137,53.73964967835327
4,2026-01-08,MMM,163.6554718017578,164.2001856044164,159.50564849261235,160.21874541560226,2526900.0,3.0,-0.5372114643064947,166.95170516574112,156.24310074246202,52.21655626583863,-23.330334628545387,1.6837828991734871,163.70037587483725,163.01318537394206,15.449999809265137,53.73964967835327
4,2026-01-08,MRK,109.38733673095703,111.26976053279331,107.67246389647944,109.01282651997846,20278800.0,3.0,3.268206005356049,110.63999252603463,94.0789878816802,69.12963655975216,161.15097251098217,40.511579854314206,101.3565912882487,94.04809494018555,15.449999809265137,53.73964967835327
4,2026-01-08,MSFT,475.09588623046875,479.61722033317443,472.8600706717694,478.20615894860083,18162600.0,3.0,-2.8818733114636643,488.7510402307615,468.115424002637,44.9028336222008,-52.49512075795757,9.557282247159364,479.8020497639974,492.77720947265624,15.449999809265137,53.73964967835327
4,2026-01-08,NKE,64.2547378540039,64.72733973317152,60.74957469873465,61.22218033383797,21573900.0,3.0,-0.05010771986362528,69.13923541954618,55.82273624488253,50.88731484534985,14.496416597811177,1.6406960816115597,62.849321365356445,63.164453125,15.449999809265137,53.73964967835327
4,2026-01-08,NVDA,184.8145751953125,189.31909080925226,183.4862088297309,188.87962438445808,172457000.0,3.0,1.2531747539672722,195.25230676174087,171.54731176853258,50.64613811099693,48.93685971486262,1.1438985199332574,182.602951558431,185.82974548339843,15.449999809265137,53.73964967835327
4,2026-01-08,PG,138.44839477539062,138.69295139937407,134.8191828343451,134.88765092725356,9297100.0,3.0,-1.3750910539368704,144.60300458667,135.19129320385736,44.323983768380266,-98.0393520840276,16.776485856310806,140.60081990559897,143.00184478759766,15.449999809265137,53.73964967835327
4,2026-01-08,SHW,338.6148986816406,340.2532076810931,323.1750325119067,325.42894595830234,1930800.0,3.0,0.5298949883681416,335.7474344796862,315.74792990019665,53.49766314749015,62.934489039219066,4.560911734712052,328.52752176920575,331.32935536702473,15.449999809265137,53.73964967835327
4,2026-01-08,TRV,281.97015380859375,283.55771795360977,279.5193597975471,280.1841630706179,2347300.0,3.0,0.2900097205851466,295.2240717760645,277.73755236944334,50.72593206982622,-61.29663442965639,3.800683363743994,285.4416982014974,279.26055704752605,15.449999809265137,53.73964967835327
4,2026-01-08,UNH,342.2197265625,343.2556975271264,336.2504730653109,336.4576913463828,5059300.0,3.0,3.5737309565225814,344.1790359235107,315.49054110285647,55.49503185124646,160.81221156292892,16.765755676725284,327.3434763590495,330.25565643310546,15.449999809265137,53.73964967835327
4,2026-01-08,V,350.1275329589844,354.22293562539693,347.4138175407059,352.88098777382146,6357600.0,3.0,4.586118100927422,361.28546716118313,333.67734716987155,55.31045441487675,66.8573898775295,3.1846384633328153,341.1322001139323,338.39681752522785,15.449999809265137,53.73964967835327
4,2026-01-08,VZ,38.62870788574219,38.78105167213453,38.14311320166733,38.247846603680145,28103000.0,3.0,-0.060256780179948066,39.10714545133176,37.83129525301395,49.37079782639191,-27.843911071269417,0.8051898902284678,38.6268014272054,38.43811715443929,15.449999809265137,53.73964967835327
4,2026-01-08,WMT,112.3545150756836,112.75198547093393,109.11514158890155,110.58577977699265,24058300.0,3.0,0.7797564329210189,116.33219948635886,109.26166419161964,56.2948014022197,-30.4216867554379,4.817195616441108,112.33626607259114,107.77942186991373,15.449999809265137,53.73964967835327
5,2026-01-09,AAPL,258.6659240722656,259.5036402038468,255.52448097015204,258.3767027680543,39997000.0,4.0,-3.280164492551364,281.4050141884765,258.2600370810547,43.56839244901922,-210.3816641200965,7.684133798559081,273.0737030029297,269.58616892496747,14.489999771118164,40.450580264288654
5,2026-01-09,AMGN,319.5611877441406,325.42126019281733,317.3955100959624,322.21683960538695,2118400.0,4.0,1.1729879700479273,332.11681747414275,310.4118141176541,52.16587271386638,-24.261727418452814,5.867075696498394,323.0096059163412,314.69874877929686,14.489999771118164,40.450580264288654
5,2026-01-09,AMZN,247.3800048828125,247.86000061035156,242.24000549316406,244.57000732421875,34560000.0,4.0,3.542899698404284,246.44337184906894,216.91262790679045,59.508974270454885,252.04657517667042,14.042491518309241,231.3950002034505,231.1186668395996,14.489999771118164,40.450580264288654
5,2026-01-09,AXP,373.4041442871094,382.62967484726096,371.63459888912604,380.75075966924896,2767700.0,4.0,3.4297479146027854,384.5127823200043,367.58557583429257,55.301137030153036,42.78025637732374,12.665844499350786,371.7683817545573,362.22890014648436,14.489999771118164,40.450580264288654
5,2026-01-09,BA,234.52999877929688,235.13999938964844,228.3000030517578,228.33999633789062,8621600.0,4.0,7.710505182454739,236.65742055563376,197.63358286233498,64.50130585376976,137.9639680593433,31.727181685197646,210.74433441162108,206.09483439127604,14.489999771118164,40.450580264288654
5,2026-01-09,CAT,613.86865234375,615.3893884435275,604.5058851731994,606.265093173736,1822000.0,4.0,9.510805279959868,624.8560820503473,550.6067170219184,60.085422488466456,119.08774572542424,24.154795354529835,587.2943949381511,567.3463002522786,14.489999771118164,40.450580264288654
5,2026-01-09,CRM,258.6239929199219,259.70847088608986,255.21136541678644,258.6836867262742,5174400.0,4.0,3.2303125913484223,268.3987145919828,251.32845825957966,53.376476649553915,26.422744598888308,8.823728307529546,254.62061360677083,249.22351099650066,14.489999771118164,40.450580264288654
5,2026-01-09,CSCO,73.20796203613281,73.65387323348591,72.67287313530622,72.78187314621508,19104100.0,4.0,-0.4167612473875977,78.68360766899549,73.16195736396348,47.93446006118581,-185.3823391859706,4.710301391720865,76.1765037536621,74.14241333007813,14.489999771118164,40.450580264288654
5,2026-01-09,CVX,157.70616149902344,158.2801301462191,155.59511294929922,156.1982654365711,12549600.0,4.0,2.2373050266036785,157.69055809361103,139.1804914059007,58.913378417311165,228.1989481655273,28.09396922732596,147.78972473144532,148.03786010742186,14.489999771118164,40.450580264288654
5,2026-01-09,DIS,114.99882507324219,115.09807071249863,113.03388558658445,113.44076393629469,8935200.0,4.0,1.627574499903659,115.23801704150871,108.77062095897956,56.93938586001928,96.49170509231647,18.673753402422047,109.48179244995117,108.90985272725423,14.489999771118164,40.450580264288654
5,2026-01-09,GS,929.9656982421875,937.056995526318,923.7460181734681,929.757752946327,1334100.0,4.0,26.42541971119681,947.8676612104834,846.4448265824853,63.943759251722135,119.89206955648922,35.07917956105076,875.9935363769531,823.7907633463542,14.489999771118164,40.450580264288654
5,2026-01-09,HD,369.38134765625,370.21939248630673,356.2384385050535,358.3977007876376,7093500.0,4.0,0.5942631885263268,361.6888055066819,331.67616946890405,56.08697796332519,273.34566046519404,3.091312937180239,346.88364664713544,355.16760915120443,14.489999771118164,40.450580264288654
5,2026-01-09,HON,214.59219360351562,215.99949768978703,210.58760380699474,211.7672575328687,5442292.0,4.0,2.5560231760388206,213.08142815834958,197.58458441489262,58.5398397792992,212.91335234090872,20.754337431302865,203.00406799316406,202.6761329650879,14.489999771118164,40.450580264288654
5,2026-01-09,IBM,298.1464538574219,300.8709518340491,295.97077346541636,296.56858087039825,2718800.0,4.0,-0.7383587247610421,305.819093145857,287.04373644398675,53.462197003038526,5.576484353506982,4.258697537858949,297.9151875813802,295.26395009358725,14.489999771118164,40.450580264288654
5,2026-01-09,JNJ,202.14663696289062,204.43128023925763,201.77080297238516,203.6499578336023,6154300.0,4.0,0.8346723735492958,210.26527040593385,200.58324033625365,55.574193064792496,-50.40141628404544,12.385280515724066,204.30533854166666,197.20808003743488,14.489999771118164,40.450580264288654
5,2026-01-09,JPM,326.0450744628906,328.7291759216584,325.0348299492433,326.1936353875406,6738100.0,4.0,5.190347812872346,332.38430220666675,306.36614640173167,58.02031052501025,111.28247667044207,10.979082854070164,315.02094116210935,307.87989603678386,14.489999771118164,40.450580264288654
5,2026-01-09,KO,69.57926177978516,69.72728326780512,68.20761054625903,68.51351610046417,19638600.0,4.0,-0.33171026015278926,70.71745592952415,66.89968426822976,53.12089539860126,-5.785272633602034,0.5234411250746194,69.20729242960611,68.94435221354166,14.489999771118164,40.450580264288654
5,2026-01-09,MCD,303.55401611328125,305.7270385696573,300.8673466003966,305.25293992501133,2972000.0,4.0,-0.9526120170572199,318.45666653372797,295.2643265082642,50.28004466821183,-47.03669624207847,3.3873929173305872,306.09340209960936,302.68597208658855,14.489999771118164,40.450580264288654
5,2026-01-09,MMM,163.6554718017578,164.65578118228646,162.3778335178725,163.90307448022742,2306800.0,4.0,-0.3417588419142703,166.893541381923,156.25966601553796,52.21655626583863,1.9812636838513866,2.8030318666074057,163.49238993326824,163.23375981648763,14.489999771118164,40.450580264288654
5,2026-01-09,MRK,108.9339828491211,110.85583001787157,108.6284615507942,109.26907727371102,11040800.0,4.0,3.3301378267888566,111.13123673656445,94.94163542530079,68.23669768207526,145.4163317421529,40.51157985431421,101.54599685668946,94.4841692606608,14.489999771118164,40.450580264288654
5,2026-01-09,MSFT,476.2585144042969,476.7951186190047,469.2231615927928,471.0714211959582,18491000.0,4.0,-2.8036976230122264,488.74951515735097,468.1884944862037,45.41284179687269,-81.5576518634375,12.326782239927262,479.8779022216797,492.2252009073893,14.489999771118164,40.450580264288654
5,2026-01-09,NKE,64.9045639038086,65.51501610350279,63.40798134929096,64.10704357971909,18470400.0,4.0,0.1512784473140414,69.15516423399296,55.819606502701376,51.81422895916072,54.85996510120115,4.265503851728306,62.936096064249675,63.14326922098795,14.489999771118164,40.450580264288654
5,2026-01-09,NVDA,184.63479614257812,186.1129888751533,183.44624341374129,184.8545293482555,131327500.0,4.0,1.0413493217132554,195.3190452692522,171.58844069266186,50.54048876741513,28.1854263582025,1.0926121876168273,182.83766174316406,185.9103141784668,14.489999771118164,40.450580264288654
5,2026-01-09,PG,138.78099060058594,139.23098136417676,137.76364159491175,138.6146938845888,9528500.0,4.0,-1.2778865570909659,144.50448575719798,135.49034914270436,44.8157531499109,-56.26316413872827,14.971527605491547,140.38495788574218,142.89987818400064,14.489999771118164,40.450580264288654
5,2026-01-09,SHW,350.7781677246094,351.4930700961855,340.31280059948335,341.0674281865529,2432600.0,4.0,2.235237975951634,342.0435802941656,312.1336596960688,58.52895010077679,201.36307162467918,15.50254475585558,328.879345703125,331.64033203125,14.489999771118164,40.450580264288654
5,2026-01-09,TRV,279.7674255371094,283.9744752106331,279.4598385690328,282.41667651407204,1438200.0,4.0,-0.16165994274632567,294.627555551215,278.6922625640194,48.92676944731628,-65.853860850452,4.565109836591995,285.09168395996096,279.3830322265625,14.489999771118164,40.450580264288654
5,2026-01-09,UNH,339.3880310058594,344.40020201938364,337.9080553379447,342.6143671222478,4129100.0,4.0,3.8012527244956686,345.2770651475164,315.93267301166327,54.31584609908199,146.09443348741758,17.561736232922236,327.9972666422526,330.0329004923503,14.489999771118164,40.450580264288654
5,2026-01-09,V,347.68218994140625,352.58278551612295,347.075845630788,350.0579384420253,4902900.0,4.0,4.084136673912667,356.8212884568913,340.5311743116634,53.73361777537835,53.59032527539916,2.7168733338224005,341.6371673583984,338.4312555948893,14.489999771118164,40.450580264288654
5,2026-01-09,VZ,38.52396774291992,38.80961186533554,38.362104072010496,38.628704768643466,32108600.0,4.0,-0.052236815829132865,39.09523077623258,37.89462594373812,48.792003166628795,-16.26223284152596,0.4253802273782384,38.6226754506429,38.43668893178304,14.489999771118164,40.450580264288654
5,2026-01-09,WMT,113.8052749633789,114.72939040539957,111.5496424227033,111.5496424227033,21902900.0,4.0,0.8529926009111932,116.42787242545359,109.3230163990093,58.30011785066749,39.1028244159917,11.449842131836238,112.59288762410482,107.90426190694173,14.489999771118164,40.450580264288654
6,2026-01-12,AAPL,259.5435485839844,260.59068617382866,256.1029014720883,258.4565110528425,45263800.0,0.0,-3.5208952162229252,280.8302926019969,257.06158667046407,44.43729151616466,-177.28041159009263,5.742349933339536,272.49860229492185,269.77152252197266,15.119999885559082,60.10504175405403
6,2026-01-12,AMGN,319.0124206542969,321.88366238024696,316.26854710364955,321.88366238024696,2460600.0,0.0,0.7840712786727408,331.4651684037908,311.8631030805842,51.925307929790876,-38.70329803897632,4.638223406329889,322.3879923502604,315.1940409342448,15.119999885559082,60.10504175405403
6,2026-01-12,AMZN,246.47000122070312,248.94000244140625,245.9600067138672,246.72999572753906,35867800.0,0.0,4.024121206414037,248.64019299736734,216.3348070026327,58.885947642143876,230.65378407090404,15.261797342043323,231.9720001220703,231.63366673787434,15.119999885559082,60.10504175405403
6,2026-01-12,AXP,357.4782409667969,359.91386504710005,353.42221483182294,358.38290047267066,7015900.0,0.0,1.7526250181247747,386.28405870592997,363.3839680274684,48.4871381252744,-154.41145466871535,5.4644239571095,371.6499725341797,362.7203786214193,15.119999885559082,60.10504175405403
6,2026-01-12,BA,239.80999755859375,239.9499969482422,234.0,234.2899932861328,7894000.0,0.0,8.420976896446945,239.49404797716824,198.70695452527315,66.68128842899704,158.6219518726093,36.07180992065507,212.50733439127603,206.5250010172526,15.119999885559082,60.10504175405403
6,2026-01-12,CAT,625.9448852539062,627.147497059322,609.2369892496407,610.9167268545718,1856800.0,0.0,11.206240995085295,625.8985223175789,549.9777533171866,61.838134062074815,151.31417114090118,27.991564010094056,589.1510498046875,568.9572896321614,15.119999885559082,60.10504175405403
6,2026-01-12,CRM,258.0867614746094,260.2358299520341,254.47514895227252,257.68879257799307,4927700.0,0.0,2.8582309534136243,268.3012759232764,251.1744564985986,53.093084602003756,19.80404047660726,7.937541798285739,255.66920115152996,249.6082410176595,15.119999885559082,60.10504175405403
6,2026-01-12,CSCO,73.33677673339844,73.3764137841549,72.13778429799426,72.24678429757594,20985700.0,0.0,-0.5141003023214097,78.46905812151068,72.89710017316706,48.28533476090379,-183.48639339348657,7.801819755499293,76.12183532714843,74.22267697652181,15.119999885559082,60.10504175405403
6,2026-01-12,CVX,157.9298858642578,159.11674466607073,156.34417635896654,158.28010673764967,9796800.0,0.0,2.56710574619089,159.12982196523288,138.8716596631851,59.08839610055009,203.16418701435836,29.51776666356284,148.20577290852864,148.2309684753418,15.119999885559082,60.10504175405403
6,2026-01-12,DIS,111.96209716796875,114.06597905195413,111.69415362544264,113.75833119630794,10833800.0,0.0,1.4477850854957808,115.18325338257074,109.03468713866948,52.41562054036382,58.81245962682305,12.750198858419095,109.8154057820638,108.94062932332356,15.119999885559082,60.10504175405403
6,2026-01-12,GS,940.4342651367188,941.4345787630969,920.1904876394906,925.0335579270275,2179600.0,0.0,26.79509718227598,953.3325744388586,844.7949341060634,65.09223054702865,122.75393998208713,36.07554696484592,880.5350280761719,826.8512359619141,15.119999885559082,60.10504175405403
6,2026-01-12,HD,369.6771240234375,371.1363607050033,364.06698980321886,369.3813470355869,5859800.0,0.0,2.233080771703385,365.61061628765276,329.4778236537535,56.194516882038236,265.47782972413336,3.9342523595399976,347.59861246744794,354.9890721638997,15.119999885559082,60.10504175405403
6,2026-01-12,HON,215.85464477539062,215.9684624325297,211.75692306871693,214.30246400377948,5264846.0,0.0,3.024503864661426,214.8230922965246,197.3692187996668,59.3677974817526,203.8924938946638,20.75433743130287,203.6459757486979,203.00172017415363,15.119999885559082,60.10504175405403
6,2026-01-12,IBM,305.9475402832031,306.094539657806,293.971502729718,296.57840130316976,3895200.0,0.0,0.18750088747304972,306.16338783883964,286.8405672392854,56.9986606001692,73.01900221393171,9.344103038178126,298.2082183837891,295.8024703979492,15.119999885559082,60.10504175405403
6,2026-01-12,JNJ,207.41812133789062,207.59613841994204,201.6125550953637,203.29389293263304,11794300.0,0.0,1.0524152473139168,210.22410697764911,200.59572181873762,60.46311008459892,40.92725548852495,19.132275528076327,204.37654825846354,197.53373438517252,15.119999885559082,60.10504175405403
6,2026-01-12,JPM,321.3899841308594,322.90536610933975,318.16114900395775,318.8049332018166,12805100.0,0.0,4.682209005721916,332.4711115719379,307.12470446810113,55.36442101661129,51.86455904213896,2.4105453893080377,315.6228505452474,308.21289621988933,15.119999885559082,60.10504175405403
6,2026-01-12,KO,69.56939697265625,70.03319415706375,69.31282687578879,69.96411846121707,20582500.0,0.0,-0.21713997702322274,70.7921868576514,66.96211917262202,53.08649922934847,46.55635366208635,3.0061240556012185,69.14572677612304,69.00829480489095,15.119999885559082,60.10504175405403
6,2026-01-12,MCD,302.9909973144531,303.7120625362887,300.44262663934745,303.67254426757813,3206600.0,0.0,-0.9179280682800481,318.4337416029159,294.9948777818497,49.9020415395361,-60.113971684102566,2.651846111874324,305.96873067220054,302.7406402587891,15.119999885559082,60.10504175405403
6,2026-01-12,MMM,166.32958984375,166.65642721667527,161.54590393315712,162.72449518666875,3247700.0,0.0,0.02858819996978923,166.7272748738447,156.36056387127252,54.768987114698916,33.69921609536289,7.582397482169063,163.3979705810547,163.48345286051432,15.119999885559082,60.10504175405403
6,2026-01-12,MRK,107.61333465576172,109.85055329259478,107.2092513119195,109.36763083710042,10671900.0,0.0,3.2353587674521123,111.35011844352027,95.80874920174341,65.68008904897526,112.97009298605344,34.386794206579005,101.72493209838868,94.90784187316895,15.119999885559082,60.10504175405403
6,2026-01-12,MSFT,474.1717529296875,477.95773148860775,472.68120923483104,473.6649886945649,23519900.0,0.0,-2.8769631970089904,488.56620469339356,467.7467683290674,44.64551401076721,-64.55186892027797,11.200722806385818,479.60231628417966,491.64072774251304,15.119999885559082,60.10504175405403
6,2026-01-12,NKE,64.6288833618164,65.31809758397111,63.25044740563536,64.24489150777713,13901100.0,0.0,0.28534405132777607,68.83767543031885,55.93033108518408,51.38858669629111,45.8352883547404,3.692996502555291,62.992483647664386,63.10412000020345,15.119999885559082,60.10504175405403
6,2026-01-12,NVDA,184.71470642089844,186.89204340473577,182.79704721562317,182.99680052530172,137968500.0,0.0,0.8698966055772246,195.45933430171766,171.8486643555089,50.587884662219196,27.202563156248782,2.0937164131473756,182.99380645751953,185.99554367065429,15.119999885559082,60.10504175405403
6,2026-01-12,PG,140.3363800048828,140.7472333429565,138.6244836329666,139.18206497515524,12812000.0,0.0,-1.0630897303636289,144.50538301767983,135.75357541737878,47.07717682970016,-12.697828968068718,10.014188448742276,140.22876790364583,142.85200627644858,15.119999885559082,60.10504175405403
6,2026-01-12,SHW,355.0973815917969,355.97115455661594,346.7667823901073,350.09306480330906,1728300.0,0.0,3.890412784962791,348.000849734281,308.9893327608362,60.11420890017656,232.14448571758095,19.31498704238923,329.35065205891925,332.0652313232422,15.119999885559082,60.10504175405403
6,2026-01-12,TRV,278.308837890625,280.4818103875619,276.7213040695301,279.1026350814391,1661800.0,0.0,-0.6300444776373411,294.942458214143,278.1402139049976,47.76623964028216,-98.29622826824115,0.7936173580468523,284.66603698730466,279.583159383138,15.119999885559082,60.10504175405403
6,2026-01-12,UNH,335.9643859863281,338.0758024907637,329.48208469325857,336.86224159355777,7146400.0,0.0,3.6630801169393976,345.64445567925543,315.93823780218986,52.909705056450804,69.53005029898318,9.580684531732368,328.4248819986979,329.7331563313802,15.119999885559082,60.10504175405403
6,2026-01-12,V,341.15142822265625,344.4416681829234,335.306521484956,340.73392188335623,13281300.0,0.0,3.123331069212668,357.0821949725765,340.02872116511884,49.81036318267064,-11.872798615090424,11.702756658636346,341.94896240234374,338.40132497151694,15.119999885559082,60.10504175405403
6,2026-01-12,VZ,38.59177780151367,38.804886189890155,38.272115218948954,38.57240397573586,31259300.0,0.0,-0.03994872722396536,39.10391338910388,37.915575517756466,49.19093599786867,-16.346126508468863,1.633420794637051,38.61160558064778,38.43908856709798,15.119999885559082,60.10504175405403
6,2026-01-12,WMT,117.2235107421875,118.08800070497459,115.67338453488601,116.75648359482942,49182100.0,0.0,1.173330428832287,117.00017831469026,109.01751272534881,62.49455658843743,187.25167299953048,21.109075527571008,112.89403483072917,108.05599250793458,15.119999885559082,60.10504175405403
7,2026-01-13,AAPL,260.34136962890625,261.0993163539261,257.68861696081353,258.01770778709204,45730800.0,1.0,-3.605733902510565,279.8436294332413,256.32992708531344,45.2303529870739,-147.78429511622235,4.82739138276933,271.90687967936196,270.00155715942384,15.979999542236328,93.93911669492778
7,2026-01-13,AMGN,317.7972412109375,321.1780750154658,313.3776944428295,320.85470521512644,2382200.0,1.0,0.37349179247081565,330.72961926181966,313.2414989022429,51.38251207776754,-53.182582097750284,1.5114713205773833,321.6968007405599,315.69356740315754,15.979999542236328,93.93911669492778
7,2026-01-13,AMZN,242.60000610351562,247.66000366210938,240.25,246.52999877929688,38371800.0,1.0,4.046570114094294,249.77781292452534,216.8381874416856,56.293140832606106,152.6774827806846,6.963308028940069,232.2846669514974,232.10250015258788,15.979999542236328,93.93911669492778
7,2026-01-13,AXP,355.8975830078125,358.17414308101064,353.859634123139,357.4881927984241,3775000.0,1.0,0.2925745353455227,387.66327127332335,359.6474770176923,47.88139033920244,-155.96249466301364,5.464423957109492,371.43589172363284,363.31016438802084,15.979999542236328,93.93911669492778
7,2026-01-13,BA,244.5500030517578,247.39999389648438,240.10000610351562,241.1199951171875,11460500.0,1.0,9.259768826847676,243.2369175322873,198.98108478704864,68.47895652352962,181.34776415045516,41.986949382954606,214.35900115966797,207.0693344116211,15.979999542236328,93.93911669492778
7,2026-01-13,CAT,632.663818359375,640.674860410321,629.1552300586026,629.354027414257,1959100.0,1.0,12.942850637912215,632.7325059586539,546.9842970198619,62.778854851453715,191.49207293667294,32.08068293148885,591.1644124348958,570.5661193847657,15.979999542236328,93.93911669492778
7,2026-01-13,CRM,239.839599609375,259.5891124457121,239.1431464877683,256.35556599825145,13661000.0,1.0,1.0785275161705954,271.03806426037005,246.37342865955188,44.7457681100352,-99.65672158861697,8.17231818481395,256.0304143269857,249.53289820353191,15.979999542236328,93.93911669492778
7,2026-01-13,CSCO,74.78350067138672,74.81322657168356,73.18814516883334,73.3169599234513,17809900.0,1.0,-0.4690962243551411,78.36016622159997,72.81614450838049,52.040426061567516,-101.36597441556272,1.1101771384569474,76.08680750528971,74.3341163635254,15.979999542236328,93.93911669492778
7,2026-01-13,CVX,159.4183349609375,161.616949744405,158.86382718819505,159.02920722021548,12068600.0,1.0,2.9149785370990173,160.6996164458051,138.65215815136284,60.25365559198526,205.39940445204223,33.58344245857537,148.61890309651693,148.4552983601888,15.979999542236328,93.93911669492778
7,2026-01-13,DIS,112.12088012695312,112.35905299750453,110.76129516360488,111.9819377501375,8945700.0,1.0,1.3030919047191674,115.12569365630738,109.30362763275512,52.61923593743892,38.635806127682095,8.837056956937493,110.1201400756836,109.00411694844564,15.979999542236328,93.93911669492778
7,2026-01-13,GS,929.1437377929688,940.8205314482959,922.0623539668134,938.2256884137788,1969600.0,1.0,25.878704447782184,956.5807177745171,846.5176098622017,62.85838486011315,109.99747753240538,36.07554696484591,884.3706807454427,829.8851572672526,15.979999542236328,93.93911669492778
7,2026-01-13,HD,374.40972900390625,374.8435553037023,365.61495239360033,370.5940554895674,4785800.0,1.0,3.8691361897660954,370.0689433092501,327.00029497199995,57.90100817996073,257.4306320246568,7.306333928373676,348.4239817301432,354.9042694091797,15.979999542236328,93.93911669492778
7,2026-01-13,HON,217.59304809570312,218.5553944051666,215.5648958338007,216.5479280497613,3929564.0,1.0,3.495755907058367,216.65298406190584,197.25912836485196,60.49169014374992,219.2278617463663,25.158289533810645,204.2699462890625,203.34545491536457,15.979999542236328,93.93911669492778
7,2026-01-13,IBM,297.10760498046875,306.56494282196104,295.84335064428905,305.37910808478455,4507800.0,1.0,0.2055726861566427,305.36782820336305,287.04026505835566,52.33651956400854,32.65731005006978,9.790481480417894,298.031157430013,296.27130635579425,15.979999542236328,93.93911669492778
7,2026-01-13,JNJ,211.3049774169922,212.0368606301377,206.56755896593322,207.6060372129626,11379600.0,1.0,1.5210807729859255,210.7402360748535,200.2843198943848,63.5248169915725,167.32814889709059,27.262697984693357,204.59841868082682,197.90860926310222,15.979999542236328,93.93911669492778
7,2026-01-13,JPM,307.9298095703125,323.73732718365267,307.6029755260753,321.20178657189985,19371200.0,1.0,3.156989929697545,333.01680339962434,305.9659572204929,48.69672833162007,-27.06046321580781,8.780621175620478,315.5972941080729,308.4390579223633,15.979999542236328,93.93911669492778
7,2026-01-13,KO,70.29962921142578,70.29962921142578,69.34243201610218,69.49045352040655,18324800.0,1.0,-0.06665026062928803,70.90800035479812,66.9173559379265,55.3027609668403,93.40203516035994,5.139203139129926,69.10066274007161,69.07607866923014,15.979999542236328,93.93911669492778
7,2026-01-13,MCD,305.6480407714844,305.8653460375932,301.460008526777,301.4896396929006,2967900.0,1.0,-0.668335432998731,317.71889509251525,294.9906447024066,51.67567768334125,-26.62792609312958,6.1535729864838045,305.9516092936198,302.8382843017578,15.979999542236328,93.93911669492778
7,2026-01-13,MMM,167.79539489746094,168.7659932440402,166.18102046733273,166.3890133835487,2827900.0,1.0,0.4353506649901533,166.87666630738758,156.26267542845224,56.098744398242076,98.08927645682681,12.287048191569786,163.31114451090494,163.79143447875975,15.979999542236328,93.93911669492778
7,2026-01-13,MRK,106.69676208496094,107.73159590686699,105.67177845238601,107.47535563814463,9338600.0,1.0,3.0511145840622618,111.43751302894599,96.58963311973567,63.95958824053777,80.77696591613706,28.12777834371587,101.8667999267578,95.31933275858562,15.979999542236328,93.93911669492778
7,2026-01-13,MSFT,467.70281982421875,472.7805908527595,463.01257439213845,471.68751939768345,28545800.0,1.0,-3.41761934234853,489.1350173332762,466.396913208716,42.35070775732047,-155.2630632104141,18.251112697963112,478.8954671223958,490.97852528889973,15.979999542236328,93.93911669492778
7,2026-01-13,NKE,65.27871704101562,66.04670071013113,64.83564433907658,65.22948423684309,13685200.0,1.0,0.43896800550454884,68.64720139988601,56.00560736171065,52.34322684497317,72.62285012250557,6.158333390252543,63.0607489267985,63.102216720581055,15.979999542236328,93.93911669492778
7,2026-01-13,NVDA,185.58364868164062,187.88084992986475,183.17658082293008,184.7746378408776,160128900.0,1.0,0.7949715341842705,195.25849922155967,173.12718498254188,51.114846809521886,36.05156634458204,3.3778026633760136,183.28744354248047,186.06229756673176,15.979999542236328,93.93911669492778
7,2026-01-13,PG,141.09939575195312,141.1972094460348,139.85704391735666,140.86461601836388,15549200.0,1.0,-0.8218192825304698,144.59036050838168,135.80555013614955,48.155349668975205,18.501376135741808,8.576922342556882,140.10094655354817,142.78155568440755,15.979999542236328,93.93911669492778
7,2026-01-13,SHW,353.4689636230469,356.4576572985355,351.20511118986667,354.4718207676244,1862700.0,1.0,5.012964688704187,352.2800164526856,307.42083193598626,59.231149861966145,221.3592724840424,19.722059891661928,329.75774841308595,332.4839584350586,15.979999542236328,93.93911669492778
7,2026-01-13,TRV,269.0910949707031,278.88433860600196,268.5056563075256,278.88433860600196,2012400.0,1.0,-1.7251509475584044,297.2482252697572,274.43441938356307,41.353580017666644,-177.3194796269684,14.406834986669367,283.9878194173177,279.759455871582,15.979999542236328,93.93911669492778
7,2026-01-13,UNH,329.47216796875,337.27657641470313,328.4065987621919,336.9411188846722,5605900.0,1.0,2.9951829886261976,344.9436737876611,315.8585784096045,50.3525815698844,34.693555025645814,8.607129475457317,328.6341298421224,329.3983856201172,15.979999542236328,93.93911669492778
7,2026-01-13,V,325.9228820800781,335.5053249382782,321.8970384159538,334.98843975021526,20383500.0,1.0,1.120156831145664,360.78328365608087,334.3445453234113,42.351289310325306,-102.00209413731169,24.23836544897804,341.7316009521484,338.28772430419923,15.979999542236328,93.93911669492778
7,2026-01-13,VZ,37.78778076171875,38.669269513494086,37.584361133273546,38.59177790535377,37255500.0,1.0,-0.09400256722094724,39.09368857907554,37.81123886538247,44.900542127576315,-129.91040687904373,10.242764551371685,38.5664358774821,38.42840569814046,15.979999542236328,93.93911669492778
7,2026-01-13,WMT,119.598388671875,119.74744102068244,116.98503346977147,117.14401708234668,31222100.0,1.0,1.6003850242574202,117.99667986772099,108.38469678022824,65.02316766452896,239.51621557758003,25.275301027372226,113.22773691813151,108.28961461385092,15.979999542236328,93.93911669492778
8,2026-01-14,AAPL,259.2543029785156,261.1092696408236,256.0131254420647,258.78557762508564,40019400.0,2.0,-3.7178295416273954,279.4925148535658,255.2698844384264,44.33832865119035,-141.74075082116144,7.55327529422644,271.13763936360675,270.1331044514974,16.75,20.907515001690847
8,2026-01-14,AMGN,322.3736267089844,322.5990256072741,317.0622932164879,317.59147372666916,1897400.0,2.0,0.412624180134344,330.77889326763477,313.5508857850996,53.2849887516485,-10.421248157841012,2.985533713235393,321.418495686849,316.22071634928386,16.75,20.907515001690847
8,2026-01-14,AMZN,236.64999389648438,241.27999877929688,236.22000122070312,241.14999389648438,41410600.0,2.0,3.54339868206813,249.73291040303124,218.29409002421485,52.60889685810416,73.48159600608753,1.621470451064499,232.3769999186198,232.49600016276042,16.75,20.907515001690847
8,2026-01-14,AXP,356.15606689453125,356.285308301547,348.66033833284405,354.3467478730277,3583400.0,2.0,-0.8340540460720263,388.23146398685753,356.74685937740026,47.99130612300053,-171.34352599748507,9.89426974830425,371.39442545572916,363.51575520833336,16.75,20.907515001690847
8,2026-01-14,BA,242.61000061035156,244.88999938964844,239.60000610351562,244.44000244140625,7748600.0,2.0,9.656659531102491,245.79387606753693,200.1351263128342,66.94957505118187,161.2099897852114,41.080638567649515,216.2306676228841,207.5638343811035,16.75,20.907515001690847
8,2026-01-14,CAT,634.870361328125,635.844389593158,619.2856057653921,630.2485802245001,2105700.0,2.0,14.33196588677481,639.5891341779018,544.9969131853795,63.087979959979776,157.55793630427362,26.6523037211219,593.506435139974,572.440995279948,16.75,20.907515001690847
8,2026-01-14,CRM,238.35714721679688,241.01362810825754,235.26289146414467,237.9691070776633,10149300.0,2.0,-0.44637625106213363,273.14187125423274,242.81703987857983,44.16223082093971,-193.84836099001373,11.625587339787714,256.2663874308268,249.48119049072267,16.75,20.907515001690847
8,2026-01-14,CSCO,73.73313903808594,74.42676852029035,73.1485019945185,74.24840557343859,17801300.0,2.0,-0.5122803251935295,78.20955329341199,72.6275202234337,49.34912267160209,-120.8153309734057,0.8721580755010896,76.04633661905925,74.41096547444661,16.75,20.907515001690847
8,2026-01-14,CVX,162.69679260253906,164.7689192990397,159.64209388997168,159.64209388997168,16414900.0,2.0,3.4158387003929818,162.80870424505807,138.23969358209038,62.67593337565641,205.10886392617152,38.230288641868036,149.09559224446613,148.71230138142903,16.75,20.907515001690847
8,2026-01-14,DIS,112.66669464111328,112.72623596663055,111.4063552989297,111.9521684493894,8950900.0,2.0,1.218419010314733,115.0181237310064,109.71288594306586,53.32939250125482,47.93346279315965,10.107403575290913,110.36749598185222,109.06372273763021,16.75,20.907515001690847
8,2026-01-14,GS,923.71630859375,929.1437414496185,909.0881423719485,923.3498654465398,2513000.0,2.0,24.43286160631476,958.6760409097699,848.6889249105427,61.803654689833735,82.52294246784437,29.75918932046831,888.5240885416666,832.9488535563152,16.75,20.907515001690847
8,2026-01-14,HD,370.6729736328125,374.75484669771674,368.7207551561611,371.402576962321,4959900.0,2.0,4.808764522579622,373.14907821771413,325.7895509326765,56.11544316356413,216.9161761962977,7.306333928373679,349.1114054361979,354.68355255126954,16.75,20.907515001690847
8,2026-01-14,HON,220.44903564453125,222.032245144953,218.3173937013426,221.28720626565126,4215519.0,2.0,4.052960862608529,219.08313747754994,196.44219363817274,62.26555863644453,229.7849156899571,30.52628228953256,205.05706685384115,203.74018224080405,16.75,20.907515001690847
8,2026-01-14,IBM,302.8604736328125,303.0172829557936,295.4808049735861,297.4408766483694,3779000.0,2.0,0.6763070911679847,305.4396727192631,287.00468458054155,54.824149222161324,43.111006958747346,9.36115666304914,298.1409210205078,296.74976603190106,16.75,20.907515001690847
8,2026-01-14,JNJ,216.15121459960938,216.45780964823578,211.7994996150229,212.37313538945378,11858800.0,2.0,2.257529028202839,212.2548568307432,199.20289158234274,66.83720843365896,264.9089039697509,34.087511013006115,205.03391927083334,198.3462366739909,16.75,20.907515001690847
8,2026-01-14,JPM,304.9287414550781,308.78159262538577,303.19546018048277,305.2556057077196,25951500.0,2.0,1.686639180831321,333.8977257678323,304.0239752819724,47.38061312778555,-102.324633294179,12.891362942840015,315.6084259033203,308.63130645751954,16.75,20.907515001690847
8,2026-01-14,KO,70.49699401855469,70.76342670445631,69.8753052036401,70.23055380396659,16739100.0,2.0,0.06775853609566695,70.99576036947687,66.87597653848212,55.88545024453971,145.7842405204163,8.752822243424047,69.08388748168946,69.13326975504557,16.75,20.907515001690847
8,2026-01-14,MCD,304.3540954589844,307.36670786666923,302.18104280374433,305.64803994891133,2949000.0,2.0,-0.5683899980006686,316.4957304145157,295.1668001030624,50.77016692540454,-23.712643689917734,8.526888166457901,306.10174662272135,302.8691970825195,16.75,20.907515001690847
8,2026-01-14,MMM,168.3599395751953,169.2116934790402,166.51777485815722,167.77558570993438,3121900.0,2.0,0.7941128478881865,167.80883505922773,155.75539528745193,56.60702189375472,110.4348148605916,13.25221873747337,163.2949681599935,164.08860880533854,16.75,20.907515001690847
8,2026-01-14,MRK,109.40705871582031,109.62388320017156,106.39123887228854,107.39651465987542,11964600.0,2.0,3.0881991906024524,111.91637053544515,97.17025361006266,66.6332603536977,101.64622078962671,32.15119083336773,102.19673182169596,95.76182581583659,16.75,20.907515001690847
8,2026-01-14,MSFT,456.4839782714844,465.2483824443871,454.2879190598576,463.51933114332076,28184300.0,2.0,-4.697213433731861,491.6515874507934,462.34607795448005,38.77502564419989,-247.4498369022913,23.891914962218465,477.9892161051432,490.0967758178711,16.75,20.907515001690847
8,2026-01-14,NKE,64.5599594116211,66.09592676763421,64.0381247335844,65.26886973343372,15939100.0,2.0,0.4969893780217731,68.28880673454162,56.146406354447635,51.19291701064955,56.155153838243216,3.167883568916384,63.0666566212972,63.0796922047933,16.75,20.907515001690847
8,2026-01-14,NVDA,182.91690063476562,184.2352999433054,180.57975484984624,184.0954710990846,159586100.0,2.0,0.5144780125822592,194.94770698191144,174.1221447026589,49.4408813197145,-16.506344531069487,0.1790043908880649,183.39497934977214,186.06113560994467,16.75,20.907515001690847
8,2026-01-14,PG,143.1634521484375,143.70146477431476,141.22655295969358,141.52980078200304,13475000.0,2.0,-0.4587701959612218,144.78184421185412,135.73340999957165,50.95163347299597,90.13840678400486,0.9816498464411563,140.0654042561849,142.71636301676432,16.75,20.907515001690847
8,2026-01-14,SHW,351.8406066894531,356.27895271543105,350.4405882462024,353.5087021659579,1921700.0,2.0,5.705431699055794,355.5289889912233,306.74352077440176,58.34456564963668,194.13314823154298,18.748114795154418,330.1833811442057,332.88743286132814,16.75,20.907515001690847
8,2026-01-14,TRV,270.6191101074219,271.32361080873756,266.7494433351087,269.62688630527657,1819200.0,2.0,-2.441587561831682,298.1577877787598,271.7537356587402,42.67335527111669,-192.11509700512315,16.92762363145315,283.4382822672526,279.95397135416664,16.75,20.907515001690847
8,2026-01-14,UNH,330.4884338378906,335.56967774923123,329.639928884428,330.8929641448377,5740900.0,2.0,2.518838265250963,344.35130714310543,315.8451406108008,50.7381175066547,32.72232496162542,8.607129475457324,329.0915598551432,329.0816965738932,16.75,20.907515001690847
8,2026-01-14,V,327.2051696777344,327.9307928311059,322.0063770709054,326.69820420368984,9388400.0,2.0,-0.35975624594448163,362.7193710571228,330.6470351928771,43.09358456638688,-114.26805923513734,24.238365448978048,341.69117635091146,338.0881866455078,16.75,20.907515001690847
8,2026-01-14,VZ,38.58209228515625,38.601462415528175,37.87496058566117,37.89433441121248,25714700.0,2.0,-0.07191730532360907,39.05649852810892,37.82186832369773,49.41011528803347,-50.435553832421085,10.242764551371684,38.55948651631673,38.42794621785482,16.75,20.907515001690847
8,2026-01-14,WMT,119.28041076660156,120.4728143638468,118.27679973056455,119.4294631115365,32764000.0,2.0,1.891368193195376,118.74407268579253,107.96024784033051,64.42158124811624,230.86170214936627,27.01812668767525,113.51712366739909,108.49711265563965,16.75,20.907515001690847
9,2026-01-15,AAPL,257.5090637207031,260.3313985459844,256.35220896361545,259.9424426175537,39388600.0,3.0,-3.9025066977794154,279.0348604026534,254.09199201433876,42.93211575867246,-134.4199907126779,7.553275294226444,270.20750427246094,270.0703409830729,15.84000015258789,44.698325314058245
9,2026-01-15,AMGN,323.412353515625,325.8328271420491,318.66940707913756,322.3736106546317,2591900.0,3.0,0.5214425860398251,330.9049472635791,313.74723169149905,53.71030613181059,20.69185574037115,6.2875936276815745,321.1463979085286,316.691877746582,15.84000015258789,44.698325314058245
9,2026-01-15,AMZN,238.17999267578125,240.64999389648438,236.6300048828125,239.30999755859375,43003600.0,3.0,3.2308466230505815,249.64606053489845,219.94293940406638,53.41983992014093,75.89137280720232,1.6214704510645117,232.50233306884766,232.85766677856446,15.84000015258789,44.698325314058245
9,2026-01-15,AXP,355.2712707519531,358.9793765278647,353.640917744862,356.2653980586831,2868300.0,3.0,-1.7778173956381238,388.6688817475152,354.06906991264105,47.635567040410564,-147.42582944068872,7.201607071716072,371.3105702718099,363.6593175252279,15.84000015258789,44.698325314058245
9,2026-01-15,BA,247.74000549316406,248.75,243.97000122070312,244.3800048828125,6517200.0,3.0,10.26679754325184,249.03814302026652,200.99385923803428,68.85249580414752,170.15893964920392,43.938455583995705,217.64266764322917,208.07916768391928,15.84000015258789,44.698325314058245
9,2026-01-15,CAT,643.2491455078125,648.397675901431,640.1282027061995,641.0227605445657,2052800.0,3.0,15.925369838117717,647.5150287511883,542.8606365320147,64.25415044707367,190.7547179610515,30.415225307198302,595.6503356933594,574.3625864664714,15.84000015258789,44.698325314058245
9,2026-01-15,CRM,232.34771728515625,237.63083216537777,230.49713321363143,235.82005408936993,11489600.0,3.0,-2.1153992398675427,275.8794414250217,237.99316599685332,41.87231561027383,-246.11280908090504,15.655614584606791,256.2397969563802,249.14390309651694,15.84000015258789,44.698325314058245
9,2026-01-15,CSCO,74.56549835205078,75.358224282117,74.22859474576923,74.53577245267239,18213000.0,3.0,-0.4738770364151037,78.09782897263325,72.55223740309917,51.40914353806794,-67.56928917190763,6.237099348247904,76.00634180704752,74.49314511617025,15.84000015258789,44.698325314058245
9,2026-01-15,CVX,161.6461181640625,162.78433228359071,160.6149163896662,161.2667134575531,8097400.0,3.0,3.685509087364295,164.13787801509534,138.79879190677968,61.43467507229189,167.19119165170636,38.23028864186802,149.61151835123698,148.92934443155926,15.84000015258789,44.698325314058245
9,2026-01-15,DIS,112.54761505126953,113.24228910579605,111.31703876699491,112.8453292583326,7958500.0,3.0,1.128695504565158,114.99893664724475,109.90971203439587,53.149601659239934,47.8796788267024,11.892460715438302,110.67462590535482,109.10015068054199,15.84000015258789,44.698325314058245
9,2026-01-15,GS,966.4916381835938,971.8398218580155,915.7930645553358,916.0208976392803,3773700.0,3.0,26.433918588328538,967.8800303241403,849.0630910137504,66.40025355979321,150.45125655930835,39.34413607661269,893.8276774088541,836.5193359375,15.84000015258789,44.698325314058245
9,2026-01-15,HD,373.8379211425781,374.84359307204454,369.20388069566667,370.74198133565903,2990100.0,3.0,5.742614276730137,376.8119246316128,324.73753825901224,57.27000574489269,196.15219890168908,7.389613972784676,350.0120869954427,354.56472930908205,15.84000015258789,44.698325314058245
9,2026-01-15,HON,222.49789428710938,223.0463267434043,219.21765755773794,220.82155300351937,5310423.0,3.0,4.606771578614371,221.64005255954027,195.61956505520584,63.482346245015655,213.78902458644606,31.99791873063042,205.81141967773436,204.11945241292318,15.84000015258789,44.698325314058245
9,2026-01-15,IBM,292.00164794921875,305.6535380334598,291.1098118757531,302.8310304401435,4932500.0,3.0,0.17117778596235667,305.3607517236431,286.5710445410054,49.75369386220373,-35.13101122484544,4.2755312411416035,298.01580301920575,297.0087463378906,15.84000015258789,44.698325314058245
9,2026-01-15,JNJ,217.16001892089844,217.33803600690493,213.5401872590057,215.83471521828713,8492100.0,3.0,2.88926599420833,214.52350525034066,197.94997039663198,67.47328572980098,246.97716326097122,35.337166839931896,205.5004089355469,198.79248809814453,15.84000015258789,44.698325314058245
9,2026-01-15,JPM,306.30548095703125,309.95031666446005,304.8098971346673,305.5230197927318,14751400.0,3.0,0.6252593899285444,334.3297492986576,303.1093070978268,48.04696590973319,-90.55480819590757,11.512885889144622,315.6996317545573,308.7676208496094,15.84000015258789,44.698325314058245
9,2026-01-15,KO,69.5496597290039,70.65487079013353,69.441111138545,70.64500068317753,15464100.0,3.0,0.09672156984939306,71.00735595724842,66.87523605324964,52.48785269634348,90.50666350973906,4.883443122504692,69.0776377360026,69.17467193603515,15.84000015258789,44.698325314058245
9,2026-01-15,MCD,304.83807373046875,305.1442724866024,300.0771322123287,305.1442724866024,3189200.0,3.0,-0.4449998378353257,315.9669408799164,295.1147943495758,51.10170571140661,-50.56027605198661,4.688901309440174,306.3618520100911,302.9134124755859,15.84000015258789,44.698325314058245
9,2026-01-15,MMM,169.4593048095703,171.4005016392729,168.3005108001664,168.86505224641294,2909200.0,3.0,1.1538432623266033,169.10734997928895,155.23930834590638,57.59602453793997,148.2374077493547,17.844866440285678,163.2797826131185,164.36893208821616,15.84000015258789,44.698325314058245
9,2026-01-15,MRK,109.36763000488281,109.96882240212355,106.88401378563911,109.02268539644022,11775800.0,3.0,3.0789156183229522,111.88892916003155,98.44935666760517,66.55895093213486,98.57853569689875,32.85994224774134,102.55140838623046,96.17874298095703,15.84000015258789,44.698325314058245
9,2026-01-15,MSFT,453.7811279296875,461.32327541703046,453.02590941718984,461.1940901109254,23225800.0,3.0,-5.861826912266963,493.94610087181985,458.0909993479067,37.97592076268369,-250.5718295172026,24.669712035079105,476.8848887125651,489.116916402181,15.84000015258789,44.698325314058245
9,2026-01-15,NKE,63.59505081176758,64.74703381864438,63.220907043233694,64.74703381864438,13295300.0,3.0,0.45981125589712946,67.92769698302149,56.25841294129493,49.676792552416074,24.698296950971024,0.17652791716937494,63.055497614542645,63.03700923919678,15.84000015258789,44.698325314058245
9,2026-01-15,NVDA,186.82212829589844,189.46889382188115,186.10300422087673,186.2727952885624,206188600.0,3.0,0.6003832662028685,194.91068223341884,175.09103285447176,51.83066041000767,64.12738905657625,6.5260749141914705,183.5814214070638,186.13471501668295,15.84000015258789,44.698325314058245
9,2026-01-15,PG,141.48089599609375,143.16344668131725,141.20699378469,142.5080218255822,10102800.0,3.0,-0.3033228816456699,144.71313373467027,135.74538219550553,48.73502125978992,63.649252847285844,1.0375832578337552,140.02529703776042,142.6140609741211,15.84000015258789,44.698325314058245
9,2026-01-15,SHW,353.6080017089844,355.8718542380949,351.3937829746656,353.2604742410564,1711100.0,3.0,6.323932444347463,358.7395315401977,306.3389657742554,59.03307598191769,179.2543562990224,18.748114795154407,330.80031534830727,333.312109375,15.84000015258789,44.698325314058245
9,2026-01-15,TRV,269.2300109863281,273.466795848781,268.2080216504077,270.7580441663391,1775700.0,3.0,-3.085885265730383,298.93837048941504,269.16035997933494,41.78895508854534,-163.5404907047044,12.736154147964566,282.907671101888,280.07196655273435,15.84000015258789,44.698325314058245
9,2026-01-15,UNH,334.4350280761719,334.91850727155963,323.6805441940115,330.7252428593728,6943500.0,3.0,2.431757030728704,344.7153439126547,315.95074495453275,52.22842587834749,18.321654911310866,3.171742442991405,329.63709411621096,328.7020690917969,15.84000015258789,44.698325314058245
9,2026-01-15,V,325.79364013671875,329.71012446176314,324.42187258773953,327.3641956721743,8587700.0,3.0,-1.6277331643617572,364.3437033448865,327.2970650877307,42.470845968277516,-106.69633889222649,21.783220617066572,341.62921549479165,337.8234568277995,15.84000015258789,44.698325314058245
9,2026-01-15,VZ,38.12681579589844,38.611150338640684,38.01057654029051,38.58209144853353,26483000.0,3.0,-0.09011281944371774,39.01332411901382,37.79771523340318,47.12329830389584,-68.95200074226172,10.097505241544972,38.541487248738605,38.41593151092529,15.84000015258789,44.698325314058245
9,2026-01-15,WMT,118.44572448730469,120.10516284088327,117.97870491639725,119.22079517981746,34559400.0,3.0,2.0312077455168662,119.37173903028196,107.70819032152468,62.84275370841746,186.32072190257742,25.771068812972835,113.74959920247396,108.70193773905436,15.84000015258789,44.698325314058245
10,2026-01-16,AAPL,254.8363494873047,258.1971965798445,254.23797213114116,257.1999111311508,72142800.0,4.0,-4.215931739619464,279.0680811620345,252.43220112556315,40.878192326810925,-141.66562276771722,10.995698751931128,269.25609385172527,269.95423151652017,15.859999656677246,38.16225097663047
10,2026-01-16,AMGN,323.78472900390625,326.3521888253638,320.34510082023246,322.10902574509186,4033700.0,4.0,0.6304619733667778,331.0349270781536,314.04842558297923,53.866074791260274,42.98041673682301,6.814552046488227,320.6560963948568,317.2047597249349,15.859999656677246,38.16225097663047
10,2026-01-16,AMZN,239.1199951171875,239.57000732421875,236.41000366210938,239.08999633789062,45888300.0,4.0,3.024136838541608,249.20166101683802,222.17233800659946,53.92097862420295,68.261604257597,1.3258443510229467,232.72699940999348,233.14250005086262,15.859999656677246,38.16225097663047
10,2026-01-16,AXP,362.647705078125,367.2306173537556,357.7864080345798,359.02906715552393,3555100.0,4.0,-1.9085395905535165,388.591308225177,353.1537662377137,50.78200685409284,-83.29972557393444,0.5211370497345483,371.2269297281901,363.8309265136719,15.859999656677246,38.16225097663047
10,2026-01-16,BA,247.67999267578125,248.19000244140625,244.9600067138672,247.75,5944200.0,4.0,10.62303801128985,251.449350525725,202.71765081704845,68.80455444572549,152.47390739355885,43.9384555839957,219.14733428955077,208.5861676534017,15.859999656677246,38.16225097663047
10,2026-01-16,CAT,642.9609375,651.6975270053068,637.116646559735,648.0100389444793,2554900.0,4.0,16.969286598938538,652.8887547848722,545.9352869631748,64.18199722047379,170.06780221007972,31.372631437251442,597.4857889811198,576.3875467936198,15.859999656677246,38.16225097663047
10,2026-01-16,CRM,225.96022033691406,231.77065077031696,225.29361413959407,231.77065077031696,13902600.0,4.0,-3.9084751359153813,278.8872529859342,231.9394483690463,39.613738533501305,-289.88531421370277,19.787170884732053,255.86751454671224,248.54900487263998,15.859999656677246,38.16225097663047
10,2026-01-16,CSCO,74.50604248046875,75.29876080720676,73.92140543800491,74.95194606675923,25743300.0,4.0,-0.4431316000748353,78.09622705372105,72.513659878652,51.25510515921234,-69.69429729355032,4.311052846331217,75.93545354207357,74.57318382263183,15.859999656677246,38.16225097663047
10,2026-01-16,CVX,161.743408203125,162.7454262382073,161.30563578345428,162.064445269356,9745800.0,4.0,3.862550230274252,165.410725897729,139.15446727854052,61.50769791069368,149.43352852831862,38.23028864186803,150.0872344970703,149.15907338460286,15.859999656677246,38.16225097663047
10,2026-01-16,DIS,110.35440826416016,112.98425860870292,110.27502235560766,112.33919983417296,12049600.0,4.0,0.8705800169911981,114.91245919708317,110.05275534149106,49.94163952469823,11.552796093994868,7.436085347197728,110.87874883015951,109.06158180236817,15.859999656677246,38.16225097663047
10,2026-01-16,GS,952.7647094726562,975.2467994263548,947.8127099431726,963.6591084375203,3071600.0,4.0,26.60543138546302,971.582096017489,854.2419396270423,63.849460099381595,155.42267865648472,40.01977214180674,897.9685384114583,839.9323211669922,15.859999656677246,38.16225097663047
10,2026-01-16,HD,374.833740234375,377.39722114810644,372.2110738312156,373.92664061577483,3709000.0,4.0,6.488258606800798,380.10704965777455,323.7515440922254,57.632810201253946,183.66054073284928,9.801844600198434,350.8192637125651,354.4296854654948,15.859999656677246,38.16225097663047
10,2026-01-16,HON,227.01988220214844,228.30301065752698,224.06042744714858,226.84397671483626,8132878.0,4.0,5.348898422512519,224.98493386242282,194.29250296619048,65.98654212656054,233.61969140679068,38.93439458980385,206.7054672241211,204.52480723063152,15.859999656677246,38.16225097663047
10,2026-01-16,IBM,299.56756591796875,301.3120285025428,294.7751763436412,294.9907854230074,6199600.0,4.0,0.3770194755624061,305.59858581573434,286.56352355926566,52.893873413102845,6.515074398490391,4.275531241141615,298.1154408772787,297.4198165893555,15.859999656677246,38.16225097663047
10,2026-01-16,JNJ,216.260009765625,217.6940916687404,215.74571301652978,216.63582865534352,10021500.0,4.0,3.2794948982739527,216.05271997772016,197.24461278595172,66.2996500626238,218.2591410855743,35.846136978311414,205.939865620931,199.25387776692708,15.859999656677246,38.16225097663047
10,2026-01-16,JPM,309.48480224609375,314.17950872864606,307.0383983149945,307.38506061636195,14652500.0,4.0,0.04018963504478279,334.40178969469497,302.92875534925037,49.57253359890004,-60.22873110480774,6.6384824729635445,315.7571309407552,309.043527730306,15.859999656677246,38.16225097663047
10,2026-01-16,KO,69.51019287109375,69.80622834733131,69.11547137409065,69.36217136863179,20027500.0,4.0,0.11516281196162481,70.98003399280103,66.87986209484546,52.350686179458336,47.23731676667856,2.0659779598764914,69.0654675801595,69.17001355489096,15.859999656677246,38.16225097663047
10,2026-01-16,MCD,303.6626892089844,304.7492156361314,302.0921769775851,303.12932817133867,2590600.0,4.0,-0.43701828001411513,314.4797348833593,295.4897994183985,50.25148392254466,-49.02839196154065,4.688901309440176,306.3526336669922,302.942783610026,15.859999656677246,38.16225097663047
10,2026-01-16,MMM,166.19093322753906,169.786114111038,165.398601574747,167.19124268280157,7328100.0,4.0,1.1618093210855704,169.56832288673706,155.3359373671692,53.82325207208104,97.40328231943768,9.867263017564126,163.10514017740886,164.39984944661458,15.859999656677246,38.16225097663047
10,2026-01-16,MRK,107.25853729248047,109.13110350667216,106.86431163908819,109.12124579754939,14852100.0,4.0,2.86830809468357,111.43498415158722,99.85436826540497,62.690300259136436,77.85059535864784,32.77798789215137,102.79539057413737,96.53933563232422,15.859999656677246,38.16225097663047
10,2026-01-16,MSFT,456.9609069824219,460.26993076816973,453.60224086509476,454.94370584966504,34246700.0,4.0,-6.453814335262734,495.0434796064471,455.37786743945134,39.493501865646856,-208.8894439859137,24.669712035079105,476.2929748535156,488.17567138671876,15.859999656677246,38.16225097663047
10,2026-01-16,NKE,63.38829040527344,63.595054672426116,62.69907618143119,63.39813846900594,15903000.0,4.0,0.40894937558459077,67.7706786411261,56.28644950218446,49.35279540175884,7.327291054319478,1.706103656651861,63.01381619771322,62.97881399790446,15.859999656677246,38.16225097663047
10,2026-01-16,NVDA,186.0031280517578,190.20800608356458,185.85331687968656,188.84966224271636,187967200.0,4.0,0.5955126247353917,193.05116061092514,178.47769223331312,51.30455218151746,58.83170640463385,7.431234850487412,183.80281778971354,186.21927973429362,15.859999656677246,38.16225097663047
10,2026-01-16,PG,141.38307189941406,141.57871421001954,140.5320196386769,140.6298333307039,11729300.0,4.0,-0.18588063590115667,144.10251773071653,136.03514096068974,48.607835809649394,41.12586688831726,2.993791193057815,139.95421244303387,142.51563364664713,15.859999656677246,38.16225097663047
10,2026-01-16,SHW,355.2959289550781,355.56403627920287,351.5030042169829,353.37960397855267,1355500.0,4.0,6.871094661066536,361.88225819495915,306.16307566734554,59.69131075919422,164.88044638645718,18.748114795154418,331.41559346516925,333.646044921875,15.859999656677246,38.16225097663047
10,2026-01-16,TRV,267.324951171875,269.79557875946244,266.4319255221406,267.98972416503483,1841600.0,4.0,-3.7074807139181303,299.4107310730645,266.51999402459177,40.5953331876458,-173.31264181394198,15.33791979777606,282.4535685221354,280.09084065755206,15.859999656677246,38.16225097663047
10,2026-01-16,UNH,326.6010437011719,331.7119162692861,326.01892350864483,330.38977807791053,8039100.0,4.0,1.7108854349551166,344.71531446481606,315.8905876347933,49.17363867156814,-17.104346838489263,3.171742442991411,329.4259104410807,328.177338663737,15.859999656677246,38.16225097663047
10,2026-01-16,V,326.34033203125,327.28467351953486,323.45764849102363,324.8294159854098,8341600.0,4.0,-2.5590019588358928,365.459199919072,324.58018301549833,42.802015072302915,-111.40307430709616,22.640220864473267,341.5858093261719,337.52154235839845,15.859999656677246,38.16225097663047
10,2026-01-16,VZ,37.690914154052734,38.1171272235008,37.68122908902908,37.87495995093681,38980200.0,4.0,-0.13811441795350277,38.979768917534784,37.707974460150766,45.057812641756186,-147.38562587535557,14.078946867792066,38.50705362955729,38.40458634694417,15.859999656677246,38.16225097663047
10,2026-01-16,WMT,118.94255828857422,119.83686477713616,116.1602807010803,117.91907714432112,415144600.0,4.0,2.1572544473456077,120.0318794288248,107.4494926414877,63.395152890571524,147.35136616997195,18.43338346625161,113.93252563476562,108.9287612915039,15.859999656677246,38.16225097663047
11,2026-01-20,AAPL,246.0303192138672,254.09835490933511,242.75922413209136,252.04394930256512,80267500.0,1.0,-5.115923213134522,280.1504269455035,248.8077731277387,35.147043785585296,-195.0135547060443,26.390402923605087,268.12583719889324,269.7630894978841,20.09000015258789,71.24125457266888
11,2026-01-20,AMGN,324.3629150390625,324.69609390087766,315.2591861799427,319.05158164035925,2947500.0,1.0,0.7548143739531383,331.1035642533667,314.62459431596926,54.11409373663737,19.839740428896455,1.0578753607918152,320.356884765625,317.81095733642576,20.09000015258789,71.24125457266888
11,2026-01-20,AMZN,231.0,235.08999633789062,229.33999633789062,233.75999450683594,47737900.0,1.0,2.179972732059042,248.94907760688963,222.84892196586426,49.19166083282832,-12.237514337719098,7.609337776917465,232.78999938964844,233.36000010172526,20.09000015258789,71.24125457266888
11,2026-01-20,AXP,350.1217041015625,359.03902739698503,349.2866407913532,353.9093267728209,3049600.0,1.0,-2.9884326748364174,389.724052722239,349.78447083733136,45.933562947325754,-158.70820840661355,6.645518750919911,370.6259033203125,363.8470021565755,20.09000015258789,71.24125457266888
11,2026-01-20,BA,249.0,249.52000427246094,243.6999969482422,244.39999389648438,11293200.0,1.0,10.886383258422086,253.67279300688207,204.56720790864526,69.29108564318338,139.52955914797474,44.92349618111302,220.7183344523112,209.1263343811035,20.09000015258789,71.24125457266888
11,2026-01-20,CAT,626.6422729492188,641.6856481839558,622.7768117746247,639.5935440912535,2659000.0,1.0,16.292014107223622,654.4309244497324,550.8180196420644,60.22100149884806,110.20578042613096,23.720262971936062,598.5235026041667,578.3184417724609,20.09000015258789,71.24125457266888
11,2026-01-20,CRM,218.9558563232422,226.7860079240682,218.24944416867262,222.40827474662683,13050800.0,1.0,-5.827518336064372,282.0944242630945,224.9734041060461,37.329599542164914,-300.21146228020194,24.936406686159604,254.97236226399738,247.9494483947754,20.09000015258789,71.24125457266888
11,2026-01-20,CSCO,72.68277740478516,74.18895510741427,72.54405150585806,73.84213280010205,23999700.0,1.0,-0.5594390095485267,78.15891045210218,72.13483573320055,46.80603977687091,-127.6444646254005,3.78023361167651,75.80346120198568,74.62382049560547,20.09000015258789,71.24125457266888
11,2026-01-20,CVX,160.8094940185547,163.0956454505688,160.66355998399743,162.18119378432615,11142500.0,1.0,3.8827397351493573,166.13832108354205,140.14003279829387,60.37252272391401,128.17669979573202,36.08314874143334,150.51009368896484,149.3446947733561,20.09000015258789,71.24125457266888
11,2026-01-20,DIS,109.5009536743164,110.24525055651173,107.97267073902252,108.8261317696502,9818200.0,1.0,0.5903497957193338,115.10868203449425,109.70469534587684,48.7569891594355,-60.1283062312801,1.5281525590146263,111.063294728597,109.02883186340333,20.09000015258789,71.24125457266888
11,2026-01-20,GS,934.3135986328125,953.3589703813221,930.0845714906263,937.2947121626017,2629100.0,1.0,24.96472822351018,971.5991711448628,860.8674792457623,60.61177252792819,97.41478450636602,32.09918654083248,901.4527669270833,843.2739837646484,20.09000015258789,71.24125457266888
11,2026-01-20,HD,369.8447265625,372.0434358362532,366.0882083137489,367.015016342024,5353700.0,1.0,6.600528616856991,382.1895307835978,323.6528215113241,55.20360222235232,126.24229983595754,3.1383846620075637,351.60606079101564,354.24300282796224,20.09000015258789,71.24125457266888
11,2026-01-20,HON,222.5496368408203,225.93336328739267,221.64937837901013,224.22597810691587,7839677.0,1.0,5.512779956030329,226.72746708256062,194.3080569042558,61.662296579530974,171.77454642633685,32.52056530447921,207.49327850341797,204.89556833902995,20.09000015258789,71.24125457266888
11,2026-01-20,IBM,285.533447265625,295.5788146009969,284.36720222621864,295.33380564159756,7275500.0,1.0,-0.5855358963119102,306.24686732716435,285.02340855174185,47.22998229027905,-166.75621127503368,6.771886287737034,297.5718495686849,297.50829010009767,20.09000015258789,71.24125457266888
11,2026-01-20,JNJ,215.81495666503906,216.32923833406923,212.14567059407463,214.70723940497442,14057100.0,1.0,3.51235382194497,217.3868149780495,196.88965291745833,65.71492245369978,160.19656564768806,25.512844434844332,206.45844472249348,199.69048741658528,20.09000015258789,71.24125457266888
11,2026-01-20,JPM,299.8477478027344,308.1774060521912,298.9761500928895,303.2845981841295,12900600.0,1.0,-1.187424226913322,335.55080561387246,300.90274968397915,45.3928697289466,-133.63658430343426,14.047756302770717,315.3629150390625,309.2077885945638,20.09000015258789,71.24125457266888
11,2026-01-20,KO,70.80289459228516,70.83249738543434,68.86876764345041,69.07599472418063,22152200.0,1.0,0.23142018668063713,71.20503404982705,66.79202787033896,56.22671892394616,124.38695079632184,9.952246359220764,69.10822906494141,69.19359639485677,20.09000015258789,71.24125457266888
11,2026-01-20,MCD,299.12890625,302.79343438226215,298.74370109899786,302.68479682343815,3018000.0,1.0,-0.7874539533208349,312.5301874627868,295.778946448346,47.12300099240443,-98.72642735704365,1.2585648072189124,306.1649607340495,302.853554280599,20.09000015258789,71.24125457266888
11,2026-01-20,MMM,154.6229248046875,162.15995138001355,151.60218404170305,157.92099448715288,11902100.0,1.0,0.23200645223803917,170.05679451781916,154.288873511966,43.41150952518894,-156.50848226247223,17.575311499233504,162.67100931803387,164.2282689412435,20.09000015258789,71.24125457266888
11,2026-01-20,MRK,107.86957550048828,108.0568343700179,105.3859667683768,106.54892826274715,15241100.0,1.0,2.7193587170330034,111.09021588080444,101.062487213678,63.32910844083379,64.0796121476261,26.710938127885598,103.10469233194986,96.91027514139812,20.09000015258789,71.24125457266888
11,2026-01-20,MSFT,451.6546325683594,453.92025792216236,446.4476759522066,448.3754483517362,26130000.0,1.0,-7.267366949440884,495.97877774414343,451.51514010253624,37.89296319766194,-232.6196730412946,29.067629285322884,475.4211720784505,487.09838002522787,20.09000015258789,71.24125457266888
11,2026-01-20,NKE,62.649845123291016,63.58521208331121,62.04924095666955,62.512002282939015,20406000.0,1.0,0.30553261637150797,67.55145491826391,56.308754356028075,48.19152720421725,-5.242019145325251,4.029555181436563,62.946207427978514,62.8965710957845,20.09000015258789,71.24125457266888
11,2026-01-20,NVDA,177.85308837890625,182.15783564218773,177.39364202987932,181.67840938923754,223345300.0,1.0,-0.06523548849065719,192.0117490034269,179.90962703417077,46.4507706600707,-78.54706571278408,3.6194858621436,183.62603403727215,186.18265864054362,20.09000015258789,71.24125457266888
11,2026-01-20,PG,143.79930114746094,143.79930114746094,140.98200394032003,141.31461230756202,12901400.0,1.0,0.1009984497645462,144.39343789211796,135.88899924167112,51.820560857484956,101.52184215249562,3.4982856520293226,140.0076889038086,142.4480862935384,20.09000015258789,71.24125457266888
11,2026-01-20,SHW,344.5028991699219,353.4391632029198,344.4036012870411,350.82778342059913,2072200.0,1.0,6.360497501434452,362.82799534541095,307.362043717089,53.95667837517026,107.36420000485543,9.58364957124576,331.7991912841797,333.8765391031901,20.09000015258789,71.24125457266888
11,2026-01-20,TRV,267.513427734375,269.4185106365513,265.9159620491297,266.23348091286994,2274400.0,1.0,-4.137200034846842,299.0894029041612,264.4560133556044,40.7684862161824,-158.66351415227564,16.089758270262312,282.052528889974,280.1268569946289,20.09000015258789,71.24125457266888
11,2026-01-20,UNH,333.912109375,335.35264073207316,322.14137656345895,323.0293559592084,7596500.0,1.0,1.7098216409084444,344.96542054901505,316.65574339141466,51.890255092121926,10.801842181689365,0.3024879595941375,329.66162923177086,327.8378362019857,20.09000015258789,71.24125457266888
11,2026-01-20,V,323.87518310546875,326.3602605702113,319.64060139821356,320.30661550634863,8279900.0,1.0,-3.4561161484852505,366.5420843808688,321.4903527529202,41.68272735967075,-126.19468315769365,25.96227625923,341.54339701334635,337.2091313680013,20.09000015258789,71.24125457266888
11,2026-01-20,VZ,37.8555908203125,37.991203905299955,37.468121695908835,37.67154132339002,30650900.0,1.0,-0.16101195431561877,38.98126930470617,37.644397122906135,45.98311330263394,-147.55888869952318,16.552655788227487,38.45938377380371,38.403920300801595,20.09000015258789,71.24125457266888
11,2026-01-20,WMT,117.95882415771484,120.8504138546603,116.86578627056709,120.12502982400424,45334000.0,1.0,2.1529503719879415,120.50162259007001,107.36529406642413,61.521763135818176,137.76016259392767,21.087955186943084,114.06844736735026,109.1239840189616,20.09000015258789,71.24125457266888
12,2026-01-21,AAPL,246.9777374267578,250.87712721718017,244.51444112970407,248.02489020045314,54641700.0,2.0,-5.687166097474062,280.1510450770868,246.2122163364875,36.14345862417924,-172.6752604751841,26.390402923605098,267.09098765055336,269.56897455851237,16.899999618530273,34.28013135413763
12,2026-01-21,AMGN,336.71026611328125,337.08265127900677,322.716604577589,323.3339768359602,4148600.0,2.0,1.8286134700886123,333.8914929112727,313.4261431971258,58.985269166762286,191.16082689815102,12.886438524315164,320.8047210693359,318.6730539957682,16.899999618530273,34.28013135413763
12,2026-01-21,AMZN,231.30999755859375,232.3000030517578,226.8800048828125,231.08999633789062,47276100.0,2.0,1.5184767532262242,248.71391444348535,223.48008427477635,49.36704877643794,-32.580681385669806,10.451687900606123,232.84933268229167,233.53033345540365,16.899999618530273,34.28013135413763
12,2026-01-21,AXP,357.49810791015625,360.50039180730136,350.2012170846747,350.231039690484,2780300.0,2.0,-3.2120154692462393,389.5670074576099,348.3444000130932,48.90538722905553,-118.51062433981474,5.310141113923605,370.2972076416016,363.93757883707684,16.899999618530273,34.28013135413763
12,2026-01-21,BA,250.07000732421875,251.30999755859375,244.67999267578125,248.88999938964844,8160700.0,2.0,11.05400324419361,256.09854552243655,205.7404559424072,69.68752301926614,132.64713793614146,46.23866509693341,222.32433471679687,209.66466776529947,16.899999618530273,34.28013135413763
12,2026-01-21,CAT,642.9609375,644.7741229203464,624.9686339367224,631.2948080123786,2490700.0,2.0,16.877497343039522,658.9213560193773,553.3516664415602,62.60821158286066,122.54918293584217,24.69755246308486,599.9719868977865,580.4121480305989,16.899999618530273,34.28013135413763
12,2026-01-21,CRM,220.45822143554688,222.2590556230766,217.85149041771174,219.0354531203157,12616600.0,2.0,-7.144784955871188,283.6477203793976,219.60651240868836,38.12127663798722,-243.8962343890794,25.216968168107396,253.69320170084634,247.40125478108723,16.899999618530273,34.28013135413763
12,2026-01-21,CSCO,73.01969146728516,73.68359509001787,72.34587669137879,73.27732096984141,18210200.0,2.0,-0.6173113395117014,77.91029086593218,71.95611843582563,47.67427912004158,-121.27021272224756,4.878461024801699,75.67579981486003,74.68647905985515,16.899999618530273,34.28013135413763
12,2026-01-21,CVX,162.20062255859375,163.90308220443572,161.54882550406953,162.4632919174907,10918500.0,2.0,3.9652831938991255,166.87104575782658,141.25374672264215,61.468331508741414,125.71591950272605,37.349136935368726,151.0526102701823,149.53762741088866,16.899999618530273,34.28013135413763
12,2026-01-21,DIS,112.32928466796875,112.3888259939984,109.65973750407791,109.7292049082389,10041400.0,2.0,0.5896904162025862,115.03522135670829,109.9716733271296,52.61071343497237,8.083358844589746,6.023996433479366,111.3477040608724,109.04404220581054,16.899999618530273,34.28013135413763
12,2026-01-21,GS,943.8610229492188,959.618258836998,934.3928022772602,934.9375101350598,2251300.0,2.0,24.156396595100887,973.7964651705115,864.5660409330042,61.65265098112137,104.80208052459604,33.473691896600414,904.7029296875,846.6732615152995,16.899999618530273,34.28013135413763
12,2026-01-21,HD,379.2409973144531,380.5030293317551,369.42077965031734,370.5250539043045,5169800.0,2.0,7.362829811593997,385.73144331633046,324.0192707949976,58.6031871389379,154.221132197948,10.869375116074245,352.5930114746094,354.2772532145182,16.899999618530273,34.28013135413763
12,2026-01-21,HON,226.79222106933594,228.07534946379752,223.0359826848499,223.47058243332367,5392519.0,2.0,5.916793233214719,229.1552801991765,193.9560082529719,63.97981544714,173.6365233193105,35.26698757925953,208.45355173746745,205.10985794067383,16.899999618530273,34.28013135413763
12,2026-01-21,IBM,291.5998229980469,291.72723242107674,286.6702447510868,286.9152536697395,5185000.0,2.0,-0.849074537828642,306.2287505153911,284.70439157445264,49.64128419886989,-128.43168213194446,6.771886287737037,297.2321034749349,297.7386433919271,16.899999618530273,34.28013135413763
12,2026-01-21,JNJ,215.6171417236328,216.2797860692503,208.18957605818176,208.68408811532706,14762900.0,2.0,3.638986216139756,218.52293447159747,196.90475870467208,65.44951122697998,121.51613651384415,15.523350080684539,206.98856201171876,200.13149871826172,16.899999618530273,34.28013135413763
12,2026-01-21,JPM,299.15447998046875,302.4823658305288,298.2729680555718,300.53118494697816,10270100.0,2.0,-2.191001475216069,336.74186556148965,298.3502700586276,45.10982739676119,-144.9509286566673,14.658840625012445,314.9804290771484,309.353428141276,16.899999618530273,34.28013135413763
12,2026-01-21,KO,71.05946350097656,71.28642326380957,69.89503930809639,71.02986070831885,21660600.0,2.0,0.34033479278994605,71.4863848340534,66.70310338616146,56.945795777758015,173.97467872059775,13.15220050120315,69.17434488932291,69.23566398620605,16.899999618530273,34.28013135413763
12,2026-01-21,MCD,301.9440002441406,301.96374430740997,299.4252606431283,299.6227917066463,3630900.0,2.0,-0.8284720801303251,311.2205777990948,296.0859956872333,49.15619298953481,-78.22937336072555,1.2585648072189177,305.98255716959636,302.8626261393229,16.899999618530273,34.28013135413763
12,2026-01-21,MMM,154.38523864746094,157.11876698500419,152.8599975691993,155.61333835401678,6969100.0,2.0,-0.5180762461789072,170.46746608400585,153.2760321459746,43.233745083458835,-171.909310519328,17.57531149923351,162.28805084228514,163.98090057373048,16.899999618530273,34.28013135413763
12,2026-01-21,MRK,109.505615234375,110.35319776899081,107.15998421952487,107.61334109537512,12844400.0,2.0,2.7021809359127644,110.79389918833677,102.34633594960268,64.98944615686483,89.5092254916245,31.72404939329499,103.5066396077474,97.31548538208008,16.899999618530273,34.28013135413763
12,2026-01-21,MSFT,441.31024169921875,449.836168925793,435.9144806057656,449.74673993987386,37980500.0,2.0,-8.64714029826473,497.7486844966717,445.59059162637516,35.029979450035256,-258.622771178821,34.85962029105387,474.1277109781901,485.84835255940754,16.899999618530273,34.28013135413763
12,2026-01-21,NKE,64.40242767333984,64.4122682247478,62.63015187663665,62.89599324614213,17166400.0,2.0,0.36083339173413975,67.6308843756759,56.88900431145788,51.021052891099814,28.78116563950281,0.88970506864414,62.93143844604492,62.833754475911455,16.899999618530273,34.28013135413763
12,2026-01-21,NVDA,183.09669494628906,185.15418310637224,178.18267486272933,178.8318922054109,200381000.0,2.0,-0.16387880842364666,191.78772730625246,180.36636510097412,49.622901594328,-28.0409267760568,0.14404736073087185,183.65633087158204,186.2021375020345,16.899999618530273,34.28013135413763
12,2026-01-21,PG,142.8797607421875,144.16123507378632,141.81349743552684,143.85798724588759,14126800.0,2.0,0.25125663612166704,144.61772462971788,135.82122800700085,50.5758295745907,99.20822710784331,4.513133693955527,140.0927947998047,142.36505076090495,16.899999618530273,34.28013135413763
12,2026-01-21,SHW,353.7867126464844,355.1867310682385,345.67458720524746,348.1965778388122,1879400.0,2.0,6.628561798982048,364.64459491089065,309.06534161254683,57.582802961061795,120.40199405295937,11.326301724517142,332.5670481363932,334.29577382405597,16.899999618530273,34.28013135413763
12,2026-01-21,TRV,270.5298156738281,274.3796489005229,266.05490688241207,272.3158366995489,2571700.0,2.0,-4.186103598411876,298.2502032958079,263.2839733399342,43.49525040928474,-121.18056898496867,6.667532842689179,281.8166056315104,280.2030985514323,16.899999618530273,34.28013135413763
12,2026-01-21,UNH,343.1076965332031,343.4332779356386,334.168645798694,334.8987575018528,8933300.0,2.0,2.42305414946469,346.48585241313435,317.14117090229536,55.01846313579383,121.15967325582915,6.486192865815066,330.28815307617185,327.66858062744143,16.899999618530273,34.28013135413763
12,2026-01-21,V,323.33837890625,326.70815831170904,321.0719896048092,324.4815084058711,8974600.0,2.0,-4.162419439475968,367.10173803895964,318.54800561338413,41.438621155928054,-119.58790548240106,25.454321978615717,341.3459167480469,336.8778523763021,16.899999618530273,34.28013135413763
12,2026-01-21,VZ,38.01057815551758,38.08806976415604,37.73934828733431,37.87496137383621,21158800.0,2.0,-0.1647530634226797,38.975321312445764,37.6599436564263,46.854539284914914,-106.60583710633476,14.995877560286722,38.40323257446289,38.42805417378744,16.899999618530273,34.28013135413763
12,2026-01-21,WMT,118.6047134399414,119.72756028766449,116.80616919843453,117.3328142471995,34811700.0,2.0,2.1765671175464405,121.07072067901437,107.29303206756767,62.27887545703392,119.61857871450509,20.848638547607752,114.21697387695312,109.33459930419922,16.899999618530273,34.28013135413763
13,2026-01-22,AAPL,247.67584228515625,250.31864258405668,247.47637302553753,248.52352576906395,39708300.0,3.0,-6.014220777725626,280.0189175182802,244.08848452029403,36.88265750718307,-146.0288632835295,26.390402923605087,266.10899403889977,269.33269322713215,15.640000343322754,37.82127185424467
13,2026-01-22,AMGN,340.1106872558594,342.9623405953902,335.27954897902185,337.2492248628404,3025100.0,3.0,2.9203288249292996,337.0348667965179,311.8193293704743,60.189296851943496,267.68768309895074,17.71689790246246,321.64878234863284,319.61014862060546,15.640000343322754,37.82127185424467
13,2026-01-22,AMZN,234.33999633789062,235.72000122070312,230.89999389648438,234.0500030517578,31913300.0,3.0,1.2246153988911317,248.52070725151708,224.26429183295556,51.07472468786979,7.954411352717628,5.77180546574421,233.09766591389973,233.69916661580405,15.640000343322754,37.82127185424467
13,2026-01-22,AXP,365.85870361328125,367.9265053053123,360.5997922470434,360.5997922470434,2628500.0,3.0,-2.6836409020046403,388.5831532596773,348.13670452840864,51.9989699212588,-47.77823580851562,1.1937353281714238,370.51402587890624,364.1240193684896,15.640000343322754,37.82127185424467
13,2026-01-22,BA,251.41000366210938,254.13999938964844,249.77999877929688,252.0,9742600.0,3.0,11.166252191690262,258.4949164375421,206.80108575972355,70.18614157049173,134.9249218344154,48.259381464338674,223.8290013631185,210.16566772460936,15.640000343322754,37.82127185424467
13,2026-01-22,CAT,645.9795532226562,653.3219843660706,638.4977538571923,646.6769415903204,1565700.0,3.0,17.384674382103867,663.4969572331166,555.486770794227,63.032733972091336,135.47119204182817,27.362043934503237,601.7420735677083,582.5192240397135,15.640000343322754,37.82127185424467
13,2026-01-22,CRM,226.9352569580078,227.56207234781587,219.99059849237156,221.1148825581443,9483000.0,3.0,-7.578722807707322,283.1428939387206,216.47583622485362,41.42153286694701,-176.65809696741633,19.08137993007308,252.66437835693358,246.96465403238932,15.640000343322754,37.82127185424467
13,2026-01-22,CSCO,73.65386962890625,74.09977324444186,73.2079584533758,73.43586961775733,12879800.0,3.0,-0.605028310612667,77.63046443489422,71.90257999869952,49.286109966879884,-86.53064269708884,2.340815643529413,75.54003728230795,74.75379346211751,15.640000343322754,37.82127185424467
13,2026-01-22,CVX,162.13255310058594,163.0080979524137,161.22780956571003,161.74341050978427,8957400.0,3.0,3.9793355402135546,167.54448882196218,142.22050293829173,61.3824122359538,110.4200504645226,36.23930291219357,151.6346893310547,149.7454605102539,15.640000343322754,37.82127185424467
13,2026-01-22,DIS,112.34912872314453,113.4209180149001,111.31703617234797,112.30943198218553,12437700.0,3.0,0.5840366911684072,115.03589305394154,110.05337086207409,52.63656653504072,39.65704668880881,9.3814057544264,111.55621693929037,109.08176205952962,15.640000343322754,37.82127185424467
13,2026-01-22,GS,945.4852905273438,961.6287968384512,941.6821283063989,950.8433273989625,2468300.0,3.0,23.377372971153477,975.9902365008971,867.8838418682434,61.8301714345184,104.91809248955886,33.91818395465748,907.6067830403646,849.5559346516927,15.640000343322754,37.82127185424467
13,2026-01-22,HD,375.6816711425781,385.11734905751234,375.18868939265536,381.02560655099694,4828100.0,3.0,7.592232593627671,388.1020950531038,325.0639968658415,56.9107496754614,150.01945427876626,14.71051706536794,353.61578470865885,354.22524210611977,15.640000343322754,37.82127185424467
13,2026-01-22,HON,230.2794189453125,231.21072131331846,227.3303073259974,227.6510894200355,4150872.0,3.0,6.444081036121219,231.88763110944075,193.97409374407488,65.74075461350155,181.62536248332347,39.0248787407697,209.5072998046875,205.45546340942383,15.640000343322754,37.82127185424467
13,2026-01-22,IBM,288.7871398925781,294.92214318592715,287.6698848114511,293.4423095806406,3670200.0,3.0,-1.270248199420962,306.21346893448333,283.9238845811417,48.57663499723167,-111.18435705728471,3.180876310181755,296.7580942789713,297.55727030436196,15.640000343322754,37.82127185424467
13,2026-01-22,JNJ,216.0918731689453,219.731474480514,215.7061543876507,216.3687986995512,13160000.0,3.0,3.7346000167316618,219.61648983564953,196.9159427205028,65.79250694756527,169.6082023472114,21.185114113453597,207.5447235107422,200.61432851155598,15.640000343322754,37.82127185424467
13,2026-01-22,JPM,300.729248046875,305.2555953909441,300.0062112868251,301.9474777854751,10535800.0,3.0,-2.826688744512353,337.2563587414686,296.0520671618517,45.90247466387008,-118.22689963378521,11.426813881434414,314.6448476155599,309.42835744222003,15.640000343322754,37.82127185424467
13,2026-01-22,KO,70.92131042480469,71.08906459832171,70.49698617322974,70.88183752597381,13962800.0,3.0,0.4107675317531516,71.7038229234476,66.64947450086879,56.42943682173935,164.186766209984,13.152200501203154,69.22763214111328,69.27918548583985,15.640000343322754,37.82127185424467
13,2026-01-22,MCD,302.27984619140625,303.86024550129486,301.21309398980696,302.3983708645162,2809400.0,3.0,-0.8243763822062533,309.5289287636804,296.7711322714758,49.396332738554776,-53.21554329221266,2.1120792833029465,305.8587595621745,302.8966054280599,15.640000343322754,37.82127185424467
13,2026-01-22,MMM,159.08969116210938,160.94175451655582,154.7021634728047,155.05871196423246,5559600.0,3.0,-0.7245599119048336,170.45100981526835,153.3548861808254,47.625035911511596,-85.95567506827368,9.467132039175045,162.17811533610026,163.8628921508789,15.640000343322754,37.82127185424467
13,2026-01-22,MRK,107.60347747802734,109.7125759895073,107.02199297144867,109.18037250727937,9362600.0,3.0,2.5061909908146163,110.7245930554582,102.85520201900468,61.6331468524755,72.15656564326592,31.166318509475765,103.87091573079427,97.68394444783529,15.640000343322754,37.82127185424467
13,2026-01-22,MSFT,448.2959289550781,449.9851935867555,441.89652570286836,444.79810039972057,25349400.0,3.0,-9.072353593334356,497.58473202681154,442.3978363325635,38.28731308256586,-193.93961126899808,34.69864178934483,472.8067586263021,484.6643341064453,15.640000343322754,37.82127185424467
13,2026-01-22,NKE,64.45165252685547,65.52486606084436,64.24488827062743,64.40242723453713,11853700.0,3.0,0.40397491753534354,67.3329136157737,57.99828183405538,51.09865309772965,55.406474414605405,3.17713039419864,62.994452540079756,62.78105252583821,15.640000343322754,37.82127185424467
13,2026-01-22,NVDA,184.6148223876953,185.94320399708803,183.70592730123704,184.52493568425237,139636600.0,3.0,-0.11819171266438389,191.75702822638758,180.51192318962805,50.50110431610935,15.641860454957131,1.1223473613519972,183.6326924641927,186.17867253621418,15.640000343322754,37.82127185424467
13,2026-01-22,PG,146.6654815673828,147.62415421643684,144.2883985058945,144.85577162679866,18501900.0,3.0,0.6681117865752242,145.8156274139449,135.33155886535198,55.1626760437052,195.9395976028591,13.51519777025922,140.47071584065756,142.32331263224285,15.640000343322754,37.82127185424467
13,2026-01-22,SHW,348.14691162109375,359.7541277467612,347.66039140192663,355.8817528458854,1772400.0,3.0,6.313145861428495,365.43059016662266,310.9393744329867,54.8672999048547,110.5068903920105,15.718230778944827,333.34483337402344,334.5838643391927,15.640000343322754,37.82127185424467
13,2026-01-22,TRV,276.31451416015625,276.5228726943368,267.40433290854054,268.9621316513763,1663200.0,3.0,-3.7152560427695676,297.2153584762373,263.0130533889971,48.22393732045682,-86.45561744074779,2.93393441579258,281.80710652669273,280.36273905436195,15.640000343322754,37.82127185424467
13,2026-01-22,UNH,349.7380065917969,350.2116096750548,342.14078564010657,342.54531596139657,7491400.0,3.0,3.4831550181134503,349.02862634103366,317.4902701433413,57.09914714749319,186.67845708353792,11.673761871984887,331.3027587890625,327.576345316569,15.640000343322754,37.82127185424467
13,2026-01-22,V,324.41192626953125,326.4298382199604,322.0660277886144,324.51133543161114,6938700.0,3.0,-4.582716878486508,366.904546786583,316.18755526419824,42.139644290176484,-114.53411909042924,25.454321978615734,341.33001200358075,336.5409866333008,15.640000343322754,37.82127185424467
13,2026-01-22,VZ,38.24305725097656,38.446476883784534,38.02026379192314,38.088070336192466,18880500.0,3.0,-0.14726126307481735,38.97464193145221,37.678235113225526,48.15243638141936,-36.889614653123466,9.402661275626357,38.36720873514811,38.449397786458334,15.640000343322754,37.82127185424467
13,2026-01-22,WMT,117.08439636230469,118.76369721391231,116.90553506425638,118.53515685486666,24547300.0,3.0,2.0489872269042024,121.35816802405051,107.52527618981668,59.43139703223231,89.21447252863133,20.848638547607738,114.36605885823568,109.53128000895182,15.640000343322754,37.82127185424467
14,2026-01-23,AAPL,247.36666870117188,248.73296007338791,244.0157890837153,246.64863719927277,41689000.0,4.0,-6.226585490859065,279.3531708821207,242.3288313761801,36.68808301467607,-144.76402285257458,30.407806966860285,265.14029795328776,268.99179255167644,16.09000015258789,33.555873335700696
14,2026-01-23,AMGN,337.8371887207031,342.2273680305188,334.965947274559,339.2385076633489,2024900.0,4.0,3.561019560818579,339.0410839449288,311.11252323280553,58.991532147908075,221.17224327225497,17.357841998183314,322.6581278483073,320.5190826416016,16.09000015258789,33.555873335700696
14,2026-01-23,AMZN,239.16000366210938,240.4499969482422,234.57000732421875,234.9600067138672,33778500.0,4.0,1.364928421798254,248.7593231316717,224.72767638004706,53.64734293805784,57.379084358668806,0.2736712045639766,233.4723327636719,233.9023333231608,16.09000015258789,33.555873335700696
14,2026-01-23,AXP,359.56591796875,361.613817850332,356.1461175117015,360.5998188911587,2801800.0,4.0,-2.7410780200884233,387.306473071158,347.459640210092,49.65795377219935,-93.72216391191103,2.54053936371849,370.4671905517578,364.13763326009115,16.09000015258789,33.555873335700696
14,2026-01-23,BA,252.14999389648438,253.77000427246094,249.02000427246094,252.74000549316406,7078700.0,4.0,11.185976346554412,260.5371817642444,208.28881921231812,70.46369639682872,123.4383057492651,46.72726028065148,225.55500132242838,210.65150095621746,16.09000015258789,33.555873335700696
14,2026-01-23,CAT,624.271240234375,644.076729048593,621.2326846870689,641.7056451196811,2267800.0,4.0,15.852202087353021,664.1406876064264,559.3819198154486,58.123459440894955,80.21160605982057,18.59401225912575,602.859452311198,584.1926005045573,16.09000015258789,33.555873335700696
14,2026-01-23,CRM,226.8954620361328,229.68128960740884,225.50254065972533,225.631887371227,9408000.0,4.0,-7.835509918352898,282.3543357814135,213.74430618635998,41.40749633169272,-139.47075611314398,16.71707675051802,251.58489379882812,246.51679433186848,16.09000015258789,33.555873335700696
14,2026-01-23,CSCO,73.9114990234375,74.38713609796598,73.03950654012925,73.27732129739609,13125500.0,4.0,-0.5679583127876953,77.31992455861915,71.9143894062246,49.93422570402158,-75.51626569363414,0.6021089901327457,75.39150695800781,74.81291694641114,16.09000015258789,33.555873335700696
14,2026-01-23,CVX,162.19091796875,163.86419396953357,161.91852558204306,163.38749987066055,8368700.0,4.0,3.949652547006167,168.07586138067572,143.26609571160944,61.430232136198214,106.26663301653115,37.62966937559818,152.22584788004556,149.95875600179036,16.09000015258789,33.555873335700696
14,2026-01-23,DIS,110.13609313964844,112.09110657534877,109.7093626275885,111.83308910954834,10819800.0,4.0,0.3964129946243702,115.14796187954936,109.71900589388814,49.51987903138451,-52.800718539119075,3.427187677580483,111.71100514729818,109.07175509134929,16.09000015258789,33.555873335700696
14,2026-01-23,GS,910.0587158203125,928.1929365850489,908.2462669762169,925.1128072316803,3872600.0,4.0,19.674566474666335,975.4444462120272,870.1301509559415,55.982777672427154,16.163670171424496,20.111805779229787,909.0032470703125,851.7478068033854,16.09000015258789,33.555873335700696
14,2026-01-23,HD,378.3831787109375,378.97476279305323,373.8871878296043,376.14505253322466,3138300.0,4.0,7.900947826102879,390.4503444231484,326.5412846051719,57.86614744480215,125.11204663942732,13.28599268185192,354.8811045328776,354.2412775675456,16.09000015258789,33.555873335700696
14,2026-01-23,HON,229.161865234375,231.08654271888906,228.26160679192313,229.68959671226293,3642275.0,4.0,6.694611855917685,233.85533145043786,194.69267575171057,64.6922609280165,160.32651579907363,39.02487874076971,210.5865727742513,205.79973169962565,16.09000015258789,33.555873335700696
14,2026-01-23,IBM,286.6016540527344,288.4637159761254,284.00456532471657,288.199117093454,3298400.0,4.0,-1.7600925517167525,306.19736021322865,282.8286316080604,47.753410346556805,-165.79891797165055,6.8970787522213595,296.16876627604165,297.2480168660482,16.09000015258789,33.555873335700696
14,2026-01-23,JNJ,217.7237548828125,218.78201786558222,215.44899653785455,217.38749032599776,6950600.0,4.0,3.8971301679684984,220.84209781305506,197.11057247503086,66.9589207857204,154.32613245090243,20.562357608486586,208.2100067138672,201.12599411010743,16.09000015258789,33.555873335700696
14,2026-01-23,JPM,294.875732421875,299.4813025896872,293.67730062328087,299.11484222180513,11107900.0,4.0,-3.7594684641090907,337.9623757495519,292.69696262935435,43.48770717436384,-166.17949062558563,16.953384679571418,314.5972869873047,309.3447601318359,16.09000015258789,33.555873335700696
14,2026-01-23,KO,71.91797637939453,72.0956006684145,70.83249795924407,71.06932783504202,18307100.0,4.0,0.5407748816573843,72.12958455730114,66.52073892902698,59.19101987915306,209.57764369040342,19.90619512442073,69.31940460205078,69.33360188802084,16.09000015258789,33.555873335700696
14,2026-01-23,MCD,305.4603576660156,305.71718119392017,301.6180124248264,302.34896474033775,2350200.0,4.0,-0.5580568843515152,309.2857897953799,296.8572186274717,51.63425001512507,-22.55181610250823,5.304907854731052,305.8080546061198,302.9146993001302,16.09000015258789,33.555873335700696
14,2026-01-23,MMM,161.12002563476562,162.69479033079787,158.34688741684562,158.34688741684562,4461300.0,4.0,-0.7161137671544964,170.44580061955466,153.61066910700785,49.373519072013735,-29.65920471867849,5.999583591770335,162.09855244954426,163.78036626180014,16.09000015258789,33.555873335700696
14,2026-01-23,MRK,106.617919921875,107.5147759384355,105.66192517070749,107.5147759384355,10489500.0,4.0,2.2454570579441935,110.56964615619225,103.31961470806556,59.97303571885622,44.03920455130919,25.73808243831609,104.26878992716472,98.02767117818196,16.09000015258789,33.555873335700696
14,2026-01-23,MSFT,463.0125732421875,468.1301005814363,447.6897705604439,449.02131930234236,38000200.0,4.0,-8.128131945846519,495.91728703911014,441.9884594208508,44.36603357380795,-88.80054093456678,17.09353278714319,471.9432373046875,483.59483540852864,16.09000015258789,33.555873335700696
14,2026-01-23,NKE,64.03812408447266,64.4418045341583,63.447367992907346,64.24488834092695,11243900.0,4.0,0.4001835316050659,66.71340385428024,59.37593025216506,50.40463922248928,30.105505267751003,0.1825993125466356,63.05057436625163,62.72993761698405,16.09000015258789,33.555873335700696
14,2026-01-23,NVDA,187.44137573242188,189.3690325020707,186.59242035942677,187.27158465782284,142748100.0,4.0,0.14442997348032804,191.55699627903905,180.55814043971097,52.10910702693076,63.19674226759013,5.290025644442861,183.7225824991862,186.1152608235677,16.09000015258789,33.555873335700696
14,2026-01-23,PG,147.92355346679688,149.401311303758,147.57875232435734,148.6033244770038,14562600.0,4.0,1.0874529045581767,147.1429300426926,134.79036463504175,56.548969058771014,242.70028221612185,17.637453662909504,140.8485087076823,142.31477025349935,16.09000015258789,33.555873335700696
14,2026-01-23,SHW,346.0518493652344,346.10151345743134,341.15676978130773,344.28445613425566,2142100.0,4.0,5.826952957049514,365.7115791024679,313.08805468659455,53.89067559538506,61.38951494543272,7.849774653338533,334.25103556315105,334.80269622802734,16.09000015258789,33.555873335700696
14,2026-01-23,TRV,275.5603942871094,278.437837244163,272.2563023643419,276.780840459082,1679100.0,4.0,-3.3641769956829535,295.91195936737074,262.85391587676986,47.68575774854164,-64.5375621821243,0.29190142165758415,281.7958607991537,280.50239817301434,16.09000015258789,33.555873335700696
14,2026-01-23,UNH,351.5041198730469,353.09261273920316,348.2777534390037,349.55054102610836,9082200.0,4.0,4.414910832019245,351.36846444024354,318.2544390021393,57.63908668536507,200.1363347279934,13.776843943194098,332.37689310709635,327.45670115152996,16.09000015258789,33.555873335700696
14,2026-01-23,V,324.2330017089844,325.8433269631201,322.6823158838599,323.91490453064694,5667900.0,4.0,-4.874058234353299,366.24321560528847,314.14512362811,42.052850530261956,-114.58564914766662,25.45432197861574,341.3194091796875,336.19386393229166,16.09000015258789,33.555873335700696
14,2026-01-23,VZ,38.28180694580078,38.320554600358875,37.83622000392189,38.214000397913985,21849400.0,4.0,-0.1287875263140137,38.97146695082925,37.70861002976157,48.369849184026315,-55.443761218931556,11.684495490556296,38.369292958577475,38.464880816141765,16.09000015258789,33.555873335700696
14,2026-01-23,WMT,116.98502349853516,117.85945224596018,116.39875299816131,117.4222340816893,20806900.0,4.0,1.9177540103236481,121.48353676137347,108.07858482065777,59.2482280488856,70.13398900220467,18.71425758323939,114.46224873860677,109.7544012705485,16.09000015258789,33.555873335700696
15,2026-01-26,AAPL,254.7166748046875,255.86354695988197,249.12190294519746,250.7973351598156,55969200.0,0.0,-5.735684588436953,277.6882202569591,242.15877833923233,43.95883649952283,-87.12498172864132,16.817812326703805,264.36341298421223,268.77023696899414,16.149999618530273,24.407340032943416
15,2026-01-26,AMGN,342.6781311035156,343.4032832919685,336.729837611778,337.7881985466735,3116100.0,0.0,4.40857585952233,341.86988383998397,309.8251814676332,60.713610286423915,225.0107690209503,18.32419886243829,323.77886250813805,321.49361724853514,16.149999618530273,24.407340032943416
15,2026-01-26,AMZN,238.4199981689453,240.9499969482422,237.5399932861328,239.97999572753906,32825500.0,0.0,1.4002737602702666,248.9021123883841,225.18888645194792,53.203030023071676,63.38906298165804,0.8931080028515004,233.69366607666015,234.05516662597657,16.149999618530273,24.407340032943416
15,2026-01-26,AXP,361.1167297363281,362.7272110547247,358.54194375541107,360.0629572603808,2131200.0,0.0,-2.631129774790736,385.6175618313089,347.2586344577536,50.22920045725936,-74.23149072334888,1.571198462795362,370.0865203857422,364.1876749674479,16.149999618530273,24.407340032943416
15,2026-01-26,BA,248.42999267578125,251.58999633789062,247.41000366210938,251.49000549316406,8469200.0,0.0,10.777201996188978,261.5892871579408,210.26371271998886,67.20980120385187,104.45029215348428,43.47792252123679,227.21200103759764,211.0698341369629,16.149999618530273,24.407340032943416
15,2026-01-26,CAT,633.536376953125,636.604849277463,616.9388500475836,625.6460803540638,2532900.0,0.0,15.209994505356008,665.4565632084186,563.3982463618938,59.51561490463833,73.00568826931804,16.53005690874209,603.5902506510416,586.063466389974,16.149999618530273,24.407340032943416
15,2026-01-26,CRM,228.23861694335938,229.78077283788318,226.4377828089404,228.2684638486727,7239600.0,0.0,-7.840256580323825,280.80596285198544,211.72482938434266,42.092651810672514,-119.3306839996647,16.60464917941461,250.44488627115885,246.1113530476888,16.149999618530273,24.407340032943416
15,2026-01-26,CSCO,76.30949401855469,76.71576059352164,74.95195326416324,75.77440512762657,24714400.0,0.0,-0.34114935974980654,77.19695649882563,71.97842649677985,55.42004372415553,30.367815707355454,11.939434867371032,75.29859797159831,74.8918015797933,16.149999618530273,24.407340032943416
15,2026-01-26,CVX,162.94972229003906,163.83500494092647,162.2395575074993,163.75717642657986,8912600.0,0.0,3.9419177540603982,168.50229856965615,144.49347474577354,62.06206005417771,101.07361989886948,37.629669375598176,152.74761149088542,150.2031379699707,16.149999618530273,24.407340032943416
15,2026-01-26,DIS,110.46357727050781,111.55521873918869,110.28494571848542,110.83076645282586,8859800.0,0.0,0.2710209351826336,115.06725002435509,109.4851280579203,49.97333216059297,-59.692822817551225,3.427187677580481,111.81723709106446,109.07854194641114,16.149999618530273,24.407340032943416
15,2026-01-26,GS,922.9140625,924.7760192007825,909.1673066619076,909.5931713770888,2655900.0,0.0,17.574793410844677,975.576113506946,872.0862461121948,57.491856458708234,22.1377228602304,20.111805779229794,910.4102742513021,854.1194407145182,16.149999618530273,24.407340032943416
15,2026-01-26,HD,381.1044616699219,381.9819836075265,376.5887621832298,379.5959387532504,3984800.0,0.0,8.26986184455825,392.96825950033735,327.88736183755327,58.81766546437143,125.53034811587327,15.785740319944871,356.04454243977864,354.2948303222656,16.149999618530273,24.407340032943416
15,2026-01-26,HON,228.8514404296875,229.5447344723863,227.36136258860014,229.0583898305765,3531669.0,0.0,6.789841580957869,235.48656764378597,195.568705793714,64.39713392899104,136.53759524062738,36.58846964905722,211.5903071085612,206.1494903564453,16.149999618530273,24.407340032943416
15,2026-01-26,IBM,290.41400146484375,290.8942393544399,287.2877147137946,287.30730466320523,3726900.0,0.0,-1.8196968227578054,305.77436664015,282.44505474656876,49.303776498908505,-104.22499614533542,4.154694600512299,295.6349731445313,297.0107493082682,16.149999618530273,24.407340032943416
15,2026-01-26,JNJ,219.05894470214844,219.59301105490832,217.58529341839787,217.79299511138254,6856700.0,0.0,4.0865677345202585,222.2128863831395,197.0957363585597,67.8857646824487,157.57316678026567,21.872188811210798,208.70287068684897,201.71511255900066,16.149999618530273,24.407340032943416
15,2026-01-26,JPM,298.1640319824219,298.8969527426069,294.60833256531976,294.96487880777863,11752700.0,0.0,-4.185121345412028,337.4404791274832,290.57913451997774,45.164123417867394,-150.57988988056653,16.953384679571414,314.34381815592445,309.2960840861003,16.149999618530273,24.407340032943416
15,2026-01-26,KO,71.6021957397461,72.33243305993389,71.582463055083,71.89823871049093,14017400.0,0.0,0.6112793368906608,72.42776414485945,66.46432493595108,57.98639948113375,199.1731116594963,21.394156770474247,69.39670384724936,69.38112195332845,16.149999618530273,24.407340032943416
15,2026-01-26,MCD,309.1150207519531,310.50771562599306,306.1715277915807,306.201158956058,3385000.0,0.0,-0.051502309269778834,309.1871575657163,296.9183172877993,54.04983726230933,44.77044747637859,12.887815410735728,305.8877319335937,303.05261586507163,16.149999618530273,24.407340032943416
15,2026-01-26,MMM,157.99032592773438,161.29829418179415,157.96061481444698,160.4465403384616,3891000.0,0.0,-0.9509982313195167,170.47823373405777,153.49702261359846,46.87797689626335,-61.9258732733768,6.673444723946343,161.8958480834961,163.67148361206054,16.149999618530273,24.407340032943416
15,2026-01-26,MRK,105.84918212890625,106.8544503682814,105.51408770296209,106.24340776915818,9903200.0,0.0,1.954265268843713,110.52911387517719,103.45377568170758,58.697300786194376,30.959692818227882,25.155665330124037,104.61726048787435,98.3743839263916,16.149999618530273,24.407340032943416
15,2026-01-26,MSFT,467.3152770996094,471.2602507862521,459.0874767807031,462.3766075757791,29291200.0,0.0,-6.952493231173094,493.96629835775803,442.176636822906,45.975508900186405,-40.24221138299952,14.424654309666355,471.6689778645833,482.42264963785806,16.149999618530273,24.407340032943416
15,2026-01-26,NKE,63.9888916015625,64.62888050058511,63.7821273440699,63.8116640220158,14765900.0,0.0,0.3887251989021294,66.46474974695296,60.11589714940935,50.32046619139654,35.12426175098001,0.8806761547637022,63.024318313598634,62.69691696166992,16.149999618530273,24.407340032943416
15,2026-01-26,NVDA,186.2428436279297,188.88960930416175,185.76343263076708,186.93200550896393,124799600.0,0.0,0.2529323805176489,191.3420904484555,180.55930725662262,51.37699804700346,47.02795524956121,4.1906890385924465,183.81213989257813,185.87307586669922,16.149999618530273,24.407340032943416
15,2026-01-26,PG,147.27334594726562,148.6427342237785,146.31772804575706,147.8939939935073,12655700.0,0.0,1.3517354837040614,148.0542868198959,134.47194761613926,55.62938925400097,194.62348610817668,13.660720573287488,141.19843292236328,142.3014238993327,16.149999618530273,24.407340032943416
15,2026-01-26,SHW,345.86322021484375,347.10436809741014,343.53979501485486,346.1611138875369,1475600.0,0.0,5.364581228435952,365.82542676001185,315.2559331032694,53.80148002290671,62.23467877446722,8.838566478508554,334.981162516276,334.7150939941406,16.149999618530273,24.407340032943416
15,2026-01-26,TRV,279.5193786621094,281.94040733359213,276.8899914558632,277.2769733006934,1433900.0,0.0,-2.734960447444905,294.28908726685916,263.27322047239863,50.675241317223765,-24.956890381949034,5.873334428541786,281.90699055989586,280.74444376627605,16.149999618530273,24.407340032943416
15,2026-01-26,UNH,346.9457702636719,350.05371308364437,342.6340826093485,349.2249303389971,10399500.0,0.0,4.730977545505084,352.4559342108993,319.5408492363664,55.765152098260586,138.15754586784428,8.5396792323366,333.1422047932943,327.23070271809894,16.149999618530273,24.407340032943416
15,2026-01-26,V,326.5292053222656,330.0182635386976,323.0898668527969,326.0421398816049,7540200.0,0.0,-4.863599370404813,364.8666337701286,312.87260878358234,43.59518135343515,-100.32348991042166,19.075024602867956,341.4108591715495,335.9002227783203,16.149999618530273,24.407340032943416
15,2026-01-26,VZ,38.37866973876953,38.5530304770698,38.2914893696194,38.436791216596106,21081800.0,0.0,-0.10511919036643746,38.97068734370787,37.708189914592914,48.92369413139432,6.311521082384291,8.12590201282669,38.38158836364746,38.48055000305176,16.149999618530273,24.407340032943416
15,2026-01-26,WMT,116.89559936523438,118.09794184181264,116.64718131021117,117.06452182318199,19552200.0,0.0,1.7859476674935308,121.58616077623965,108.57514598645567,59.07872508318136,68.6860060671682,19.407201157464794,114.61760126749674,109.99751777648926,16.149999618530273,24.407340032943416
16,2026-01-27,AAPL,257.5688781738281,261.23891141767155,257.50904348719195,258.4664593428383,49648300.0,1.0,-5.0581854976797445,275.9087129207202,242.4293898014478,46.42853275642365,-40.657902112706836,8.037758935231532,263.70653330485027,268.58459498087564,16.350000381469727,73.27421760538975
16,2026-01-27,AMGN,344.2754821777344,346.16677542947593,339.97349430812994,341.5806240533719,3269600.0,1.0,5.149799531270389,344.76955247418516,308.7276429603852,61.26879063980947,221.0165008740386,20.58187164719908,324.88751118977865,322.49996388753254,16.350000381469727,73.27421760538975
16,2026-01-27,AMZN,244.67999267578125,244.8800048828125,238.0800018310547,239.69000244140625,38029200.0,1.0,1.911381222464371,249.77710480608286,225.52989287458118,56.36554466484053,96.50530437804815,5.657852396743435,234.17366587320964,234.2948331197103,16.350000381469727,73.27421760538975
16,2026-01-27,AXP,357.3390808105469,361.28576752315075,353.68066917994963,361.1267035097893,1916000.0,1.0,-2.8163545137247183,384.189161735636,346.62368921651245,48.83286177753497,-92.90454641863217,5.601796704217396,369.2717712402344,364.22121073404946,16.350000381469727,73.27421760538975
16,2026-01-27,BA,244.55999755859375,254.35000610351562,238.75,242.5,20509200.0,1.0,10.025402515800124,261.5400477453017,213.1249516443467,64.02782114810391,84.13000835756928,27.737455890858463,228.67366739908854,211.58616739908854,16.350000381469727,73.27421760538975
16,2026-01-27,CAT,636.51513671875,641.7156021289474,630.8564344499586,637.6010778091998,1827500.0,1.0,14.771129007825834,666.4227234288039,568.1377074793993,59.95834179086279,89.20497249437409,18.2812027726875,604.0804178873698,586.9731557210287,16.350000381469727,73.27421760538975
16,2026-01-27,CRM,227.37303161621094,234.5465365970097,225.12447866823874,230.76577162679038,9838400.0,1.0,-7.8236773634601775,278.77326703967674,210.02153734264752,41.76704917452512,-103.13500676401155,11.292033590960553,249.3372817993164,245.7378407796224,16.350000381469727,73.27421760538975
16,2026-01-27,CSCO,77.96429443359375,78.1922055847266,76.3491243103284,76.48785020754165,17756700.0,1.0,-0.02755542486231377,77.45129057108319,71.81684221089922,58.65414104066762,106.12694712119577,18.595724307897335,75.29304631551106,75.01945737202962,16.350000381469727,73.27421760538975
16,2026-01-27,CVX,164.45761108398438,164.74946428906767,162.12280028758875,163.21238459694828,9784900.0,1.0,4.011223016607801,168.84237184508137,146.00470457093425,63.298019062136305,100.61074455566191,39.14654478336491,153.34201304117838,150.45709788004558,16.350000381469727,73.27421760538975
16,2026-01-27,DIS,109.76890563964844,110.94985912469389,109.19331422917422,110.65213734096461,8956900.0,1.0,0.1142753347516674,115.12749125937323,109.13213093300958,49.00731359442808,-110.45068583110229,0.5082497412518286,111.81389821370443,109.09691556294759,16.350000381469727,73.27421760538975
16,2026-01-27,GS,920.7946166992188,924.4393417271565,911.5542286469977,915.1295579749972,2012500.0,1.0,15.56031691906071,975.3257733805232,874.5828142659612,57.15764190104539,20.327126912904625,20.111805779229794,911.0272928873698,856.6040720621745,16.350000381469727,73.27421760538975
16,2026-01-27,HD,375.0210266113281,381.0748563661519,372.9603667037797,379.54662512274996,3466100.0,1.0,7.979365337596391,394.2338096577331,329.63688736375127,55.89833570347095,97.41572347066591,11.764291600665302,356.7971608479818,354.3728744506836,16.350000381469727,73.27421760538975
16,2026-01-27,HON,228.5927276611328,230.52776311838505,227.76490001404562,229.027327389945,3357083.0,1.0,6.766436596749003,236.7754938642292,196.7156438310833,64.14484217453304,125.78794205345912,37.81942282238537,212.52367604573567,206.51949768066407,16.350000381469727,73.27421760538975
16,2026-01-27,IBM,287.9932861328125,291.3940113225303,287.4150686393618,291.227421996584,2954900.0,1.0,-2.0387635365530627,305.29109390799346,281.82774459298315,48.36113336526305,-106.04985472866008,3.589402225488072,295.083539835612,296.80396169026693,16.350000381469727,73.27421760538975
16,2026-01-27,JNJ,221.9765625,223.0249255892691,218.27760708174557,219.56334137834915,8154100.0,1.0,4.421161347635632,224.0087370939707,196.96243600173244,69.8007156810305,167.9202356685741,27.13197960458742,209.178591410319,202.3582633972168,16.350000381469727,73.27421760538975
16,2026-01-27,JPM,297.44097900390625,299.08512378237486,295.3016109870806,298.45122352878457,11527400.0,1.0,-4.528595819415159,336.83018754333415,288.6016361871346,44.861408489313334,-138.41562895677671,16.721658419108046,313.8273071289062,309.23289184570314,16.350000381469727,73.27421760538975
16,2026-01-27,KO,72.57913970947266,72.58900228836966,71.31602944284143,71.48379115701083,13239200.0,1.0,0.7374845761896154,72.90879613581956,66.34643534001052,60.555539774035594,199.1227183662175,18.825108871606854,69.54275054931641,69.47448539733887,16.350000381469727,73.27421760538975
16,2026-01-27,MCD,310.28057861328125,310.7053020531534,307.2284478498055,308.4927612095328,2506600.0,1.0,0.43893682891183516,309.96366495550035,296.48258443414807,54.79471291894149,54.75224666811874,13.18443667194827,306.03326009114585,303.27623341878257,16.350000381469727,73.27421760538975
16,2026-01-27,MMM,156.534423828125,159.3768978767421,156.40566559318063,158.11907197854313,4661100.0,1.0,-1.240327272656117,170.6047096549981,152.97141034011912,45.76482258014085,-93.28819862663336,9.37874976534115,161.54755299886068,163.57449544270833,16.350000381469727,73.27421760538975
16,2026-01-27,MRK,106.3616714477539,106.78546270014016,105.29726446233323,105.94773790427767,7907100.0,1.0,1.7447350632874077,110.50278181668757,103.59246201876165,59.29445680286703,28.581515280853456,24.282249679760646,104.9375368754069,98.73696695963541,16.350000381469727,73.27421760538975
16,2026-01-27,MSFT,477.55029296875,479.8258647405344,470.1770874429818,470.7136916421546,29213900.0,1.0,-5.135709573635154,492.8402885261834,442.5941414054572,49.56587790406431,31.280092362005487,7.4891642718150635,471.57325032552086,481.42964426676434,16.350000381469727,73.27421760538975
16,2026-01-27,NKE,62.1181640625,63.831362817779954,61.91139979636119,63.75259333204947,13536700.0,1.0,0.22608612943583495,66.22995128642523,60.5633684157232,47.220780392136106,-8.570068327208809,5.92522977314541,62.87170626322428,62.666633478800456,16.350000381469727,73.27421760538975
16,2026-01-27,NVDA,188.29034423828125,189.76853699604698,185.47377232125424,187.01190478720812,143711600.0,1.0,0.49839235061176623,190.9687714820222,180.73187091299735,52.55501103279112,58.36071945116839,5.275450652328869,184.06483205159506,185.56497701009116,16.350000381469727,73.27421760538975
16,2026-01-27,PG,146.14039611816406,147.42112259537095,145.73647203113578,145.87441052844025,9546000.0,1.0,1.4530123273378592,148.62426293833903,134.35715948597738,54.04521153195252,150.44568683013966,11.857645662508638,141.47994130452474,142.31158472696941,16.350000381469727,73.27421760538975
16,2026-01-27,SHW,343.6291198730469,346.47882058141664,342.88443121752135,345.515688708212,1456500.0,1.0,4.762970516604696,365.50544981568663,317.62528748900087,52.732124634390146,51.36595714475581,8.054739868071161,335.5365346272786,334.7342249552409,16.350000381469727,73.27421760538975
16,2026-01-27,TRV,279.082763671875,281.5633230505216,277.3265385326889,281.2259706086576,1394000.0,1.0,-2.24564656474206,292.8548174072703,263.63092478022975,50.347003984527994,-25.971522850712915,5.873334428541774,281.85373942057294,280.9828358968099,16.350000381469727,73.27421760538975
16,2026-01-27,UNH,278.92608642578125,295.50180147620006,276.6567723884028,290.04562584533727,65836900.0,1.0,-0.5013777577267433,363.84495277966784,303.30441855822284,37.130583433988264,-400.98570500464257,30.274486683715224,331.36524658203126,326.07652893066404,16.350000381469727,73.27421760538975
16,2026-01-27,V,323.3185119628906,326.96658851031486,322.97059506819414,326.51929279034806,6365800.0,1.0,-5.056103156715437,363.3958858343233,311.38710977114545,41.979003051119854,-104.92819983469899,19.196455366053844,340.7359130859375,335.6459940592448,16.350000381469727,73.27421760538975
16,2026-01-27,VZ,38.088069915771484,38.43679139398135,37.96214189415581,38.41741756794975,26108800.0,1.0,-0.10855943508693855,38.949837792499636,37.68354538621131,47.34738139705429,-54.06194521114156,12.224709029072974,38.37467549641927,38.4772523244222,16.350000381469727,73.27421760538975
16,2026-01-27,WMT,116.20002746582031,116.88565611669372,114.74926698887573,116.75648146215053,22968600.0,1.0,1.6068406927589223,121.57239385160378,109.10562281099388,57.74931395484315,33.7080906102416,11.576735857000871,114.67241923014323,110.24077593485514,16.350000381469727,73.27421760538975
17,2026-01-28,AAPL,255.743896484375,258.15731035497566,253.8191275531099,256.95060341967536,41288000.0,2.0,-4.615320812083581,273.770670214521,242.8401345340142,45.11259458259339,-59.294277406266445,12.69734515271909,262.98050994873046,268.34030736287434,16.350000381469727,23.952784999443523
17,2026-01-28,AMGN,335.3579406738281,344.89284931584035,333.18245404238417,342.0019895905649,2347800.0,2.0,4.960472321857992,345.69115952629824,309.03979140143616,56.645753871684676,138.33573341743164,12.66492606470629,325.68715006510416,323.3539545694987,16.350000381469727,23.952784999443523
17,2026-01-28,AMZN,243.00999450683594,247.77999877929688,241.52999877929688,246.3699951171875,40882700.0,2.0,2.1568201925015558,250.25036087610104,226.15063552282473,55.33357054628979,104.5886596358306,8.997613824053579,234.7343322753906,234.63066635131835,16.350000381469727,23.952784999443523
17,2026-01-28,AXP,354.89349365234375,359.44661365701097,354.45607521508254,357.13028006810157,2386500.0,2.0,-3.1244679769202435,383.58663175059974,345.4866836790877,47.940336773939215,-94.21209333022769,5.601796704217401,368.4525421142578,364.2030756632487,16.350000381469727,23.952784999443523
17,2026-01-28,BA,241.58999633789062,245.86000061035156,237.10000610351562,244.08999633789062,9999200.0,2.0,9.085213053265022,260.88061200675594,216.21838701668156,61.70840523320017,58.80756234553383,25.03382402854332,229.91400044759115,212.27800064086915,16.350000381469727,23.952784999443523
17,2026-01-28,CAT,640.8687744140625,644.853780913422,626.6223275337533,635.578619912044,2720700.0,2.0,14.60625529733204,666.5248248141105,574.6129193265145,60.6096377545917,85.25767297123048,16.19205653408967,605.634092203776,587.9941670735677,16.350000381469727,23.952784999443523
17,2026-01-28,CRM,226.80592346191406,230.68617302822608,226.5173831306909,228.22867657571544,8465900.0,2.0,-7.766768629069787,276.30551452610035,208.68166503932932,41.5492161491262,-97.99419569868151,11.29203359096056,248.21474609375,245.268953704834,16.350000381469727,23.952784999443523
17,2026-01-28,CSCO,78.24174499511719,78.32101909513113,77.31029321993906,78.21201909761052,14022900.0,2.0,0.24058465922932726,77.83927699953706,71.58581836789459,59.16792219466503,125.16439603155179,19.147309512199868,75.34503860473633,75.12578239440919,16.350000381469727,23.952784999443523
17,2026-01-28,CVX,165.31370544433594,165.79039953751808,163.6307064656447,165.34290412652973,9200200.0,2.0,4.088102495878303,169.14089771590278,147.5487263075347,63.98709028594433,103.97264481629537,40.84079200934486,153.988623046875,150.75066095987955,16.350000381469727,23.952784999443523
17,2026-01-28,DIS,108.72688293457031,110.58266583202987,108.17114370169651,109.44140913191045,9016600.0,2.0,-0.09295764872329926,115.2019902673786,108.59815240229914,47.580085907597685,-150.58834123123188,4.0449376953870795,111.77122522989909,109.07163607279459,16.350000381469727,23.952784999443523
17,2026-01-28,GS,927.8165893554688,928.1731188352726,913.9014819286365,923.5578815932334,1674100.0,2.0,14.364855185323108,973.6258437744128,880.7029037841809,57.99456318242867,29.59843481121448,21.11718123529907,912.6399943033854,859.0891174316406,16.350000381469727,23.952784999443523
17,2026-01-28,HD,370.0320739746094,375.65207772428147,368.4052402857728,374.8731581670115,3371500.0,2.0,7.262856293171808,394.45519239236637,332.1614122218914,53.6397035707097,67.69533645402575,6.9406040919575,357.31150512695314,354.3431162516276,16.350000381469727,23.952784999443523
17,2026-01-28,HON,224.1742401123047,228.9652556956492,223.7085964375382,227.661441362107,4870001.0,2.0,6.318517028624711,237.09636763280503,198.41776047998792,59.9923267642437,92.59537499773326,27.273180889901916,213.31631622314453,206.82512664794922,16.350000381469727,23.952784999443523
17,2026-01-28,IBM,288.2873229980469,290.04159538428166,285.445225273271,288.29713292631703,5790300.0,2.0,-2.1637072970115696,304.58310185679557,281.4008581041419,48.48489414557796,-113.58974881119062,5.676756012832272,294.5909098307292,296.57202301025393,16.350000381469727,23.952784999443523
17,2026-01-28,JNJ,225.22056579589844,226.0612423044947,223.5985669004937,223.91504676014566,9026500.0,2.0,4.891704625417219,226.27101085415558,196.69403583773897,71.73902617426677,188.71252975232372,31.361255411492166,209.71068674723307,203.01535059611004,16.350000381469727,23.952784999443523
17,2026-01-28,JPM,297.89654541015625,299.03558292254246,295.2025300603667,297.4013222225187,9556700.0,2.0,-4.709750342771883,336.42990954179294,286.8698554728555,45.10124075564348,-124.55955361853655,16.81143986549474,313.28851318359375,309.1127095540365,16.350000381469727,23.952784999443523
17,2026-01-28,KO,72.09559631347656,72.64820936187252,71.61206648372996,72.24361780016629,14633700.0,2.0,0.78938567993481,73.22462739348002,66.31677580476217,58.71709110950438,173.08036040677064,19.218112224805058,69.62629954020183,69.54950052897135,16.350000381469727,23.952784999443523
17,2026-01-28,MCD,308.96685791015625,312.4042239648195,307.7914380585735,311.13991061315164,2184500.0,2.0,0.7133836551136028,310.62446600803133,296.2435485183359,53.7782400853562,61.10315879955727,15.73656265808942,305.90419413248696,303.47664642333984,16.350000381469727,23.952784999443523
17,2026-01-28,MMM,154.4446563720703,158.16859539013817,153.63251229467662,156.34624321826254,4323000.0,2.0,-1.6195798824751648,170.8927527462818,152.11091088897214,44.20613836013453,-133.17024510420092,13.979150421099343,161.11969604492188,163.41276423136392,16.350000381469727,23.952784999443523
17,2026-01-28,MRK,105.35640716552734,106.37153316386821,104.49896691954349,105.30712613834945,7491700.0,2.0,1.4804981781492756,110.48556740849163,103.63727270991656,57.60446644545018,7.528330213700746,21.064375632462347,105.18228454589844,99.08768183390299,16.350000381469727,23.952784999443523
17,2026-01-28,MSFT,478.5937194824219,480.69040309270366,474.9865988275796,480.16374552458444,36875400.0,2.0,-3.5705406662268615,491.93514054054845,442.95573775535,49.91690140733478,46.56253907159312,6.813188011325558,471.675932820638,480.7150482177734,16.350000381469727,23.952784999443523
17,2026-01-28,NKE,61.28125762939453,62.50215458473394,61.01541625461844,62.078777997787085,10363600.0,2.0,0.02932411021097181,66.07356276762486,60.821170661330214,45.91193532332092,-36.42253795224073,8.96810597603964,62.70005836486816,62.62973918914795,16.350000381469727,23.952784999443523
17,2026-01-28,NVDA,191.28668212890625,192.1156727976695,189.60872088942648,191.0369866951896,148552700.0,2.0,0.9240487133209854,191.613477359845,180.41676250831907,54.2336026113174,108.28647529223268,8.148359430648224,184.6141616821289,185.37589569091796,16.350000381469727,23.952784999443523
17,2026-01-28,PG,145.15521240234375,146.50490801834093,144.61336489464628,145.80542941158075,7465800.0,2.0,1.4372115827423215,148.9963060397319,134.35841655548296,52.695312162186234,110.3215921894687,8.419780240733166,141.660785929362,142.29211959838867,16.350000381469727,23.952784999443523
17,2026-01-28,SHW,347.1242370605469,348.0873690050717,342.9837544965794,343.7383820865258,2525500.0,2.0,4.516156993613265,365.1433808440712,320.4070982819054,54.20520447833802,56.770632225139586,9.70583398770519,336.2285990397135,334.77578125,16.350000381469727,23.952784999443523
17,2026-01-28,TRV,279.8468322753906,280.5413708249207,275.8283073834395,278.2592680074693,1416200.0,2.0,-1.7757382316917187,291.3755530794397,264.1288841764196,50.92248589262689,-30.270461891570186,3.2281739336436215,281.74558817545574,281.182899983724,16.350000381469727,23.952784999443523
17,2026-01-28,UNH,290.094970703125,291.0027024164021,279.9324825435024,279.9324825435024,23396900.0,2.0,-3.7041225941717926,367.6938653452004,296.0101202505027,40.50747631625538,-306.9938433826493,30.274486683715217,329.7925262451172,325.2801773071289,16.350000381469727,23.952784999443523
17,2026-01-28,V,325.02825927734375,326.4298465929955,322.9407881617898,324.77975153347825,8106000.0,2.0,-5.012915703165277,361.5614063456632,310.4750835225008,43.140217247343365,-93.323395187814,19.227788985386734,340.04506327311196,335.35825703938804,16.350000381469727,23.952784999443523
17,2026-01-28,VZ,38.17525100708008,38.611152863083746,38.126818288675125,38.17525100708008,24412500.0,2.0,-0.1030630219848021,38.92510413099801,37.671503077253945,47.86866278540689,-15.566755559987344,9.548077552518533,38.34940401713053,38.49524408976237,16.350000381469727,23.952784999443523
17,2026-01-28,WMT,115.83236694335938,116.71673458641514,115.13679944245614,115.9019236934497,16342000.0,2.0,1.4188740960296684,121.55027067675762,109.52918946728535,57.04738658467727,31.914291398408682,11.576735857000871,114.6681137084961,110.48170776367188,16.350000381469727,23.952784999443523
18,2026-01-29,AAPL,257.5788879394531,258.94516415300217,253.7193980705993,257.29964922744847,67253000.0,3.0,-4.069369722256027,271.55071135623587,243.58411072628368,46.684417007087504,-48.79536776741321,11.450046430583589,262.4542770385742,268.14370651245116,16.8799991607666,145.3932667730755
18,2026-01-29,AMGN,336.0634765625,340.3066395956406,331.95749074212335,334.809143919169,3153100.0,3.0,4.811891504213975,346.6073354559811,309.5200418633548,56.9118527763939,108.06419972567173,11.301329122877934,326.263032023112,324.1154301961263,16.8799991607666,145.3932667730755
18,2026-01-29,AMZN,241.72999572753906,243.0,236.74000549316406,242.82000732421875,47229600.0,3.0,2.2224283696238274,250.49947868339888,226.82151741035113,54.54179633524506,59.87714549417482,2.7805989277763175,235.3739990234375,234.58916625976562,16.8799991607666,145.3932667730755
18,2026-01-29,AXP,356.3946228027344,360.1623736138545,353.5613540433259,358.15421713158395,4217500.0,3.0,-3.2105127468922205,383.01124451920606,344.66409117415327,48.53758728335764,-83.86190694403588,6.357073889057851,367.6830190022786,364.1793746948242,16.8799991607666,145.3932667730755
18,2026-01-29,BA,234.0399932861328,243.77000427246094,233.35000610351562,242.0800018310547,9142500.0,3.0,7.64278274027518,259.7174255697612,218.93557278228954,56.34118244035772,32.630420468354465,19.106782456109347,230.8653335571289,212.828333791097,16.8799991607666,145.3932667730755
18,2026-01-29,CAT,662.7464599609375,677.4411722872061,640.3208248445067,652.7141982149842,4441900.0,3.0,16.05585616268047,669.1083577223382,580.9157328538337,63.68061870239307,133.56496977476024,26.52457623009309,608.186376953125,589.4773783365886,16.8799991607666,145.3932667730755
18,2026-01-29,CRM,212.99618530273438,216.1799817205514,207.7230144205324,215.57306934234734,18555600.0,3.0,-8.735303364065174,274.49480964243446,205.33461235463585,36.72433441849967,-151.90138923040308,25.598046429605613,246.88518676757812,244.5076550801595,16.8799991607666,145.3932667730755
18,2026-01-29,CSCO,77.7165756225586,78.7570275065103,76.92384965764347,78.39039042473792,22642900.0,3.0,0.4060303630944162,78.11908642384893,71.44790805246944,57.76242934494438,114.38797173341081,21.021151212905334,75.36474075317383,75.22006912231446,16.8799991607666,145.3932667730755
18,2026-01-29,CVX,166.53948974609375,170.1681571703616,166.3935557089409,167.95981937104128,16786600.0,3.0,4.199531006605071,169.52751571898736,148.99882095093452,64.96148730674295,121.37617190625657,47.23240009977918,154.6822540283203,150.99730733235677,16.8799991607666,145.3932667730755
18,2026-01-29,DIS,110.73152923583984,110.82084122684826,107.93297328021896,108.79635281215113,11079000.0,3.0,-0.09434552172947974,114.93872914620177,108.5428550212787,50.45181799792612,-114.60798487502521,3.1609992799790922,111.80728251139323,109.06695276896158,16.8799991607666,145.3932667730755
18,2026-01-29,GS,931.0947875976562,946.2083003675783,916.2487021555244,928.3018525104284,2335400.0,3.0,13.526046505158433,969.6372630350702,890.2080189473518,58.38715208535474,48.357469177189856,25.78417863176848,914.3081563313802,861.6417744954427,16.8799991607666,145.3932667730755
18,2026-01-29,HD,366.591064453125,371.7969502160774,364.9543615309749,369.6376878739626,4744500.0,3.0,6.344224729094776,393.98335321033176,335.1435114136917,52.136599412747344,47.58145560062318,3.4417605522353005,357.79857177734374,354.255354309082,16.8799991607666,145.3932667730755
18,2026-01-29,HON,235.14288330078125,235.78444749738335,228.45821916765334,228.9342057833142,6622248.0,3.0,6.770568481412965,238.90509983901697,199.80442317123695,65.69534880606703,134.37826155669987,35.81493387927917,214.3438507080078,207.29265060424805,16.8799991607666,145.3932667730755
18,2026-01-29,IBM,303.06622314453125,313.5134070489603,297.4114280559865,311.5141258938178,10124900.0,3.0,-1.0579964731838345,305.7244381670735,280.96416351749684,54.193114022377564,159.7625423088422,16.584765266067098,294.6098561604818,296.6294469197591,16.8799991607666,145.3932667730755
18,2026-01-29,JNJ,224.79527282714844,227.47553468029685,224.58758622487807,226.29859362973275,9645300.0,3.0,5.170691462349595,228.0426485483897,196.93802924702044,71.11994403462514,171.6418511491978,33.22864366074979,210.14321950276693,203.66829783121744,16.8799991607666,145.3932667730755
18,2026-01-29,JPM,303.49261474609375,303.898671192008,299.3327275624257,299.51100066931883,11580000.0,3.0,-4.351598066833901,335.66946090802236,286.09038711443856,47.97668291198889,-81.2332913994456,10.74910258564709,312.8869557698568,309.05818735758464,16.8799991607666,145.3932667730755
18,2026-01-29,KO,72.4607162475586,73.11200026025516,72.17454337592267,72.21401627497787,20862100.0,3.0,0.8501794661584228,73.57720981063872,66.29575771865817,59.673430946287056,180.95654303448674,22.26774597650851,69.70721715291342,69.63190752665201,16.8799991607666,145.3932667730755
18,2026-01-29,MCD,311.6436767578125,313.5105005837585,308.4335030133558,309.0755317335254,3211300.0,3.0,1.1338117756817496,311.8765460066898,295.7303051895993,55.51758099244515,88.08968913134738,17.372780903757484,305.7981770833333,303.78713073730466,16.8799991607666,145.3932667730755
18,2026-01-29,MMM,154.8804473876953,157.22771617267665,153.14722846925636,155.96989021180374,4137000.0,3.0,-1.863494411628551,171.08504475867917,151.44421244346924,44.61308465808876,-133.6077129339156,14.762474784712653,160.8120091756185,163.25747426350912,16.8799991607666,145.3932667730755
18,2026-01-29,MRK,106.77560424804688,108.34264910776955,105.55351152471555,105.78019371269596,13572800.0,3.0,1.3698155063115678,110.38907949242532,103.95846842017234,59.29866572549526,39.65592205431794,25.960939987002675,105.44772872924804,99.46693598429361,16.8799991607666,145.3932667730755
18,2026-01-29,MSFT,430.7671203613281,439.71038237575016,418.365786117595,437.21619626544543,128855300.0,3.0,-6.118806088416193,492.9079633544648,436.61894094241023,37.53088984739174,-242.6698957708828,34.65485234787822,470.3072825113932,479.33476003011066,16.8799991607666,145.3932667730755
18,2026-01-29,NKE,61.635711669921875,61.97047447956156,60.51327276581702,60.976034114537256,12739400.0,3.0,-0.0968928088571559,65.84312551764663,61.19043618889635,46.56089917261162,-39.00562418627244,10.643770263311811,62.53005154927572,62.60380738576253,16.8799991607666,145.3932667730755
18,2026-01-29,NVDA,192.27548217773438,193.244301759811,185.83334250366076,191.10690928022157,171764400.0,3.0,1.325888332292294,192.5066634601429,180.0199707561657,54.77977328233536,95.95858663256888,2.9526786179973477,185.15417022705077,185.209952545166,16.8799991607666,145.3932667730755
18,2026-01-29,PG,147.67726135253906,147.90386171227883,144.9286383741246,145.1059620999764,11035600.0,3.0,1.6096426924595164,149.79637429012783,134.23472159610262,55.630197969981175,135.45671555026738,11.908473164591472,141.8510274251302,142.30180892944335,16.8799991607666,145.3932667730755
18,2026-01-29,SHW,352.0689392089844,353.15124676509896,339.57804097590497,347.02492783941165,2645600.0,3.0,4.665767572984009,365.0364536198154,323.3358974544033,56.20280284880083,64.24711453600823,14.694580516382153,337.0934305826823,334.94861857096356,16.8799991607666,145.3932667730755
18,2026-01-29,TRV,282.0793151855469,284.51024534983674,280.22386150725407,281.89079023938444,1764100.0,3.0,-1.209250294369781,289.86993745534335,264.83179289133636,52.5835792066446,7.175317711642784,9.429225221885554,281.53722127278644,281.45953979492185,16.8799991607666,145.3932667730755
18,2026-01-29,UNH,288.3880920410156,291.65390288872567,285.3590676854078,290.40083744425385,13456400.0,3.0,-6.307344651678193,370.6585549693345,289.11165987441547,40.16639586123873,-250.643667025112,29.784267402822394,328.18724670410154,324.50748443603516,16.8799991607666,145.3932667730755
18,2026-01-29,V,329.8194580078125,331.370143867361,321.5789632505275,328.03021442692346,10214200.0,3.0,-4.539748247347404,359.53193703404656,310.33557700403935,46.25820787949824,-70.38073480558823,11.794836908120761,339.54506530761716,335.22130533854164,16.8799991607666,145.3932667730755
18,2026-01-29,VZ,38.56271743774414,39.037363218045975,38.24305486738719,38.33992399257685,44347500.0,3.0,-0.06667320503431284,38.89196661785881,37.685663997375556,50.13828960084523,72.50196258804769,3.31692615111078,38.339904657999675,38.50731563568115,16.8799991607666,145.3932667730755
18,2026-01-29,WMT,116.66705322265625,116.91547126537773,115.33552857148821,115.71312126722275,16381100.0,3.0,1.3220219744788295,121.48148744270439,110.14349958732491,58.2394813021629,41.84048206538584,12.221783425212966,114.68864974975585,110.75390485127767,16.8799991607666,145.3932667730755
19,2026-01-30,AAPL,258.775634765625,261.1890484668085,251.49543285360957,254.47732177254832,92443400.0,4.0,-3.499788697400163,269.4223038666347,244.47788076471292,47.69498514976616,-42.21576242190128,7.930559891849014,261.9513137817383,267.98897120157875,17.440000534057617,166.1951286150887
19,2026-01-30,AMGN,335.0247497558594,338.5721580304933,331.2911489005656,333.97619783438563,2522400.0,4.0,4.557784263601832,347.2343329042192,310.3208306699996,56.38477009264785,87.44878125468693,10.54841220485843,326.75757853190106,324.8941360473633,17.440000534057617,166.1951286150887
19,2026-01-30,AMZN,239.3000030517578,243.32000732421875,237.63999938964844,239.88999938964844,46585000.0,4.0,2.054658398992018,250.33389175783105,227.83510390867286,53.05097802610409,50.96351499317975,3.162330006346471,235.93199920654297,234.34416631062825,17.440000534057617,166.1951286150887
19,2026-01-30,AXP,350.101806640625,353.9192516363068,342.4768372916697,352.9151734065101,5381200.0,4.0,-3.7433307334841857,383.0520442642022,342.9372501693915,46.23722025574872,-130.7647511463748,15.066216735177854,366.7639129638672,364.0360799153646,17.440000534057617,166.1951286150887
19,2026-01-30,BA,233.72000122070312,234.64999389648438,229.94000244140625,233.5,6916100.0,4.0,6.400049848920929,257.9241691909864,222.38882977141594,56.12714311338949,6.343221400965978,14.02229621131833,231.76566670735676,213.3145004272461,17.440000534057617,166.1951286150887
19,2026-01-30,CAT,654.8959350585938,675.2892368637702,647.8723734626461,653.1923837441966,3300100.0,4.0,16.382357917821537,666.7602112561674,591.8144225328952,61.889498680085545,121.99039664955336,26.524576230093093,610.5044759114584,590.9402384440104,17.440000534057617,166.1951286150887
19,2026-01-30,CRM,211.21524047851562,214.4587459115801,209.96162489992233,213.07578362115376,11090400.0,4.0,-9.536648930291989,272.261875310095,202.33218596920187,36.164074606601595,-137.0811358244532,25.59804642960562,245.48533630371094,243.70127741495767,17.440000534057617,166.1951286150887
19,2026-01-30,CSCO,77.6075668334961,78.08320387063449,77.01302620706878,77.3796556873686,26458400.0,4.0,0.5223300810909137,78.4035310086298,71.3319166842413,57.46929710330988,100.27043353253214,21.02115121290534,75.40380732218425,75.29052670796712,17.440000534057617,166.1951286150887
19,2026-01-30,CVX,172.09437561035156,172.48351822307256,166.61732879029327,167.9306461420104,22946600.0,4.0,4.6820994414275106,170.87550215355583,150.03330674536994,68.90555924014954,136.83824224696974,50.177522653679375,155.65995330810546,151.39554341634116,17.440000534057617,166.1951286150887
19,2026-01-30,DIS,111.94225311279297,112.09110643080152,110.14601150456994,110.51320068887615,17895200.0,4.0,0.002224237714699484,114.84548747729613,108.53983509350465,52.0916137819493,-24.633399218051604,1.4579522166902528,111.84631678263347,109.09066263834636,17.440000534057617,166.1951286150887
19,2026-01-30,GS,926.4299926757812,937.9087547192612,914.3075069329105,924.9840474330892,1893700.0,4.0,12.342596844536047,961.0907575576633,904.3413713485867,57.59476727577003,31.232723989974,24.960985889004007,916.1654866536459,864.1799224853515,17.440000534057617,166.1951286150887
19,2026-01-30,HD,369.33203125,369.8545906553002,363.37680381074097,367.1826382311588,3755600.0,4.0,5.77085290936526,393.01315604428544,339.119909751613,53.21687142773831,43.38724794431711,1.8656436113438744,358.5186533610026,354.23352101643883,17.440000534057617,166.1951286150887
19,2026-01-30,HON,235.43263244628906,237.57461748222772,233.34237723346396,234.62550568641058,6406757.0,4.0,7.070696263935275,240.01833382740162,202.0469753156648,65.82846129450992,136.20749080255018,37.798903766725395,215.3531041463216,207.8260353088379,17.440000534057617,166.1951286150887
19,2026-01-30,IBM,300.57696533203125,301.6353907430867,293.74611521173426,301.4589914926302,5940700.0,4.0,-0.37821515211442147,306.5552767009857,281.16138284491274,53.16662059233646,60.77750837773081,12.747942953838281,294.7248463948568,296.6889180501302,17.440000534057617,166.1951286150887
19,2026-01-30,JNJ,224.75572204589844,225.9920021451608,222.8567976243886,225.7546309332309,11045500.0,4.0,5.327190586087511,229.50842674765877,197.47997046913812,71.06094920884516,141.34672229564404,28.792713834374073,210.7349853515625,204.36333694458008,17.440000534057617,166.1951286150887
19,2026-01-30,JPM,302.9676818847656,304.98817089860455,299.66947824936375,302.333781642444,11953200.0,4.0,-4.063278556768125,334.95410049505654,285.33166000299036,47.734069670722434,-74.06321579593185,9.432845771236863,312.61481424967445,309.0240030924479,17.440000534057617,166.1951286150887
19,2026-01-30,KO,73.82249450683594,73.91131040841778,72.56926200762301,72.737016175551,26420500.0,4.0,0.9967531544963748,74.17802840409638,66.17847031416534,62.982061628079656,199.1560906027018,27.16962507406166,69.85326334635417,69.75219968159993,17.440000534057617,166.1951286150887
19,2026-01-30,MCD,311.1399230957031,312.1770441152451,307.7519622786828,311.7918389327558,2983200.0,4.0,1.4101006176031774,312.916617836978,295.6157521581392,55.11382287989607,77.47958469184033,15.938020827547025,305.81464029947915,304.12292938232423,17.440000534057617,166.1951286150887
19,2026-01-30,MMM,151.6913299560547,155.22708884472834,150.5424497389488,154.17725575796513,4738200.0,4.0,-2.287761665066114,171.5841182164267,150.2577946253702,42.27862164841601,-174.61793808546219,18.864938548869432,160.48055267333984,163.11987228393554,17.440000534057617,166.1951286150887
19,2026-01-30,MRK,108.677734375,108.94383987509906,106.39123470818386,107.02199271839324,19060600.0,4.0,1.419224756380146,110.26241421100745,104.57889896037928,61.43541619302927,66.1275636306233,27.382236452722807,105.84195276896159,99.93473332722982,17.440000534057617,166.1951286150887
19,2026-01-30,MSFT,427.577392578125,436.8286984461687,423.7616041817895,436.4014165119217,58566800.0,4.0,-8.300031571829493,493.75331678417876,430.47421007129003,36.899193859413906,-205.01807139570138,34.65485234787822,468.7803029378255,477.9142033894857,17.440000534057617,166.1951286150887
19,2026-01-30,NKE,60.857879638671875,61.55694189180872,60.08004790329873,61.28125621585293,14309200.0,4.0,-0.25672579570418463,66.01797537448103,60.82851319668597,45.32632075798354,-51.83231453191639,12.088046152310833,62.35577812194824,62.596544901529946,17.440000534057617,166.1951286150887
19,2026-01-30,NVDA,190.8971710205078,194.25307849059112,189.23918956869622,190.97707539362895,179489500.0,4.0,1.5156593564678076,193.0728942091885,179.91617744608496,53.85304175992028,112.6081615114404,4.224525030713481,185.60062611897786,184.9479642232259,17.440000534057617,166.1951286150887
19,2026-01-30,PG,149.51954650878906,149.71657788628465,146.9383858562462,148.19940471125457,12651400.0,4.0,1.873357703221302,150.89499910703486,134.0690878070276,57.61722167443813,164.1417072584907,16.18819913995582,142.10006968180338,142.3805165608724,17.440000534057617,166.1951286150887
19,2026-01-30,SHW,352.1285400390625,355.4647307889169,348.56393688346424,349.5667940047828,2222200.0,4.0,4.73456718061135,363.93154797339827,327.4801280519924,56.22661165636382,79.36228899280117,16.86538244572475,337.9794443766276,335.1108922322591,17.440000534057617,166.1951286150887
19,2026-01-30,TRV,282.297607421875,283.776011217202,279.17207817900976,282.4563668659783,2389900.0,4.0,-0.7342264580216806,288.8464130820447,265.304633670885,52.74536088193358,4.032786866824127,7.540064744827429,281.36854349772136,281.7556310017904,17.440000534057617,166.1951286150887
19,2026-01-30,UNH,283.099609375,289.03926441710115,280.8993981188336,288.200605503728,12022200.0,4.0,-8.696900782322018,373.58618141026193,281.92367576747245,39.11086541343941,-230.09843523880195,31.607535377567768,326.6326131184896,323.77356821695963,17.440000534057617,166.1951286150887
19,2026-01-30,V,319.90899658203125,331.0123366577452,319.68038885726673,330.2369936591709,11199100.0,4.0,-4.907876100858914,358.0850765154273,308.911679466018,41.40033233100265,-86.6343353732258,13.928093318661986,338.77369791666666,334.9826721191406,17.440000534057617,166.1951286150887
19,2026-01-30,VZ,43.125152587890625,43.231706789539224,40.083531936225555,40.69379086264621,123584700.0,4.0,0.32655208466832164,40.750654510703484,36.26138658121546,67.4175514585859,666.9559744116409,34.57079301382765,38.484073384602866,38.59971243540446,17.440000534057617,166.1951286150887
19,2026-01-30,WMT,118.3861083984375,118.65440414488165,115.86218003467862,116.17022357989663,22215400.0,4.0,1.3682075117935852,121.43286473832956,110.9602314225591,60.5709383071353,71.04903660697043,17.658914881024256,114.81186548868816,111.04797681172688,17.440000534057617,166.1951286150887
20,2026-02-02,AAPL,269.2770690917969,269.7557466562268,258.50636737104884,259.3241487899344,73913400.0,0.0,-2.1759308690304238,269.1542155490183,244.64624374053244,55.373449201895106,35.98214648402261,4.037821353255616,261.8904810587565,267.99281946818036,16.34000015258789,101.05476229153808
20,2026-02-02,AMGN,337.7685852050781,339.04253598500384,332.60426824146305,332.6630627491589,1899900.0,0.0,4.5256382931042936,348.1119387560474,311.11305514043704,57.461334132470874,93.05926057551353,10.988123672763328,327.367431640625,325.7120854695638,16.34000015258789,101.05476229153808
20,2026-02-02,AMZN,242.9600067138672,245.6300048828125,238.1699981689453,238.30999755859375,37546100.0,0.0,2.191765883377684,249.5779686277757,230.23702771011494,54.96880136619355,72.12721429207978,5.920829552041877,236.65499928792318,234.23816630045573,16.34000015258789,101.05476229153808
20,2026-02-02,AXP,350.7579040527344,353.2133995722573,344.9721065184461,348.2924878907997,2603200.0,0.0,-4.0657834281844885,382.4435422454624,341.5674349273891,46.510641888762585,-114.9575624431704,15.06621673517785,366.0366271972656,363.92240142822266,16.34000015258789,101.05476229153808
20,2026-02-02,BA,233.02000427246094,236.2899932861328,230.3300018310547,232.63999938964844,6105300.0,0.0,5.2976234698072915,257.56023378030284,223.27776518209953,55.648730005039994,4.38356142352633,15.810353251980883,232.65533345540365,213.89733378092447,16.34000015258789,101.05476229153808
20,2026-02-02,CAT,688.3201904296875,688.7884603174838,654.965705145667,657.3467611470082,4450000.0,0.0,19.117792964497085,676.3321380242755,591.5969818487713,66.09026146379826,155.11191194931607,30.332240140129212,614.8325764973958,593.3413401285808,16.34000015258789,101.05476229153808
20,2026-02-02,CRM,209.74273681640625,215.79195762501485,208.73785557506747,213.2648234781596,7950900.0,0.0,-10.17326869533548,271.43951426649,198.89522084093187,35.69826141985414,-125.36340750862827,24.078996146568304,243.92945149739583,242.98459142049154,16.34000015258789,101.05476229153808
20,2026-02-02,CSCO,79.90646362304688,80.42173771525579,77.29047879181573,77.40938994232417,28238600.0,0.0,0.7908833922934662,79.2884391460134,70.9028236713694,61.70865406221219,158.2538106166859,30.293824993495942,75.57042821248372,75.43428891499838,16.34000015258789,101.05476229153808
20,2026-02-02,CVX,169.3023223876953,171.481476181949,167.95980653867312,168.72835381385306,14235300.0,0.0,4.784094972983269,171.6096139769192,151.06294309095188,65.09558111705918,121.69476159028922,50.17752265367936,156.454758199056,151.7576680501302,16.34000015258789,101.05476229153808
20,2026-02-02,DIS,103.6557388305664,107.78410901469849,102.96106479543799,103.21908982479103,37778500.0,0.0,-0.583173520137322,116.10771313609843,106.54323596058126,42.20263137021727,-345.7097380744813,19.6046181889642,111.6418830871582,108.9869426727295,16.34000015258789,101.05476229153808
20,2026-02-02,GS,937.2451782226562,940.3253074824875,903.3239807815754,923.1814871937376,1802000.0,0.0,12.137486164374081,959.6704425521709,908.9299724868915,58.931523208040836,30.051292870284726,20.350780670377986,918.6084737141927,866.8111053466797,16.34000015258789,101.05476229153808
20,2026-02-02,HD,372.8125,374.3210228955687,363.07117616645877,368.98695694738984,4757200.0,0.0,5.53350949892922,391.9978184338961,343.31990922723674,54.563933239736315,51.7729100980717,6.057934290605654,359.2209889729818,354.19246877034504,16.34000015258789,101.05476229153808
20,2026-02-02,HON,235.47401428222656,236.30184198680163,232.90777248643587,234.1081121193982,4304576.0,0.0,7.228562493405747,240.62265036836948,204.72083412870086,65.84804037403651,120.77094389074821,36.73742349515487,216.3075149536133,208.3825678507487,16.34000015258789,101.05476229153808
20,2026-02-02,IBM,308.4466552734375,310.3185271019021,300.29275084289606,301.3707961247758,4581200.0,0.0,0.7864687289736594,308.652449242094,281.34083383896063,55.89858828194805,170.2548594609904,19.25985101138073,295.0975870768229,296.9425786336263,16.34000015258789,101.05476229153808
20,2026-02-02,JNJ,228.21730041503906,228.65247341332187,224.75571622672862,225.8139792081263,8187500.0,0.0,5.665232440843965,231.4301384202422,197.87257459245313,73.08256468419206,149.1525755739513,32.373213328000226,211.4081807454427,205.10624109903972,16.34000015258789,101.05476229153808
20,2026-02-02,JPM,305.1961669921875,306.3450582127215,298.49082554616626,301.55130128288636,9839400.0,0.0,-3.6133111422296906,333.7220856628794,284.99100027462055,48.86958456636328,-64.27109963950674,7.782448924679566,312.43568929036456,309.028603108724,16.34000015258789,101.05476229153808
20,2026-02-02,KO,74.33563995361328,74.70075110650464,73.41791572472846,74.01986427962527,19301500.0,0.0,1.141165759011244,74.77698051950226,66.19232108572236,64.1293013974979,202.66129460064334,31.578057380171444,70.00654627482096,69.86977513631184,16.34000015258789,101.05476229153808
20,2026-02-02,MCD,314.6266784667969,315.6045371939172,311.3473550721167,315.0909202132944,3309800.0,0.0,1.8886424393940615,314.52496983564663,295.5156917854471,57.335514410535914,134.65863847993856,20.964263129221834,305.8093729654948,304.4703659057617,16.34000015258789,101.05476229153808
20,2026-02-02,MMM,151.95872497558594,152.16671789743276,149.10635208826977,152.07758455055688,5393500.0,0.0,-2.572762769021125,171.8982973967973,149.11265993962851,42.539417589080394,-182.73242875858284,21.032632539318914,160.1920130411784,163.01302490234374,16.34000015258789,101.05476229153808
20,2026-02-02,MRK,111.73297882080078,112.24546689082844,108.36235673228326,108.529907705249,18000100.0,0.0,1.6854854094450076,110.9517973511056,104.57152418209753,64.52956156079335,146.12284563635723,34.52310176291215,106.30812301635743,100.43113835652669,16.34000015258789,101.05476229153808
20,2026-02-02,MSFT,420.70098876953125,428.02452201181774,419.58805431821895,427.5276741085398,42219900.0,0.0,-10.462926695168562,496.0325037825028,423.26927234054415,35.564247282212214,-202.83548598634079,36.15942630908092,467.0330546061198,476.4236735026042,16.34000015258789,101.05476229153808
20,2026-02-02,NKE,61.2221794128418,61.606171250840674,60.20804673751802,60.7101890435314,11006300.0,0.0,-0.34996446955991445,66.10351466714825,60.63466816366229,46.01979161224232,-41.429003035080996,11.875479906747612,62.240580495198564,62.6185084660848,16.34000015258789,101.05476229153808
20,2026-02-02,NVDA,185.38388061523438,190.06816944570554,184.65477420739685,186.97193993484487,165794100.0,0.0,1.2072612449998417,192.84988160006426,179.81558318265056,50.32977483644944,11.30649633882815,1.824250943321083,186.08903045654296,184.73041381835938,16.34000015258789,101.05476229153808
20,2026-02-02,PG,150.91848754882812,151.45047376679855,149.0072516350481,150.15990096775937,10554900.0,0.0,2.1702196583999296,152.103046135652,134.08261518026598,59.05752980932418,185.04752568076216,20.032453018845082,142.31096445719402,142.49639816284179,16.34000015258789,101.05476229153808
20,2026-02-02,SHW,353.8363037109375,359.8534156847798,353.5185929263688,355.8519566808481,1909800.0,0.0,4.870746685419249,362.9916772284425,331.25179811335437,56.92076910314805,93.0009542297236,20.819529408231062,338.91973571777345,335.3455454508464,16.34000015258789,101.05476229153808
20,2026-02-02,TRV,283.4089050292969,287.0702134828798,282.26785365016485,283.6867264979574,1942200.0,0.0,-0.26503901119650664,288.91581039480985,265.2788948053855,53.579475909123886,32.44814785892773,12.437844017863679,281.1820068359375,281.9117838541667,16.34000015258789,101.05476229153808
20,2026-02-02,UNH,281.77752685546875,286.52331359037186,278.5117159450099,282.201779365365,8664200.0,0.0,-10.575415435725574,375.4026261250147,275.09406271775873,38.846858958911554,-202.5356318212632,32.57719647428899,325.1184336344401,323.0659673055013,16.34000015258789,101.05476229153808
20,2026-02-02,V,331.8472900390625,332.6922224170356,322.17535793601024,322.8910614362982,8502400.0,0.0,-4.188022649335721,356.9189187399196,308.8213797219945,48.1816320980186,-52.59108793589912,11.460656532780746,338.4234680175781,334.8867940266927,16.34000015258789,101.05476229153808
20,2026-02-02,VZ,43.21232986450195,44.05507096093774,42.505201853104175,43.18327097347365,64539400.0,0.0,0.6378674979864627,41.81564064108401,35.65952377236814,67.63922141008803,544.6997034554242,39.105568447186236,38.627021916707356,38.695942624409994,16.34000015258789,101.05476229153808
20,2026-02-02,WMT,123.27496337890625,123.41407687214833,118.29667141120711,118.74382084218284,31210100.0,0.0,1.7787947829260986,122.5037670909879,111.01217758064294,66.13347356728858,152.20134829480133,29.945631274664137,115.09009323120117,111.41229082743327,16.34000015258789,101.05476229153808
21,2026-02-03,AAPL,268.7485046386719,271.1419837262723,266.88355520832346,268.4692659190308,64394700.0,1.0,-1.156088072476848,269.66484783779504,244.35701037753697,54.95340190219756,64.2625565644092,5.786663723709856,261.8003931681315,267.9861976623535,18.0,77.94616075328344
21,2026-02-03,AMGN,331.80072021484375,342.49196068794384,331.80072021484375,334.3975774549525,4040000.0,1.0,3.9728094760507133,347.53437239321426,313.44179032651226,54.43798746337255,75.16016092651148,14.188124562520569,327.8302937825521,326.05498860677085,18.0,77.94616075328344
21,2026-02-03,AMZN,238.6199951171875,246.35000610351562,235.4499969482422,244.97999572753906,53831300.0,1.0,1.9279971368406734,249.33264848735556,231.03834760639447,52.34581149334452,42.551707809796966,2.3687963456470893,237.05033264160156,234.04516626993816,18.0,77.94616075328344
21,2026-02-03,AXP,347.5767517089844,356.265415076565,344.862773110163,351.8514871967733,2854600.0,1.0,-4.525850730050138,380.53273449232495,340.4789628953704,45.3537214705434,-107.1673146210094,11.997029198703222,365.20627848307294,363.6679183959961,18.0,77.94616075328344
21,2026-02-03,BA,233.14999389648438,238.85000610351562,228.9600067138672,236.4199981689453,7655200.0,1.0,4.3838968639303175,257.18928990447273,224.15070795929682,55.72123391727345,2.263266249416622,18.545814960688805,233.4846664428711,214.4895004272461,18.0,77.94616075328344
21,2026-02-03,CAT,700.25537109375,707.3686228160087,688.8084488046916,691.7573149167657,3524700.0,1.0,21.99516767837622,688.7633381815658,587.9555338887467,67.41694051259819,191.40693092968377,35.11957876198236,619.4279805501302,595.5840454101562,18.0,77.94616075328344
21,2026-02-03,CRM,195.38580322265625,204.51932088198188,192.13235381115655,203.96215839054668,20194200.0,1.0,-11.701392630465449,271.29075512650945,193.08629565474052,31.593727448389274,-159.71222403766845,34.31502382486221,241.890825398763,242.0577611287435,18.0,77.94616075328344
21,2026-02-03,CSCO,82.35400390625,82.4927298140506,80.07492246096292,80.07492246096292,34962100.0,1.0,1.1875208707584761,80.76741109013209,70.17000193477027,65.49651495105742,226.7615466965699,37.063316884669774,75.78742218017578,75.62245763142904,18.0,77.94616075328344
21,2026-02-03,CVX,173.20338439941406,173.96220868817042,169.0299324547445,169.1564056435824,18425400.0,1.0,5.120682231142922,173.53273290060812,150.5202730808372,67.67867281638202,137.3845506065461,53.17412852933603,157.4389414469401,152.19651590983074,18.0,77.94616075328344
21,2026-02-03,DIS,103.427490234375,104.19163165971047,101.56178130729583,103.98322945280078,24827100.0,1.0,-1.0533805002573189,116.68944786722341,104.9839911586555,41.97557175283932,-344.78756789995856,22.83212547096523,111.38882191975911,108.88122584025065,18.0,77.94616075328344
21,2026-02-03,GS,929.9756469726562,955.2407595753416,910.2369830618794,940.3847602040299,2321900.0,1.0,11.258562356106268,959.1566904685496,908.5077992775441,57.66748736721043,42.686307836738024,24.275427101223134,920.6780802408854,869.2840077718099,18.0,77.94616075328344
21,2026-02-03,HD,375.75067138671875,386.2807536592444,371.70821528225156,371.994153103603,5684400.0,1.0,5.518880789420621,390.034937170243,348.93184444596795,55.67842307042055,82.07422833283445,15.998298604168475,360.079106648763,354.3512481689453,18.0,77.94616075328344
21,2026-02-03,HON,238.9405059814453,239.82007853167028,234.41852779454928,234.41852779454928,4320690.0,1.0,7.546399333032184,242.19038725507033,206.2388028084062,67.46352171343112,127.45293211569175,40.57111840388558,217.43990631103514,208.98676071166992,18.0,77.94616075328344
21,2026-02-03,IBM,288.434326171875,306.7316072269513,278.18316035305713,306.16316972953354,11466500.0,1.0,0.09358262509778115,308.6820196083277,281.246581465891,48.46183776242129,-58.592908831810355,0.33351539404431824,294.8970052083333,296.76653442382815,18.0,77.94616075328344
21,2026-02-03,JNJ,230.54151916503906,232.61846067897852,227.9502658124434,228.95907459996246,9346600.0,1.0,6.050926757922753,233.18683343704487,198.96328100387308,74.32821577881451,158.9534168934692,37.23974839763592,212.225444539388,205.90196889241537,18.0,77.94616075328344
21,2026-02-03,JPM,311.8420715332031,313.22869052113475,306.14700443281885,306.77099053389486,12688000.0,1.0,-2.6894376074279194,331.0078846515357,285.95310167658937,52.08136749803762,-15.189423941610663,0.12260838615041521,312.5431701660156,309.1040354410807,18.0,77.94616075328344
21,2026-02-03,KO,75.87503814697266,76.47698664414396,74.13826834224798,74.27641971582645,27007100.0,1.0,1.3641057949645443,75.53349040801704,66.31899677460014,67.27657479388525,224.09235771390536,40.02750038566876,70.22133967081706,70.01545702616373,18.0,77.94616075328344
21,2026-02-03,MCD,315.5650329589844,318.93324968935707,311.643681002752,311.643681002752,4043400.0,1.0,2.31689986679055,315.65164168678547,296.32698074973797,57.91542732178744,160.89212596747274,25.44299652994994,305.80377705891925,304.72772827148435,18.0,77.94616075328344
21,2026-02-03,MMM,154.18714904785156,155.57373326193266,149.77982392579787,151.53285530691846,5178800.0,1.0,-2.588968975539956,171.82483047350897,148.40667434826835,44.693718561524705,-128.6525279361569,13.584911114916318,159.9912897745768,162.88201065063475,18.0,77.94616075328344
21,2026-02-03,MRK,114.16730499267578,116.74947576362598,109.83084555701943,110.0575202221012,25793600.0,1.0,2.0690776338539933,112.34156582463793,104.00962588678784,66.72977049325857,225.83585875185054,42.502197943510176,106.80583089192709,100.9594835917155,18.0,77.94616075328344
21,2026-02-03,MSFT,408.6176452636719,419.3893041977899,405.9843574339844,419.34957819955315,61424100.0,1.0,-13.002180456711528,499.1376013134967,414.03903137693294,33.369684000848196,-215.89355297955757,40.75879945901282,464.6226786295573,474.8502792358398,18.0,77.94616075328344
21,2026-02-03,NKE,59.99143600463867,61.5667881396624,59.49913799295179,60.82834112213207,17322100.0,1.0,-0.5172054748641131,66.3128829139857,60.07084549482777,44.06639983056028,-58.666284104568795,14.296633243462828,62.08632723490397,62.60561046600342,18.0,77.94616075328344
21,2026-02-03,NVDA,180.12030029296875,186.04308409913696,176.01530661894333,186.01312186532803,204019600.0,1.0,0.5319940807345063,192.9763933479426,178.9120176017644,47.27512365462232,-150.16629097329147,11.803032294520268,186.29544525146486,184.4830629984538,18.0,77.94616075328344
21,2026-02-03,PG,153.01690673828125,154.20895631917858,149.94316018786608,150.3273766276017,12424700.0,1.0,2.545467226334978,153.48481798261744,134.27116956621066,61.108398759682245,196.3576528351971,25.64533118875326,142.6664774576823,142.66975275675455,18.0,77.94616075328344
21,2026-02-03,SHW,357.0931091308594,366.8236951832946,352.16821313644505,352.6348858935359,2555100.0,1.0,5.181735086668027,362.702036438154,334.26600555403354,58.227615039235644,102.20227547556948,26.558714403082607,340.05431111653644,335.7535166422526,18.0,77.94616075328344
21,2026-02-03,TRV,285.9886779785156,288.3402435495697,281.07715803573797,282.3472032938724,1472800.0,1.0,0.3113722323927277,289.0107373863902,265.2306017249379,55.46718891067529,44.810002482501694,14.249473652725333,281.00274556477865,282.1213099161784,18.0,77.94616075328344
21,2026-02-03,UNH,280.3863220214844,284.2441289542904,274.88082567321817,280.899399533992,10809100.0,1.0,-12.037647923744487,376.0000921924817,268.78980954091674,38.56349197753764,-181.102648654317,34.048148715789694,323.67266133626305,322.38565317789715,18.0,77.94616075328344
21,2026-02-03,V,326.96661376953125,333.7856822919601,326.906974335595,329.67037933784445,9081200.0,1.0,-3.9656498452919777,354.0995222420586,309.1686235098946,45.933566567135045,-47.6470394514566,9.858535323212074,337.85753377278644,334.7138692220052,18.0,77.94616075328344
21,2026-02-03,VZ,44.80094528198242,45.2949648905643,43.10577437942092,43.24138746039715,60299100.0,1.0,1.0012335958781904,43.15270172103079,34.97205947892038,71.3177569181752,416.809835985322,45.03959985204083,38.83784141540527,38.812778091430665,18.0,77.94616075328344
21,2026-02-03,WMT,126.9018783569336,127.35896666858129,122.86757156808676,122.86757156808676,32018700.0,1.0,2.3695353521981843,124.40004709508082,110.60640660975315,69.44200089100559,212.619735592633,37.89166128560468,115.51670989990234,111.85027542114258,18.0,77.94616075328344
22,2026-02-04,AAPL,275.7394104003906,278.19275421850585,271.55083028665655,271.55083028665655,90545700.0,2.0,0.2137879465267929,272.79358501540463,242.6374345768805,59.18915784991802,117.46639188765162,14.030291057772152,261.8941360473633,268.1022356669108,18.639999389648438,100.99046357738473
22,2026-02-04,AMGN,358.85711669921875,361.3559731615327,335.5147385911295,344.97123468731115,5899600.0,2.0,5.652752322114964,353.1520329174113,311.35488236579187,63.455861965095984,199.62491820678773,28.691084222234426,329.0983479817708,326.91807759602864,18.639999389648438,100.99046357738473
22,2026-02-04,AMZN,232.99000549316406,238.86000061035156,231.82000732421875,238.86000061035156,51299900.0,2.0,1.250253252744642,249.47302662639322,230.10397074909508,49.195553246772974,-34.774896214367786,2.16088549448715,237.23833262125652,233.87766647338867,18.639999389648438,100.99046357738473
22,2026-02-04,AXP,351.593017578125,355.2314968194633,345.49901233965977,347.5767347681018,3241900.0,2.0,-4.514339792035628,376.83611946159425,341.2041332239526,47.07316654664544,-92.37663325875114,11.997029198703215,364.47707010904946,363.48153025309244,18.639999389648438,100.99046357738473
22,2026-02-04,BA,235.9499969482422,236.57000732421875,229.91000366210938,233.24000549316406,7053400.0,2.0,3.8414173236947704,256.8654890905343,225.08550883427043,57.277504358975904,0.9914271773553585,18.545814960688826,234.2136662801107,215.14700037638346,18.639999389648438,100.99046357738473
22,2026-02-04,CAT,689.2268676757812,720.4493623228277,672.4699065592722,704.3499613887487,7146700.0,2.0,23.11909725074122,696.2374311641917,587.4735795779958,64.98655166262574,167.04083496780538,27.1701738210406,623.3115376790364,597.6325063069661,18.639999389648438,100.99046357738473
22,2026-02-04,CRM,198.4302978515625,199.65406648164677,186.33185662106087,192.33132733492616,23010000.0,2.0,-12.522425855620725,268.34077386647635,189.72240667551586,33.27667751345052,-152.58752415171665,37.36651796727523,239.88536275227864,241.40368245442707,18.639999389648438,100.99046357738473
22,2026-02-04,CSCO,80.42173767089844,83.47371493232188,80.40191536582748,83.21608544635383,39765700.0,2.0,1.330602832311186,81.480742820724,70.04427548982287,60.60063315336146,196.4759351148373,39.92226079671445,75.89171142578125,75.79583460489908,18.639999389648438,100.99046357738473
22,2026-02-04,CVX,176.3067169189453,177.6297718671964,174.02056572769214,174.02056572769214,16170500.0,2.0,5.573594133183349,175.44563714944059,151.0092944911844,69.53409284917889,164.05428477092676,57.118644649993755,158.52462412516277,152.68259607950847,18.639999389648438,100.99046357738473
22,2026-02-04,DIS,106.23597717285156,107.77418617438326,102.84197766266205,103.40764298579708,19070400.0,2.0,-1.1857331021223416,116.49680666177119,104.43035093100224,45.69461171176918,-201.79232084915813,11.026889887302756,111.25021743774414,108.8366101582845,18.639999389648438,100.99046357738473
22,2026-02-04,GS,904.5322265625,935.0959533059877,885.2194282993655,928.1235596947575,3561900.0,2.0,8.411969569261714,959.5106905543302,903.9772855198886,53.51170448999218,-45.23115161312605,14.487125141130042,921.3324055989583,871.4233561197917,18.639999389648438,100.99046357738473
22,2026-02-04,HD,381.7650451660156,385.04829008875464,378.9648825973972,379.1916650142771,5574700.0,2.0,5.92430542630882,388.86860795687,353.83596052457534,57.866868236383084,94.67635405797009,15.998298604168488,361.4660288492839,354.68814748128256,18.639999389648438,100.99046357738473
22,2026-02-04,HON,243.53494262695312,244.55936173773853,241.15494922989532,241.6412938738729,5666746.0,2.0,8.075925713771113,244.76759151323904,206.80835910931955,69.44519130750759,146.22581024360647,45.198880121913604,218.6899185180664,209.68707097371419,18.639999389648438,100.99046357738473
22,2026-02-04,IBM,283.2793273925781,285.59222736240895,273.39077006097057,285.59222736240895,8708000.0,2.0,-0.8615683005049277,308.9575254564176,279.6558656568637,46.80260768724045,-186.617915528665,3.874689588369088,294.5072774251302,296.4127924601237,18.639999389648438,100.99046357738473
22,2026-02-04,JNJ,231.89646911621094,233.2415424215143,230.3832635341583,232.42065065293195,8641400.0,2.0,6.392239660480556,234.8021369586402,200.28340076108637,75.02521767194783,155.18423885277846,37.965274327522316,213.1518305460612,206.70439071655272,18.639999389648438,100.99046357738473
22,2026-02-04,JPM,314.23895263671875,316.25947197584406,311.40629013300924,311.40629013300924,9848800.0,2.0,-1.7437520136995772,327.63780136203104,287.605753325469,53.178669729502396,9.183322606061115,3.351203894481186,312.59217936197916,309.1908218383789,18.639999389648438,100.99046357738473
22,2026-02-04,KO,76.32896423339844,77.07893420131059,76.06253159579924,76.25001844126345,28607300.0,2.0,1.559439177093381,76.20244988685037,66.58848334068868,68.12955736436122,223.29558270230723,42.51612874992598,70.4611317952474,70.15972188313802,18.639999389648438,100.99046357738473
22,2026-02-04,MCD,319.72344970703125,322.94351075458525,315.78235349642875,317.17504858853437,4805900.0,2.0,2.957751325514664,317.9067808352599,296.1382112301698,60.38402835916552,211.57739246031534,30.361158834398566,306.06223856608074,305.17320251464844,18.639999389648438,100.99046357738473
22,2026-02-04,MMM,162.21937561035156,162.24910183733382,154.31590178803313,154.50408225492845,6514900.0,2.0,-1.9314148078490803,171.55920311291314,148.43262122790716,51.47707573902424,-5.763318985869866,0.9892619032806003,160.05170440673828,162.8925921122233,18.639999389648438,100.99046357738473
22,2026-02-04,MRK,116.6213607788086,118.65161274168128,114.81778349102984,115.21200914420105,21954600.0,2.0,2.541798754049921,114.23597554678287,103.04755640512144,68.75120450284065,295.51110631334564,45.40859968182026,107.37219975789388,101.50609092712402,18.639999389648438,100.99046357738473
22,2026-02-04,MSFT,411.578857421875,417.15347618992746,406.66005118226167,408.40896545860215,45012400.0,2.0,-14.607229237816398,499.42185466368153,407.36332294862314,34.39597525930257,-185.93877154357926,40.75879945901283,462.2467519124349,473.49253641764324,18.639999389648438,100.99046357738473
22,2026-02-04,NKE,63.23075866699219,63.41783431772925,60.562500553521126,60.76926857570081,20957700.0,2.0,-0.3839331672096904,66.21014136080561,60.062327587558656,49.86108192103074,7.215382953807302,6.400416941684274,62.26716473897298,62.65028845469157,18.639999389648438,100.99046357738473
22,2026-02-04,NVDA,173.97781372070312,179.36124730830178,171.70059231104517,179.241398362594,207014100.0,2.0,-0.4931229292920989,194.09986021483368,176.4851403955179,44.0477684567461,-276.1822307079203,16.203390703043873,186.06905466715494,184.25201924641928,18.639999389648438,100.99046357738473
22,2026-02-04,PG,154.54391479492188,156.02167267984566,153.45037335877703,153.81489719251235,12178500.0,2.0,2.9322690436077608,154.89079863114833,134.63321412519932,62.52164150819814,204.95056188760068,29.031587311282337,143.10745442708333,142.86301396687824,18.639999389648438,100.99046357738473
22,2026-02-04,SHW,366.2974853515625,367.37976263775244,359.57543952209505,362.42511012999734,2460800.0,2.0,6.1005880900196985,365.2696035963235,334.5600289720358,61.63065207462209,126.16653822959493,26.995414037890548,341.64463602701824,336.34972991943357,18.639999389648438,100.99046357738473
22,2026-02-04,TRV,292.92431640625,293.7875462820212,286.85191149229047,286.93127607431643,2316700.0,2.0,1.312698383486861,291.2455365963981,263.9910020998909,59.992004993804024,111.48216573006093,21.459508301399467,281.0788157145182,282.4528544108073,18.639999389648438,100.99046357738473
22,2026-02-04,UNH,272.2366027832031,280.7020503139632,270.39154116696983,278.2453003524489,12944100.0,2.0,-13.69621054819487,375.77683856047366,261.80558331452636,36.930970578996096,-172.87575590116194,35.83856129650495,321.978911336263,321.6704559326172,18.639999389648438,100.99046357738473
22,2026-02-04,V,327.9804992675781,329.33236669627877,322.4835097434655,325.15742488804,8472300.0,2.0,-3.6653537927606408,349.7659386883738,310.7576849688528,46.47029484457468,-58.19293331131435,14.973148928833002,337.21803995768227,334.60876922607423,18.639999389648438,100.99046357738473
22,2026-02-04,VZ,45.537132263183594,46.060214458260916,44.72345008034531,45.31433881606088,46213100.0,2.0,1.3332392312353036,44.41220659253056,34.429105434446974,72.79999378365207,335.5052605337778,48.2588180984047,39.09192606608073,38.93982041676839,18.639999389648438,100.99046357738473
22,2026-02-04,WMT,127.1900405883789,128.59112201817152,126.28579525463465,127.31922282526648,27531800.0,2.0,2.8283503311768072,126.06866320207685,110.29514752790361,69.68541104715017,217.99666511549117,40.087430887578236,115.96849950154622,112.28959197998047,18.639999389648438,100.99046357738473
23,2026-02-05,AAPL,275.1610412597656,278.7412924914769,272.48832346973,277.37501624935936,52977400.0,3.0,1.2384785946816805,275.46631245541283,241.51848216128639,58.716632629534715,116.26813101270886,14.631461235581176,262.05835622151693,268.23022130330406,21.770000457763672,46.467546531965326
23,2026-02-05,AMGN,360.42498779296875,367.3826269939523,357.68114440092035,358.39651745575617,4007300.0,3.0,7.029600367710998,357.939322166441,309.13113376617616,63.88437113976938,239.32967127459443,32.46344793509589,330.2876780192057,327.73253835042317,21.770000457763672,46.467546531965326
23,2026-02-05,AMZN,222.69000244140625,226.30999755859375,220.3800048828125,224.91000366210938,103509200.0,3.0,-0.11664323325706505,251.13037249023688,226.55962537353264,44.16521087840167,-181.73637120794726,14.495685733142238,237.046999613444,233.51566645304362,21.770000457763672,46.467546531965326
23,2026-02-05,AXP,352.53741455078125,355.22157036779265,346.3042473673819,348.49130920128266,4074900.0,3.0,-4.378539272501428,373.9645440271617,341.72956913201796,47.47518651388625,-83.49974406562087,11.997029198703224,363.63584391276044,363.26442667643227,21.770000457763672,46.467546531965326
23,2026-02-05,BA,236.9499969482422,240.3300018310547,232.60000610351562,234.11000061035156,7377300.0,3.0,3.4523929850635398,256.25917385223266,226.57482425567747,57.82516023588117,13.67845936252073,22.50353811851977,234.88399963378907,215.85266698201497,21.770000457763672,46.467546531965326
23,2026-02-05,CAT,675.7674560546875,683.9267595218794,662.5770939030525,678.9853294346018,2792800.0,3.0,22.662518099763474,697.2102894649765,594.7877818240859,62.1575490061297,113.74460071207307,22.650416656467502,626.5413696289063,599.5673004150391,21.770000457763672,46.467546531965326
23,2026-02-05,CRM,189.0082550048828,198.54970082096247,187.83422100387264,193.00790751721436,21956300.0,3.0,-13.774595750783817,264.6526482116321,185.83408732303587,30.84703774196283,-149.06221228496636,37.366517967275236,237.40929514567057,240.58247044881185,21.770000457763672,46.467546531965326
23,2026-02-05,CSCO,81.6108169555664,82.55217230375463,80.07491342958129,80.1244616310624,24236500.0,3.0,1.5223958467512233,82.3596405790584,69.92242805497482,62.39032955531284,177.85724389066135,37.7642702287,76.04582138061524,75.98853670756021,21.770000457763672,46.467546531965326
23,2026-02-05,CVX,174.36105346679688,175.5576501105748,172.590503104725,174.75991901472284,10474100.0,3.0,5.709713278107074,176.14656939358437,152.64608044772424,67.03813279384373,138.8568591393839,51.95537689264452,159.47897389729818,153.1028958638509,21.770000457763672,46.467546531965326
23,2026-02-05,DIS,104.17179107666016,107.50624165805122,104.01300411022284,106.23597621206973,11859500.0,3.0,-1.4405799505489796,116.66880300092305,103.4703922505418,43.571270003805076,-182.43659446566085,11.026889887302744,111.00509592692057,108.75348409016927,21.770000457763672,46.467546531965326
23,2026-02-05,GS,881.8619384765625,902.0859477313048,868.303361579572,893.0138508974348,3214300.0,3.0,4.277414124630582,964.8519080384458,893.6236473814761,50.17862710557866,-131.94910025353067,8.508991645387836,921.048817952474,873.2052337646485,21.770000457763672,46.467546531965326
23,2026-02-05,HD,377.0028381347656,381.5678537052556,375.4844460025341,381.2523381810382,3759700.0,3.0,5.794541199995535,385.099224739197,360.88958751666235,55.61743785064917,73.61209743151397,12.297700712450776,362.6485270182292,354.91236979166666,21.770000457763672,46.467546531965326
23,2026-02-05,HON,241.9827880859375,244.29033574885543,240.63757174650797,241.8586124170368,4784186.0,3.0,8.274944872459656,245.5482794605007,209.58109981196023,67.9978145107735,131.36614129076506,43.93311745283051,219.99684295654296,210.39305623372397,21.770000457763672,46.467546531965326
23,2026-02-05,IBM,284.10260009765625,285.9842521358611,279.40822011443174,280.3882559409234,5532800.0,3.0,-1.5344133022045412,309.25270950391865,278.6903385917845,47.10182438995631,-138.7517865996356,3.563311056257156,294.0858632405599,296.17088724772134,21.770000457763672,46.467546531965326
23,2026-02-05,JNJ,235.18002319335938,236.95038470140014,232.41076791481981,232.4206527224898,10267500.0,3.0,6.848739955983774,236.9831234118632,201.0991550305196,76.61678941873146,162.96962056681812,42.08772514915419,214.1563486735026,207.56809005737304,21.770000457763672,46.467546531965326
23,2026-02-05,JPM,307.1968688964844,312.9909865673853,302.6210112179966,311.99062599899656,9388000.0,3.0,-1.5447201002992301,325.2870038617936,288.28963188039387,49.71834794808547,-32.93918574379234,5.781642725152059,312.21319681803385,309.1472585042318,21.770000457763672,46.467546531965326
23,2026-02-05,KO,77.47366333007812,77.81904179412463,76.56580168770265,76.79276898046798,21633500.0,3.0,1.7860217927175484,76.9274513189812,66.94600220274732,70.15877008196352,214.0042895977915,45.39800840040022,70.73414662679036,70.29873034159343,21.770000457763672,46.467546531965326
23,2026-02-05,MCD,319.5160217285156,324.03988422214644,318.992517661091,321.0963908911193,3936800.0,3.0,3.4095893951690073,319.73901187960325,296.21430538113896,60.201806660600695,211.85183093985376,31.63656184025069,306.3012736002604,305.5947642008463,21.770000457763672,46.467546531965326
23,2026-02-05,MMM,163.49700927734375,164.22991867666002,159.66412449081685,161.6053211079721,3514000.0,3.0,-1.292307121176293,171.75913691491397,148.44760594397277,52.436991662707534,46.17705435160397,2.335266221743241,160.21941426595052,162.90819574991863,21.770000457763672,46.467546531965326
23,2026-02-05,MRK,118.0208511352539,120.66215315662832,116.60164183444715,116.60164183444715,24010600.0,3.0,2.9948381928480643,116.11926132649734,102.263171229655,69.83251786969373,300.0753504551148,48.267893841405474,107.86596552530925,102.06787986755371,21.770000457763672,46.467546531965326
23,2026-02-05,MSFT,391.188232421875,405.72597626088844,389.84673704915224,404.87141244319446,66289200.0,3.0,-17.324884502353598,500.85076261578416,397.01102632464557,30.99520325970747,-212.0916931357584,45.91274364143297,459.22425944010416,471.79957885742186,21.770000457763672,46.467546531965326
23,2026-02-05,NKE,61.734169006347656,63.58521050967951,61.133564854590176,63.2012186765062,12506200.0,3.0,-0.39452830460069777,66.22402670395162,59.997243285062055,47.508731261509105,-9.802740138325458,5.71724327983288,62.44701754252116,62.68306802113851,21.770000457763672,46.467546531965326
23,2026-02-05,NVDA,171.67062377929688,176.60460839935587,170.8216531377948,174.7168961324724,206312900.0,3.0,-1.4747069874104,194.95856951847668,173.90553112849597,42.909537695197066,-273.40059729056,17.07525436661101,185.67586771647134,183.9813575744629,21.770000457763672,46.467546531965326
23,2026-02-05,PG,156.25811767578125,157.2826898506833,153.80503420142952,156.4847030065954,13077700.0,3.0,3.3386482579657297,156.10680853695118,135.53957818179884,64.03916310585412,191.59002299967332,31.283677966894928,143.6632868448893,143.07098719278972,21.770000457763672,46.467546531965326
23,2026-02-05,SHW,358.48321533203125,366.60527938699505,357.73852664065157,366.59534050797595,2086500.0,3.0,6.127604223964852,363.6568779159864,339.11477125393543,57.515555501490326,103.14975600590958,24.466241414136242,342.8758555094401,336.70839029947916,21.770000457763672,46.467546531965326
23,2026-02-05,TRV,297.9747314453125,300.02864200952394,293.0632114492012,293.7677121596088,1934500.0,3.0,2.485135759870616,294.823460127206,262.1117663132237,62.83647649140598,167.41509219646403,28.577212601781003,281.3655680338542,282.810097249349,21.770000457763672,46.467546531965326
23,2026-02-05,UNH,264.9649963378906,273.1936885205944,262.73518654305985,270.62839103777486,13035300.0,3.0,-15.419643197767073,376.269457067484,254.09561556435193,35.542177521917964,-169.43259859580792,38.77114512448651,320.1171020507812,320.79077911376953,21.770000457763672,46.467546531965326
23,2026-02-05,V,327.1654052734375,335.5748984583446,326.85725811156686,331.01230012391363,8339000.0,3.0,-3.4533304372586144,345.0190533844577,312.8455370696438,46.08977841432595,-37.493948290357814,6.177980846031463,336.457275390625,334.50562642415366,21.770000457763672,46.467546531965326
23,2026-02-05,VZ,45.62431335449219,46.089277776518216,45.18841521350929,45.73086754724068,42866500.0,3.0,1.5851186140128135,45.459750344836664,34.12301676026587,72.97110959493503,259.8522841795591,48.37761468557291,39.343838628133135,39.06498324076335,21.770000457763672,46.467546531965326
23,2026-02-05,WMT,126.13674926757812,128.77992091186104,125.75914898632793,127.76637104032507,30517800.0,3.0,3.071565604430333,126.97502136984453,110.80179137429609,67.64788710152044,189.09022522245564,37.93129332697984,116.44347508748372,112.69631373087564,21.770000457763672,46.467546531965326
24,2026-02-06,AAPL,277.364990234375,280.1474248180158,276.1782182606431,276.3677049075235,50453400.0,4.0,2.2029987803026074,278.39853031116,240.48908107800014,59.976198398167455,130.67240494322613,16.185681983543578,262.24983367919924,268.3746610005697,20.3700008392334,98.93067991556782
24,2026-02-06,AMGN,376.61376953125,377.39771627497174,361.5029523149547,362.5710924631774,3840300.0,4.0,9.319630851300587,366.7740558256979,305.6087017426614,67.90428320326174,263.07411767846924,38.09344534882353,332.01336771647135,328.7607025146484,20.3700008392334,98.93067991556782
24,2026-02-06,AMZN,210.32000732421875,211.44000244140625,200.30999755859375,202.6999969482422,179210900.0,4.0,-2.1730244982105944,254.27850551789493,219.8144937496832,39.187042162286964,-321.9198493545056,30.41665726600189,236.31966654459634,232.88100001017253,20.3700008392334,98.93067991556782
24,2026-02-06,AXP,357.0408020019531,359.267667710905,352.6070028843011,356.0963993009822,3301700.0,4.0,-3.8630003876161823,368.6524091096716,344.67269770185186,49.37219298447423,-46.561745277985096,7.7778827373061565,362.9004252115885,363.13329111735027,20.3700008392334,98.93067991556782
24,2026-02-06,BA,243.02999877929688,246.3000030517578,239.39999389648438,239.39999389648438,6701200.0,4.0,3.5932727178433197,255.49529684111496,228.90370065644362,60.97186437045979,53.52715151628256,28.231209621137843,235.7566660563151,216.65633366902668,20.3700008392334,98.93067991556782
24,2026-02-06,CAT,723.4779663085938,724.673480459647,687.9317144426263,689.9740181805553,3359700.0,4.0,25.85250370714641,710.0332658076492,593.8689680790695,67.36685673218905,188.74988653949492,32.82331170449344,631.3612202962239,602.1688883463542,20.3700008392334,98.93067991556782
24,2026-02-06,CRM,190.3812713623047,193.614817806995,186.17267536666094,190.6598526107087,13652600.0,4.0,-14.489136719897516,260.7400793783155,182.8636803873095,31.599894914371873,-142.4763878157612,38.245956440560455,235.01879272460937,239.75384572347005,20.3700008392334,98.93067991556782
24,2026-02-06,CSCO,84.04844665527344,84.22680961332497,82.05672821703038,82.79990594891265,23936600.0,4.0,1.8497665794458271,83.67202902495299,69.6861611300763,65.69499698659666,211.98126338568423,42.465232706167605,76.2841428120931,76.20511042277018,20.3700008392334,98.93067991556782
24,2026-02-06,CVX,175.94677734375,177.15309698145035,174.63344536041276,175.40199261842417,9901800.0,4.0,5.877787865845789,177.38953162847653,153.50541313470708,68.00638014851918,147.07306543016028,53.71097655797538,160.4631576538086,153.53952255249024,20.3700008392334,98.93067991556782
24,2026-02-06,DIS,107.87342071533203,108.1314457439972,104.56874844688343,105.32296380547531,12105600.0,4.0,-1.3285427244302213,116.28318336763229,103.31317130766067,48.049553244325274,-117.10702783345157,9.06921578571575,110.85557479858399,108.70740877787271,20.3700008392334,98.93067991556782
24,2026-02-06,GS,919.8339233398438,922.8249504343177,898.5204977723823,899.1543682273673,2473200.0,4.0,4.018448803832143,964.77234478049,893.1010499949006,55.031859202761645,-27.78246056489276,14.191634031350803,921.9414978027344,875.4416005452474,20.3700008392334,98.93067991556782
24,2026-02-06,HD,379.7438049316406,380.94668150677455,373.77873828046626,375.98728671118465,4685400.0,4.0,5.845492035540701,383.0598194787041,365.45207322149116,56.62144412706339,71.47812176754573,10.510319217825955,363.96906026204425,355.1933771769206,20.3700008392334,98.93067991556782
24,2026-02-06,HON,246.67030334472656,247.39464126356674,242.29318675198803,242.92440798417985,3791593.0,4.0,8.710503038828904,247.70000474105828,210.85862715591438,69.95419897637721,139.52138014438057,46.811112939339345,221.47588500976562,211.14287974039715,20.3700008392334,98.93067991556782
24,2026-02-06,IBM,292.96209716796875,293.9029530784754,284.8572117955962,286.6604740949215,3744300.0,4.0,-1.3373443685572965,309.01878550301706,278.55283009756886,50.2189084385216,-42.221344769128635,2.5413691706987187,293.92742411295575,296.00428161621096,20.3700008392334,98.93067991556782
24,2026-02-06,JNJ,237.35589599609375,238.29546586018128,235.36794792342116,236.3372023941143,8274000.0,4.0,7.301922462866969,238.88808623936347,202.58061188075374,77.59553901672389,164.1447470470868,43.49646125731372,215.28416595458984,208.4379155476888,20.3700008392334,98.93067991556782
24,2026-02-06,JPM,319.3199462890625,321.15227836348157,311.7034102684662,311.7034102684662,17797400.0,4.0,-0.4040966713007492,323.502693108409,289.34200293651287,54.93997010082307,36.367704430218645,2.4983366914158767,312.1449747721354,309.26170501708987,20.3700008392334,98.93067991556782
24,2026-02-06,KO,77.9867935180664,78.15454769122553,77.2269609210785,77.46379078487288,18512400.0,4.0,1.9841237226020212,77.80813362596052,67.0185684919594,71.01458238265482,197.6626605807787,46.652231077777294,71.03544921875,70.44678090413412,20.3700008392334,98.93067991556782
24,2026-02-06,MCD,323.1509094238281,323.5262576390494,317.30344120778835,318.9431028016657,2831900.0,4.0,4.014700412385537,322.3571515724686,295.4017656638595,62.26603334812428,190.52763779151405,27.903272882404494,306.83860778808594,306.08607076009116,20.3700008392334,98.93067991556782
24,2026-02-06,MMM,170.99441528320312,171.32125265440752,164.4180883023026,165.37878796880577,7257700.0,4.0,-0.1787709089717282,173.02440825041808,147.9162289566132,57.53651730351628,149.3399523450718,12.948286944099433,160.63208516438803,163.0022415161133,20.3700008392334,98.93067991556782
24,2026-02-06,MRK,120.16937255859375,120.88883491526408,118.70088975735793,119.01626876539304,13083300.0,4.0,3.487046434305654,118.22376354445477,101.23687259446125,71.40402458059705,281.6369695486144,48.582000254235666,108.42083587646485,102.65782267252604,20.3700008392334,98.93067991556782
24,2026-02-06,MSFT,398.61114501953125,399.25704122003975,390.4429643868461,396.6535630940219,53515300.0,4.0,-18.664525832849222,500.08879799954457,390.1245168197913,33.47228073041668,-183.5543374826656,45.91274364143297,456.38527119954426,470.0785847981771,20.3700008392334,98.93067991556782
24,2026-02-06,NKE,62.93537521362305,63.25044563663491,62.02954868644787,62.039392993945114,11961500.0,4.0,-0.3025105717243761,66.11155098148453,59.97778274349107,49.48742226631803,7.04557440176659,5.717243279832883,62.66297213236491,62.74059632619222,20.3700008392334,98.93067991556782
24,2026-02-06,NVDA,185.18414306640625,186.77220252110314,174.38731390455436,176.4747642750831,231346200.0,4.0,-1.1489470101848838,194.98117191644718,173.91988551763484,50.63822210732205,-74.90202694436483,4.112225198288062,185.54935506184896,183.75448557535807,20.3700008392334,98.93067991556782
24,2026-02-06,PG,156.809814453125,157.6176626521585,155.6670114053594,155.89361177291113,10441700.0,4.0,3.6629992570603065,157.5192792234308,135.96324946309264,64.51749579981487,179.06652523333864,31.8777262079875,144.2215316772461,143.31228485107422,20.3700008392334,98.93067991556782
24,2026-02-06,SHW,359.41656494140625,364.8577376477591,358.54279201883435,360.65771277427297,2355500.0,4.0,6.153395702601756,363.6181029047768,341.2337128911217,57.86319099024747,100.22283430221697,24.466241414136245,344.13123575846356,337.043147277832,20.3700008392334,98.93067991556782
24,2026-02-06,TRV,299.1455383300781,302.0329131691813,297.9151905301469,299.7309467277959,1963100.0,4.0,3.468789116678238,298.0838332483809,260.5689316441972,63.45950889385343,184.47208251528517,30.66468018074874,281.6642272949219,283.1443562825521,20.3700008392334,98.93067991556782
24,2026-02-06,UNH,272.95684814453125,274.10136630983425,262.85355690624687,263.49487369356603,9572800.0,4.0,-15.956661873708242,374.19008149098676,249.24870329905232,38.185075924499195,-138.98486874733968,37.99760859679311,318.5335286458333,320.08725992838544,20.3700008392334,98.93067991556782
24,2026-02-06,V,329.60076904296875,333.1295971166072,325.1475298017769,329.79958736712933,7798800.0,4.0,-3.0535870467772384,340.549776790176,315.262137272324,47.420519845386465,-37.81982087816361,8.168332377694952,335.7349466959635,334.46241861979166,20.3700008392334,98.93067991556782
24,2026-02-06,VZ,44.859066009521484,45.76961360602226,44.61689874176476,45.49838744859209,36094600.0,4.0,1.7033506087381198,46.17281063342562,34.03299228405485,69.02791095983724,192.93601093471653,41.75669951810846,39.57214724222819,39.18024838765462,20.3700008392334,98.93067991556782
24,2026-02-06,WMT,130.34991455078125,130.86662835064288,126.24605859221587,126.48453780231957,26593400.0,4.0,3.5632082416288853,128.76887013246747,110.80748255918293,71.13965682074516,207.45634847967327,41.61467566603705,117.11519724527994,113.17606442769369,20.3700008392334,98.93067991556782
25,2026-02-09,AAPL,274.13079833984375,277.70443813431814,271.2160169672847,277.41494619870406,44623400.0,0.0,2.675573375395686,280.2682053870641,240.1658934288539,57.32129201689112,100.05806951024701,8.944779159218902,262.2853032430013,268.36846084594725,17.360000610351562,40.14144286237859
25,2026-02-09,AMGN,368.2842102050781,376.90774405369496,364.8739790501966,373.06636312146895,2843700.0,0.0,10.343141388192691,371.3218576627071,305.93320215174606,64.10629869446961,216.31638676410628,38.093445348823515,333.38072306315104,329.4101928710937,17.360000610351562,40.14144286237859
25,2026-02-09,AMZN,208.72000122070312,212.80999755859375,203.35000610351562,208.97000122070312,91178400.0,0.0,-3.887021423475005,255.7932837044145,214.4337151969527,38.60479692718103,-262.6830599056933,28.724127791565106,235.53099975585937,232.2079999287923,17.360000610351562,40.14144286237859
25,2026-02-09,AXP,357.5478210449219,359.6155924377481,353.59118355004665,356.8916933997402,2219700.0,0.0,-3.374619395886725,364.93993973972937,346.79953474757536,49.58426268884896,-38.997287955543506,7.417912138724328,362.1514892578125,362.97291310628253,17.360000610351562,40.14144286237859
25,2026-02-09,BA,244.7100067138672,245.83999633789062,240.5,242.0,4707200.0,0.0,3.7967173269915975,255.53935394097505,229.87764435004055,61.78684308640516,55.15886731661289,28.231209621137832,236.64166615804035,217.4813336690267,17.360000610351562,40.14144286237859
25,2026-02-09,CAT,739.3382568359375,740.7130889536498,718.9051261191041,721.784307931297,2496800.0,0.0,29.322373114460788,725.3825462688867,591.0666480670509,68.84185880551509,211.95958052809084,36.238162738715154,636.6653503417969,605.0831848144531,17.360000610351562,40.14144286237859
25,2026-02-09,CRM,193.04769897460938,194.21177388952142,184.78971566942653,188.34164940956356,12112000.0,0.0,-14.671137422125867,255.39494421371953,181.6511861573742,33.063889994228624,-131.26715605221636,38.983632619041515,232.65647888183594,238.92347157796223,17.360000610351562,40.14144286237859
25,2026-02-09,CSCO,85.99061584472656,86.4563417606582,83.54308266780562,83.95926793820938,22908400.0,0.0,2.2401045352233524,85.24906282261148,69.3873927132772,68.01165828505262,226.45747035466673,47.88664305939057,76.58720321655274,76.46029586791992,17.360000610351562,40.14144286237859
25,2026-02-09,CVX,177.6395263671875,177.85355107331895,175.0615068957937,176.09270874664264,12021300.0,0.0,6.077521007786032,178.9784055351129,153.90987571488708,69.01160195821693,148.92488055845536,54.46664440266436,161.50408986409505,153.99490127563476,17.360000610351562,40.14144286237859
25,2026-02-09,DIS,106.31536102294922,108.09175044183,105.95809792354419,107.86350364416408,10515400.0,0.0,-1.3499138449611081,115.53824323948265,103.18976503078102,46.44460532466794,-107.51567435360114,9.06921578571575,110.612437693278,108.5924866994222,17.360000610351562,40.14144286237859
25,2026-02-09,GS,934.5611572265625,939.8895135725313,918.2096450582895,920.0815153939743,2322600.0,0.0,4.9445835342971804,965.0887241281373,893.2442165456907,56.72327693901036,35.02896939141354,18.500447555806378,923.0256551106771,877.7080861409505,17.360000610351562,40.14144286237859
25,2026-02-09,HD,375.6520690917969,380.3649731120046,372.8913835068612,378.9648917937197,3639300.0,0.0,5.4923892096636,383.08430187138794,366.0546629723621,54.71018610940026,60.21480119403758,9.571761537599102,365.0753112792969,355.34398193359374,17.360000610351562,40.14144286237859
25,2026-02-09,HON,248.1810760498047,249.32968585307353,245.2423072900459,245.6562211395638,2866888.0,0.0,9.07300480332583,249.85979181661781,212.05772832498377,70.55437011745039,141.37318863167908,48.51527872914105,222.95596160888672,211.84347966512044,17.360000610351562,40.14144286237859
25,2026-02-09,IBM,290.4237976074219,291.77625176054335,285.60203834917456,290.0023894027009,4627800.0,0.0,-1.3701906747341468,308.5585740837672,278.24077589181877,49.356897583655766,-55.05087115134751,2.5413691706987103,293.6588938395182,295.72039794921875,17.360000610351562,40.14144286237859
25,2026-02-09,JNJ,236.0207061767578,238.09766278417874,234.43826161002661,237.61303555143124,9378500.0,0.0,7.467256322126275,239.57262888652895,205.28347615497495,75.5871484045438,144.28331092523902,41.04331893306755,216.30154215494792,209.19670969645182,17.360000610351562,40.14144286237859
25,2026-02-09,JPM,319.0228271484375,323.2817350541263,317.05181803840316,318.27007812796035,11477500.0,0.0,0.4704574418682341,321.67832903454877,290.4641422789278,54.79569766178013,54.84988543864304,4.515699835311991,311.9603597005208,309.39206949869794,17.360000610351562,40.14144286237859
25,2026-02-09,KO,76.9407958984375,78.06574727704532,76.5164716044934,77.63155287523655,23415600.0,0.0,2.033279285218015,78.3633263382029,67.19952919158227,66.96477289488337,158.42845108681138,39.62614350180055,71.29399108886719,70.55959637959798,17.360000610351562,40.14144286237859
25,2026-02-09,MCD,321.6100158691406,323.3089397312901,319.2196579382205,321.9458458002669,2673900.0,0.0,4.320118385473222,324.1476759882703,295.4168412236438,60.88124795069424,168.8654816085014,27.90327288240449,307.2425964355469,306.4252009073893,17.360000610351562,40.14144286237859
25,2026-02-09,MMM,168.6471405029297,170.94490068604122,167.13181327159802,169.99409972105437,4694500.0,0.0,0.5084480316108682,173.73077943326982,147.70902464387862,55.60563660658264,134.5571505950679,12.948286944099422,160.96024119059246,163.04072977701824,17.360000610351562,40.14144286237859
25,2026-02-09,MRK,115.951171875,120.12008777192425,115.29084827248629,119.656880742777,16158700.0,0.0,3.4964466095848223,119.00496302113542,101.15739202036848,64.5722446888715,183.2872761591048,35.75462976338588,108.7887784322103,103.1090576171875,17.360000610351562,40.14144286237859
25,2026-02-09,MSFT,410.99261474609375,412.2744908996196,398.3428555009064,402.2977759502542,45480500.0,0.0,-18.51370563402054,496.78786610856827,386.8988587449474,37.352743114486145,-133.64278794685808,36.10205197682449,453.9202453613281,468.51964670817057,17.360000610351562,40.14144286237859
25,2026-02-09,NKE,61.448638916015625,62.92553298105936,61.40925417285653,62.590770176078685,12920800.0,0.0,-0.3455695389754396,65.8865143040971,59.857226922099194,47.20889425795639,-40.692273234746644,8.05850580209803,62.74206797281901,62.735026868184406,17.360000610351562,40.14144286237859
25,2026-02-09,NVDA,189.80848693847656,193.42408742490235,183.7259094221984,184.03552934237337,196387400.0,0.0,-0.5117350153252858,195.50964236540335,173.90878414826852,52.89562051102801,63.096907502803646,3.145662508259445,185.59696350097656,183.70272776285807,17.360000610351562,40.14144286237859
25,2026-02-09,PG,154.99710083007812,156.9181830781391,153.7065280129841,156.40588946781264,11439900.0,0.0,3.7307728931784254,158.24817233314943,136.8559673763232,61.726716705470075,141.28367389777148,25.318481824817862,144.6766367594401,143.47380727132162,17.360000610351562,40.14144286237859
25,2026-02-09,SHW,358.04632568359375,360.1711549739611,355.13708249422405,359.6548483943999,1761500.0,0.0,5.994171698601747,364.22557006386097,341.35306152793595,57.15294613477578,79.41633662779014,19.73497902270195,345.29791463216145,337.3132970174154,17.360000610351562,40.14144286237859
25,2026-02-09,TRV,290.54296875,301.09031216652994,289.272923548063,298.4112959016901,1650900.0,0.0,3.5136824739807935,299.2833333274474,260.44698588641984,56.28704481486647,120.22977932427375,15.594618863771853,281.6304911295573,283.2754460652669,17.360000610351562,40.14144286237859
25,2026-02-09,UNH,272.01953125,276.43970583527863,269.6712984464802,270.4902050418196,10371600.0,0.0,-16.270332419109536,371.79740218074255,244.90453263371057,37.99605684373057,-116.61367244792633,35.97762324774482,316.82728068033856,319.27223510742186,17.360000610351562,40.14144286237859
25,2026-02-09,V,323.6365966796875,330.8334016821115,321.6883044313802,328.78570026762736,8513400.0,0.0,-3.1813735014848703,335.3801169470205,318.0272377893076,44.62955286062423,-57.454501275728596,12.072468095263504,334.7554941813151,334.2525115966797,17.360000610351562,40.14144286237859
25,2026-02-09,VZ,45.54682159423828,45.595254310275585,44.38441793344613,44.71376557575092,26954800.0,0.0,1.831434803856574,46.93779304331213,33.970295259300165,70.50952480031654,165.0570181265984,39.14396298022814,39.81068572998047,39.29348735809326,17.360000610351562,40.14144286237859
25,2026-02-09,WMT,128.20359802246094,130.9560592399128,127.27947494500727,130.58840535909283,27197300.0,0.0,3.736575846956839,129.7733043652766,111.242880632282,67.31107442785346,182.6624972566623,41.76788524159037,117.69185892740886,113.60318527221679,17.360000610351562,40.14144286237859
26,2026-02-10,AAPL,273.19244384765625,274.87943562430115,272.4537718732244,274.40031021957236,34376900.0,1.0,2.94047877245481,281.7666161671253,240.0323721751599,56.569706141892084,92.79399711700326,8.944779159218907,262.3031234741211,268.376207224528,17.790000915527344,39.497667199237696
26,2026-02-10,AMGN,357.3381652832031,369.7933006276236,356.3582169182934,369.4797398791471,3526400.0,1.0,10.153977782152936,372.88820671209885,308.19942756524495,59.57639763381181,147.76770570211536,28.356923973222287,334.41685587565104,329.91244049072264,17.790000915527344,39.497667199237696
26,2026-02-10,AMZN,206.9600067138672,212.64999389648438,206.41000366210938,208.8000030517578,67175000.0,1.0,-5.325998389130945,256.610048285915,209.66595116476856,37.962942914528725,-222.5104003593927,28.724127791565106,234.6789998372396,231.58733342488605,17.790000915527344,39.497667199237696
26,2026-02-10,AXP,361.0670471191406,367.33003696727206,357.2197489879289,357.5080543993686,3506900.0,1.0,-2.6727915315355517,365.39128925331124,346.7070658492278,51.05634490633594,2.8709611474659855,0.22570086672073966,361.5879730224609,362.8280405680338,17.790000915527344,39.497667199237696
26,2026-02-10,BA,242.58999633789062,247.86000061035156,240.86000061035156,245.0,5184400.0,1.0,3.743726180782062,255.6061723121588,230.08882585678649,60.14725709659531,51.74822983466603,30.101833158729374,237.51333262125652,218.26616694132488,17.790000915527344,39.497667199237696
26,2026-02-10,CAT,739.5873413085938,749.181249676272,734.9049463368419,739.9659218045892,4008700.0,1.0,31.726643655167322,738.3952765588446,589.4181633825616,68.8647224384291,202.65363650016667,37.96058431641644,642.0029642740885,607.9173146565755,17.790000915527344,39.497667199237696
26,2026-02-10,CRM,192.4706268310547,198.09203195316294,189.7842990292034,190.92847090617403,13393000.0,1.0,-14.692572360712262,248.821585030289,181.6629318764493,32.906207222310854,-115.6387293548625,34.32631555638586,230.24773610432942,238.0583147684733,17.790000915527344,39.497667199237696
26,2026-02-10,CSCO,85.50507354736328,87.38779192129651,85.34652534071877,86.17888830561324,32113800.0,1.0,2.481663895256858,86.41856206512989,69.43472315215527,66.84422455579598,208.47271177862723,49.92586509289856,76.86947911580404,76.670427831014,17.790000915527344,39.497667199237696
26,2026-02-10,CVX,177.30874633789062,177.98000427459178,175.94678446941796,177.76597957465023,7458200.0,1.0,6.138360578105392,180.1701840161189,154.65598328124437,68.57604901933789,142.94254097583558,54.60504371574185,162.5495620727539,154.4915885925293,17.790000915527344,39.497667199237696
26,2026-02-10,DIS,109.12384033203125,110.26509700660796,106.78178565822519,106.78178565822519,9815500.0,1.0,-1.127235731319658,115.27415734527138,103.17002524139853,49.58471086737879,-48.5934233245036,2.355294803877932,110.49335021972657,108.49480069478354,17.790000915527344,39.497667199237696
26,2026-02-10,GS,939.879638671875,952.5964006247325,921.0026180469961,936.6212445988094,3324900.0,1.0,6.038105463668899,965.0252059056323,893.2522721217114,57.322971135646306,59.51965207852153,21.53551568336297,924.4105651855468,879.5924652099609,17.790000915527344,39.497667199237696
26,2026-02-10,HD,384.210205078125,386.2412872463754,376.57885809817844,378.42260481593075,3160800.0,1.0,5.835850673089055,384.5052058499981,366.0870670992207,57.792804242554794,89.11695825042734,14.543780557388377,366.3866424560547,355.68799947102866,17.790000915527344,39.497667199237696
26,2026-02-10,HON,251.8028106689453,253.29287342615515,247.5705705435547,248.3156094497821,3707971.0,1.0,9.542533394093056,252.43067428420338,213.08166244675365,71.94417891551929,149.1552625833524,51.788098624168185,224.54158579508464,212.58421223958334,17.790000915527344,39.497667199237696
26,2026-02-10,IBM,287.56549072265625,293.3313635077478,286.1560264109656,290.7490350310994,3837300.0,1.0,-1.6083233364810212,306.63168813492985,278.3294568846014,48.38932344114673,-54.732173774536975,3.7339404934641065,293.27777303059895,295.36829477945963,17.790000915527344,39.497667199237696
26,2026-02-10,JNJ,235.73388671875,237.86028237497558,235.26904421116984,237.3459856469766,6723300.0,1.0,7.488814274216253,240.4371585967631,207.2505229828267,75.15487606484884,132.75372932254538,41.04331893306756,217.31430308024088,209.94155095418293,17.790000915527344,39.497667199237696
26,2026-02-10,JPM,315.2392883300781,323.01429884581904,312.1094739861534,319.4684837021083,9902200.0,1.0,0.8484673120673847,320.305901233462,291.2215004999364,52.96354025373914,36.051716236764946,0.4306534783498697,311.6910400390625,309.38065948486326,17.790000915527344,39.497667199237696
26,2026-02-10,KO,75.79609680175781,76.48686123887099,75.00666141051002,75.61847252120707,28848200.0,1.0,1.9573051765897986,78.61460567041769,67.57091984227762,62.90364410593582,110.2320663870084,26.32186101292533,71.52227045694987,70.65496660868327,17.790000915527344,39.497667199237696
26,2026-02-10,MCD,321.9754638671875,323.98058641271706,319.5456179093019,321.4420727542251,3502900.0,1.0,4.539326399725326,325.7035071089648,295.75945675822265,61.09353779696293,153.08909550207989,28.76299638270054,307.7460174560547,306.76862182617185,17.790000915527344,39.497667199237696
26,2026-02-10,MMM,171.76693725585938,172.08387596485912,167.8152078481288,168.43917148617865,3215900.0,1.0,1.289945825388088,174.70449168281235,147.27904713554702,57.563735595187026,144.27382582235205,14.544439654837419,161.33494618733724,163.09160359700522,17.790000915527344,39.497667199237696
26,2026-02-10,MRK,115.4583969116211,116.47352287260773,114.42355553279715,115.99060040479665,11849500.0,1.0,3.4246561901797605,119.62718443646665,101.3196768306232,63.83415532957911,129.6542673228569,32.73953453398046,109.12945404052735,103.54393628438314,17.790000915527344,39.497667199237696
26,2026-02-10,MSFT,410.6646728515625,421.0090502850332,410.0982892644293,416.97464756162884,44857900.0,1.0,-18.21071986716271,493.0837495531463,384.2522672925569,37.29314153483362,-104.1728194321093,30.033300671242035,451.4545562744141,466.9145772298177,17.790000915527344,39.497667199237696
26,2026-02-10,NKE,62.06893539428711,63.20122234505598,61.330488362725454,62.02955065117922,13003400.0,1.0,-0.3258847425268243,65.66019058461083,59.82755584483253,48.23753359435014,-33.05721220717262,6.838697030095214,62.811317952473956,62.72267475128174,17.790000915527344,39.497667199237696
26,2026-02-10,NVDA,188.31031799316406,192.24552080983682,187.89083145679504,191.1468699498802,136764800.0,1.0,-0.126175162963591,195.80885050919417,173.96913716170425,52.09713835591706,73.91040241763146,3.145662508259442,185.53071085611978,183.6153475443522,17.790000915527344,39.497667199237696
26,2026-02-10,PG,156.72116088867188,157.77528709376142,154.3961544070585,155.19414130823176,9910100.0,1.0,3.8788878219544642,159.24875429595298,137.49386350189857,63.28910639312656,140.08841129380573,26.961446197123234,145.18105824788412,143.672705078125,17.790000915527344,39.497667199237696
26,2026-02-10,SHW,362.0676574707031,363.3683780391149,357.2718753423436,361.03501393879,1655600.0,1.0,6.121903898443975,365.2736729752946,341.00198620439295,58.69228298931327,95.95390313135073,22.592548629572683,346.5956583658854,337.65641225179036,17.790000915527344,39.497667199237696
26,2026-02-10,TRV,296.2879333496094,298.4510042390648,290.36438635333553,290.36438635333553,2447800.0,1.0,3.967101141078615,301.4989513354818,260.0292774242838,59.4530544935706,129.63715912147987,15.594618863771863,281.8451416015625,283.50047302246094,17.790000915527344,39.497667199237696
26,2026-02-10,UNH,269.5726623535156,275.7589504136547,269.01026431799795,273.81524764104677,7284700.0,1.0,-16.52586062255824,369.3361668620987,240.7265955890732,37.49483390931786,-107.9144313636118,36.2505165630321,314.8996958414713,318.2267878214518,17.790000915527344,39.497667199237696
26,2026-02-10,V,326.8838195800781,328.5871090806843,323.27798187994784,323.4373584411114,5801800.0,1.0,-2.9861984012790117,331.39399121876056,320.5866026533098,46.40614825133946,-49.61427874633068,12.07246809526349,333.8889221191406,334.08628845214844,17.790000915527344,39.497667199237696
26,2026-02-10,VZ,45.90522766113281,46.29269677585668,45.30465385897222,45.5468211318798,32147000.0,1.0,1.9395054144411858,47.6754984808805,33.963934807693725,71.2509253130397,157.889044050227,42.436593857531555,40.05609296162923,39.41111284891765,17.790000915527344,39.497667199237696
26,2026-02-10,WMT,125.89826202392578,128.5215559695187,125.59022607444933,128.12409316288472,24662000.0,1.0,3.645921659259912,130.37037129765707,111.51328882807535,63.51308989044786,134.86425134379084,34.853193972962785,118.18737004597982,113.99188385009765,17.790000915527344,39.497667199237696
27,2026-02-11,AAPL,275.00921630859375,279.6808719096702,273.9610989943363,274.2106536370846,51931300.0,2.0,3.259443724043649,283.4278167526956,239.83795625755835,57.681064776955715,112.46889775021911,14.46465160949783,262.3695348103841,268.42287623087566,17.649999618530273,70.6569014580088
27,2026-02-11,AMGN,359.2294616699219,361.1207847594443,353.76136290320096,357.8183635250028,2826000.0,2.0,10.040930477419579,374.1220622188367,311.1087941044055,60.080591702875786,119.8915450176235,25.56410030343518,335.6238250732422,330.4507502237956,17.649999618530273,70.6569014580088
27,2026-02-11,AMZN,204.0800018310547,208.57000732421875,202.49000549316406,208.05999755859375,65545500.0,2.0,-6.622450835619816,257.5602709728835,204.86372805055404,36.923727234363334,-216.17156228964814,31.44830124050545,233.74599965413412,231.02900009155275,17.649999618530273,70.6569014580088
27,2026-02-11,AXP,351.9310302734375,367.3300531025327,351.8713850599483,365.4014436307579,3437100.0,2.0,-2.821266297509794,365.3731889855581,346.3285108435435,47.34387670714541,-33.720506132105214,4.640878096175149,360.9093790690104,362.663818359375,17.649999618530273,70.6569014580088
27,2026-02-11,BA,236.25999450683594,244.6999969482422,235.5,244.47999572753906,5791000.0,2.0,3.1545879437441897,255.493854289226,229.37214302522713,55.590771519150174,6.7869647312871,21.41504778907035,238.1469991048177,218.96083348592123,17.649999618530273,70.6569014580088
27,2026-02-11,CAT,772.0950317382812,772.6329857410683,753.2658511578556,755.8361974505888,3926300.0,2.0,35.84198028224682,758.0709019910171,583.6856592882798,71.67121774720812,217.84222098881708,42.41696562504442,648.5696105957031,611.6157684326172,17.649999618530273,70.6569014580088
27,2026-02-11,CRM,184.0634002685547,192.6895048269234,180.8895478564994,192.17213318074323,16350200.0,2.0,-15.212591341961257,246.68948938685094,178.2174075858053,30.699676422366,-131.64067674058828,39.16081984138495,227.55377705891928,237.14558334350585,17.649999618530273,70.6569014580088
27,2026-02-11,CSCO,84.76189422607422,86.34733846238255,84.35562012427316,85.27716076787651,34455800.0,2.0,2.5833537739807753,87.30366323080882,69.5474613419451,65.07551591518846,163.09538519273096,43.73606031431598,77.139138285319,76.81199264526367,17.649999618530273,70.6569014580088
27,2026-02-11,CVX,180.77203369140625,181.45301457034213,178.56369620003505,178.94310089289004,10502100.0,2.0,6.392347716065046,181.97368028118237,154.9878568892278,70.5866930870833,157.66876053623142,58.213640158632444,163.67902221679688,155.00975901285807,17.649999618530273,70.6569014580088
27,2026-02-11,DIS,107.29783630371094,109.03452894856412,106.98026995150724,108.10167447648739,9374900.0,2.0,-1.0855909695427215,114.93015107277328,103.03172713157242,47.703468552452435,-69.12953821536107,2.35529480387793,110.29255549112956,108.5151974995931,17.649999618530273,70.6569014580088
27,2026-02-11,GS,935.5218505859375,958.8358420327925,922.3396305822372,941.5137577786719,2654300.0,2.0,6.478413276535775,965.4574779150925,893.4578113915483,56.6574918551528,61.14173481661546,22.992240458310103,926.1407938639323,881.9539683024088,17.649999618530273,70.6569014580088
27,2026-02-11,HD,385.1961975097656,385.925830931171,376.7169057319956,379.59593227578426,3229900.0,2.0,6.117093658375609,386.0359877424648,365.6349320573399,58.13244084712452,89.43615536157803,14.543780557388367,367.8074157714844,356.0984115600586,17.649999618530273,70.6569014580088
27,2026-02-11,HON,251.1405487060547,253.55158599261793,247.4360400341613,252.47540696024677,3997263.0,2.0,9.748820841168993,254.3832319796327,214.48385481235945,71.30752122143366,139.38565054527538,51.99417765716123,226.1147928873698,213.3433942159017,17.649999618530273,70.6569014580088
27,2026-02-11,IBM,268.887939453125,289.2804916819156,268.44439685512543,288.1371648344613,7628200.0,2.0,-3.2665131489634405,308.5208282348726,273.6183502319243,42.72724789957359,-206.87980476068407,9.3371967377447,292.2528340657552,294.87019907633464,17.649999618530273,70.6569014580088
27,2026-02-11,JNJ,238.21633911132812,238.61194270447737,234.79430917447928,236.7130182930035,6803900.0,2.0,7.618392185099651,241.86584023681687,208.51297751220656,76.36508168502945,126.57207122459548,41.902667687159145,218.41212005615233,210.71367975870768,17.649999618530273,70.6569014580088
27,2026-02-11,JPM,307.8505554199219,322.1724018130651,305.78052608370194,320.1518827061323,8703500.0,2.0,0.545545157002266,320.29949621557574,291.2199801027836,49.612335057262705,2.7100980671367036,6.3047741847744305,311.31215413411456,309.4257197062174,17.649999618530273,70.6569014580088
27,2026-02-11,KO,77.56246948242188,78.00653394803875,75.56913702664558,75.86517247503785,22649700.0,2.0,2.016383052599693,79.15669509966119,67.75511444013372,66.1779176600466,129.51533108857421,32.9720170154533,71.79989013671874,70.78696263631186,17.649999618530273,70.6569014580088
27,2026-02-11,MCD,319.2492980957031,321.2149326523477,316.8787143045362,319.61475920329195,4553200.0,2.0,4.441868441659494,326.64467637044174,296.17841322916763,58.63785516999967,112.4093227168511,22.750481630859838,308.22935384114584,307.0561335245768,17.649999618530273,70.6569014580088
27,2026-02-11,MMM,171.1925048828125,173.25254595226735,170.7864328466588,172.33147120498435,2996900.0,2.0,1.8417065192395512,175.30653464443262,147.01671517246191,57.084158671593244,145.43498641431023,16.175864423070465,161.7023890177409,163.14046427408854,17.649999618530273,70.6569014580088
27,2026-02-11,MRK,117.58719635009766,117.63647737252214,114.63051546610845,115.34997778967295,10885300.0,2.0,3.4992014727445166,120.5149945530708,101.52091014053272,65.59181271537715,135.29827198462496,34.749777945161114,109.54634577433268,103.99019037882486,17.649999618530273,70.6569014580088
27,2026-02-11,MSFT,401.8207702636719,413.8345489802859,398.4819668946231,413.5563153661985,42491000.0,2.0,-18.471304787693782,490.36246486438586,380.3853470252626,35.70379024934038,-117.6876666484243,34.07738326147497,448.7142740885417,465.2918752034505,17.649999618530273,70.6569014580088
27,2026-02-11,NKE,61.38956069946289,63.02399370780837,60.729883165099054,62.915687544032636,15511900.0,2.0,-0.3609435273177226,65.26586666516755,59.83296413012052,47.19560669446041,-66.22513720255621,9.149964605404245,62.84873263041178,62.66915995279948,17.649999618530273,70.6569014580088
27,2026-02-11,NVDA,189.81849670410156,193.02457795983298,188.54005713468442,192.21556708670826,144192700.0,2.0,0.29765009047682156,196.23934890384658,173.96212356929794,52.838530701448946,89.50276765401225,3.9845825992947614,185.59163716634114,183.6686228434245,17.649999618530273,70.6569014580088
27,2026-02-11,PG,157.6275177001953,158.75061316250793,155.8443588114169,156.28768319844238,10217300.0,2.0,4.023030399869697,160.25880970787898,138.13662028479678,64.08640785276982,139.43781470492294,28.8051996375599,145.721235148112,143.8875239054362,17.649999618530273,70.6569014580088
27,2026-02-11,SHW,364.3712158203125,364.6392928425282,360.26051967090757,361.3229494836043,1451500.0,2.0,6.3359733376232725,366.8195536430877,340.54633075632637,59.55337111330513,107.40129832873406,23.709432699516935,347.977138264974,338.13499959309894,17.649999618530273,70.6569014580088
27,2026-02-11,TRV,296.7046813964844,297.8754982120115,291.4855745241868,295.60332751414967,1876400.0,2.0,4.3103794151529655,303.28044947599705,261.0091379263467,59.67224191261863,127.35121259142039,15.594618863771867,282.07996826171876,283.7111974080404,17.649999618530273,70.6569014580088
27,2026-02-11,UNH,275.18670654296875,275.95629276204994,266.198304439543,268.8030763257778,6333100.0,2.0,-16.089887905046737,366.8604561323492,237.77376017624456,39.39244645527008,-95.98402316123807,37.42426641023719,313.25429178873696,317.3817347208659,17.649999618530273,70.6569014580088
27,2026-02-11,V,327.9495849609375,329.7425483778229,325.140660617698,325.6387009449491,8264300.0,2.0,-2.7142343647382745,331.5655601434453,320.61770401671095,46.98370233783245,-38.30696004180105,10.394838822713934,333.0707977294922,333.98421681722004,17.649999618530273,70.6569014580088
27,2026-02-11,VZ,47.43572998046875,47.60040196409645,45.69212253511902,45.7018112960263,48933100.0,2.0,2.124164848043492,48.60291633755684,34.00131187289238,74.12461475394136,160.38502804566224,47.90385346217612,40.35251693725586,39.54932715098063,17.649999618530273,70.6569014580088
27,2026-02-11,WMT,127.95516204833984,128.9190252095116,125.82869675501851,125.8982534995816,19232100.0,2.0,3.69743052658157,131.2661026785415,111.45323478483739,65.31925439630754,135.23614665052887,35.61754979485304,118.72527770996093,114.42973874409994,17.649999618530273,70.6569014580088
28,2026-02-12,AAPL,261.2637939453125,275.22886395053104,259.7165366668213,275.09909064411113,81077200.0,3.0,2.3756994523025696,283.50063172049386,239.96609038643976,48.05625432187901,26.97954698977281,3.4907222538014246,262.00037078857423,268.2494311014811,20.81999969482422,175.32254854646084
28,2026-02-12,AMGN,358.85711669921875,363.4432680422582,357.7399611664607,359.30788459046147,2374500.0,3.0,9.8082313609209,375.2281262204883,313.6510791017773,59.92836029262227,119.17466300361974,27.032956510601846,336.8490885416667,330.9708541870117,20.81999969482422,175.32254854646084
28,2026-02-12,AMZN,199.60000610351562,203.9600067138672,197.55999755859375,203.9600067138672,83975400.0,3.0,-7.920098983235391,259.0906125067579,199.6283877373827,35.3658351527538,-211.70156466484735,34.69558164538815,232.64833323160806,230.44416681925455,20.81999969482422,175.32254854646084
28,2026-02-12,AXP,340.8663635253906,356.95133548852965,338.3810453479579,354.4063721019071,4141900.0,3.0,-3.7880929767069347,366.7253093089925,343.447420183195,43.390965670870976,-127.74211615746155,15.364082204296986,359.9257771809896,362.4400019327799,20.81999969482422,175.32254854646084
28,2026-02-12,BA,239.35000610351562,245.6699981689453,235.97000122070312,239.25999450683594,6980800.0,3.0,2.903559333335778,255.4027254049309,229.13727245883865,57.227070643462774,15.072280384015015,22.385224354970674,238.84199930826824,219.70800018310547,20.81999969482422,175.32254854646084
28,2026-02-12,CAT,755.4476318359375,786.8495028882893,753.1762097231763,773.7786862769942,4893400.0,3.0,37.32979354165491,770.0856246110089,583.7286637190692,68.40472833283235,188.05903324136176,44.89904269043144,654.6217651367188,615.0288126627604,20.81999969482422,175.32254854646084
28,2026-02-12,CRM,184.49122619628906,187.36660972255456,179.32751408344743,185.01855696072852,16849100.0,3.0,-15.412522192385978,243.8909018177494,175.62940305285605,30.943443298470992,-127.86483531298947,39.9637066301771,224.88435923258464,236.18650767008464,20.81999969482422,175.32254854646084
28,2026-02-12,CSCO,74.3177719116211,79.63892710209126,73.4160459836293,78.88583822992165,68098600.0,3.0,1.8004360439194045,87.27147941353778,69.63810844656965,46.996959195834926,-25.769444744629517,2.3207792265513434,77.07314453125,76.76930402119955,20.81999969482422,175.32254854646084
28,2026-02-12,CVX,177.4449462890625,180.75259136651906,177.14337007209383,180.75259136651906,9673700.0,3.0,6.253084538882746,182.98927770886152,155.447074830201,66.36659190351727,127.92386160551632,53.06592512256787,164.65477498372397,155.43976669311525,20.81999969482422,175.32254854646084
28,2026-02-12,DIS,101.60147857666016,107.33753262100633,100.25181969227036,107.10927825717582,25319600.0,3.0,-1.4950022031341632,114.96287898471034,101.89247761319005,42.49987478830208,-176.06345933765962,18.895837475182827,109.88203430175781,108.47039108276367,20.81999969482422,175.32254854646084
28,2026-02-12,GS,895.8662719726562,959.0934320339674,895.3017367413962,946.9907130858718,3188700.0,3.0,3.586147733118196,967.0322791174912,889.0980065270402,51.07560758213205,-47.14324560627794,13.542633417274812,926.8053548177083,883.8941884358724,20.81999969482422,175.32254854646084
28,2026-02-12,HD,384.74267578125,392.04866888152776,383.53979911516075,388.0259209765789,3702200.0,3.0,6.231551886073248,387.171868590427,365.9060214242215,57.91070565653851,113.28341326731659,19.480345856568658,369.2492228190104,356.59449361165366,20.81999969482422,175.32254854646084
28,2026-02-12,HON,248.1707305908203,254.17242865487557,247.5084804824741,252.92037427616998,6232171.0,3.0,9.562435819387389,255.52894782349426,216.11030846312684,68.4956425818127,126.60970582013655,52.498231134970105,227.61418609619142,214.04687067667643,20.81999969482422,175.32254854646084
28,2026-02-12,IBM,255.78897094726562,267.39961326028475,253.5220491853209,266.4139898718151,12565400.0,3.0,-5.5733714509602805,311.3875962705435,266.04443192769867,39.383873912105074,-346.4495444850428,18.308792647428927,290.91180623372395,294.1402297973633,20.81999969482422,175.32254854646084
28,2026-02-12,JNJ,241.8658447265625,243.64609111049592,237.04928713623855,237.84050942813226,10254300.0,3.0,7.924222709256583,244.15262186980058,208.7976588919182,77.99517435402944,136.85381191693486,47.23157534470344,219.65301615397135,211.53549550374348,20.81999969482422,175.32254854646084
28,2026-02-12,JPM,299.7487487792969,310.6238322045743,297.1537535117247,309.2966374972976,13443400.0,3.0,-0.3443020202296907,320.28530731005196,290.71616974072924,46.28997909649937,-64.18927258586339,13.500443174688112,310.67405293782554,309.43221384684244,20.81999969482422,175.32254854646084
28,2026-02-12,KO,77.95719146728516,79.34858292876153,77.74996439340934,77.93745878206704,26043500.0,3.0,2.071178207210778,79.68857155922852,67.96925772543945,66.85422503316968,144.86108974536234,38.07800387303033,72.0936274210612,70.92406730651855,20.81999969482422,175.32254854646084
28,2026-02-12,MCD,328.0106201171875,329.29470777512705,316.2268196660725,325.78819201219517,6499700.0,3.0,5.01380178743392,329.13758121650034,296.0511608489293,63.51367574282458,149.15578386625825,32.61237778417132,309.0211975097656,307.49866739908856,20.81999969482422,175.32254854646084
28,2026-02-12,MMM,172.9356231689453,175.70877631560407,170.74680874288592,171.72732083441878,4525600.0,3.0,2.3920617236381645,176.15977422657883,146.6210439496907,58.17792878742534,148.35383977110752,19.516536478095063,162.1460927327474,163.25650736490886,20.81999969482422,175.32254854646084
28,2026-02-12,MRK,117.5182113647461,119.85399204822163,116.41438861007363,117.29153670015239,13453300.0,3.0,3.5122258807915046,121.31544661914432,101.53157333935178,65.48512329725294,139.91222962389037,38.38240298691775,109.97933527628581,104.43545761108399,20.81999969482422,175.32254854646084
28,2026-02-12,MSFT,399.30670166015625,403.6392309547976,395.5008602319473,402.4467839094351,40802400.0,3.0,-18.665520043801166,488.8122210292356,376.21786319928003,35.2618611591431,-119.84161086837555,35.073663789601724,445.8776021321615,463.5133763631185,20.81999969482422,175.32254854646084
28,2026-02-12,NKE,60.1588134765625,61.75386168436934,59.912664479103675,61.36986984928327,13602400.0,3.0,-0.4824771852933267,65.07296105696727,59.585755144814954,45.35947864274599,-134.75233886300282,12.215490700589134,62.84577878316244,62.62546164194743,20.81999969482422,175.32254854646084
28,2026-02-12,NVDA,186.7122802734375,193.3741533411549,186.28279615580217,192.79485804306626,189932500.0,3.0,0.3785255442534776,196.4017510971725,174.17925933983923,51.15178505876106,55.204917977081664,1.3532549206771936,185.57166188557943,183.61503168741862,20.81999969482422,175.32254854646084
28,2026-02-12,PG,158.81956481933594,160.72093932530024,157.2826840647245,157.64720788113706,13512900.0,3.0,4.185208196630782,161.45189552783563,138.50914573193,65.1171661486657,143.07250957359446,32.37285800924749,146.31810302734374,144.12693837483724,20.81999969482422,175.32254854646084
28,2026-02-12,SHW,369.9613342285156,372.21524767571185,364.7683610378652,367.3797408004369,2305600.0,3.0,6.8774221064365975,369.5618239596735,339.6161331936468,61.56473801171594,143.01582510267713,29.942794473394496,349.51417541503906,338.8038955688477,20.81999969482422,175.32254854646084
28,2026-02-12,TRV,295.11712646484375,299.65159663482723,293.0433822939502,299.6218311311404,2063600.0,3.0,4.403565938297959,304.5323882768269,262.20700076125905,58.42757320014649,126.84703315187637,17.752795930650965,282.2469930013021,283.89760335286456,20.81999969482422,175.32254854646084
28,2026-02-12,UNH,280.57379150390625,282.4878958393087,272.1280658242715,274.4467004687212,12336900.0,3.0,-15.135214321450974,363.63414913819963,236.00860293699563,41.16551228731972,-75.6624901690985,31.60195870517855,311.68255818684895,316.8005905151367,20.81999969482422,175.32254854646084
28,2026-02-12,V,322.9094543457031,330.93786286095707,322.73016710393654,327.6010166244024,9392600.0,3.0,-2.8722873838804617,331.50183007008343,320.2518625568697,44.63073875662768,-50.66487501670295,13.199005662940172,332.1174723307292,333.8985397338867,20.81999969482422,175.32254854646084
28,2026-02-12,VZ,47.910369873046875,48.665934237623,47.36791757509177,47.36791757509177,56131100.0,3.0,2.2824970470196817,49.5158918870287,34.02116408220958,74.92859994559021,160.93867731755063,51.7654052588408,40.65777982076009,39.69624563852946,20.81999969482422,175.32254854646084
28,2026-02-12,WMT,132.79434204101562,133.63896941128445,128.49173992475252,128.56130425130252,33382700.0,3.0,4.081681968752633,133.11830555142174,110.95242503939856,69.04821477785147,171.26427214815706,43.72810503925617,119.44469629923502,114.94923820495606,20.81999969482422,175.32254854646084
29,2026-02-13,AAPL,255.32435607910156,261.7628783299504,254.9949421084194,261.5432690161623,56290700.0,4.0,1.1824324073114099,283.5022996200943,239.74595172267914,44.72062850592843,-38.03771187949548,8.41680487020923,261.4737823486328,268.05927124023435,20.600000381469727,48.758979805401516
29,2026-02-13,AMGN,364.2940368652344,365.507736219591,356.913221079362,357.8506348221017,2414200.0,4.0,9.947856951142,376.81925000677313,316.1481236504534,61.405515188272666,118.70069569082716,28.333402971514506,338.3006601969401,331.5009765625,20.600000381469727,48.758979805401516
29,2026-02-13,AMZN,198.7899932861328,201.16000366210938,197.27999877929688,198.8800048828125,66321600.0,4.0,-8.911133751178568,259.762260903043,195.0177394021328,35.08892464073717,-187.66863941840867,34.876827838728,231.5806660970052,229.87616678873698,20.600000381469727,48.758979805401516
29,2026-02-13,AXP,335.5179748535156,342.8446884428461,334.23554209933513,340.5880303189738,3814400.0,4.0,-4.929061203729418,368.6577409322471,339.5396589700966,41.65197711669113,-183.92037579862503,18.285145524569998,358.8776357014974,362.39040120442706,20.600000381469727,48.758979805401516
29,2026-02-13,BA,242.9600067138672,246.50999450683594,240.72000122070312,241.24000549316406,6835400.0,4.0,2.9617727575357264,254.91622608253917,229.1457719033007,59.05057859857524,39.283239982601536,23.234223789860103,239.70333302815754,220.56050033569335,20.600000381469727,48.758979805401516
29,2026-02-13,CAT,771.2980346679688,781.0612886143734,744.6183864642087,762.1325073851986,3232800.0,4.0,39.33446804726009,784.0411675550239,582.57800969107,69.76211934404151,168.1103314222259,41.11133910649921,661.3520161946615,618.7388315836589,20.600000381469727,48.758979805401516
29,2026-02-13,CRM,188.759521484375,192.4706336714869,183.36696269123988,185.4961280832271,14822900.0,4.0,-15.053031101305749,241.2013664145403,173.96011887598706,33.36262196026116,-105.97556125157892,33.9867730837394,222.39071502685547,235.40833384195963,20.600000381469727,48.758979805401516
29,2026-02-13,CSCO,76.15094757080078,76.5968587702626,72.7521475891036,73.7034142306288,42886400.0,4.0,1.3127574072085082,87.23121213376443,69.836920648218,49.5422053548772,-37.39664368718525,4.246996445965459,77.08074162801107,76.7607821146647,20.600000381469727,48.758979805401516
29,2026-02-13,CVX,178.74856567382812,179.81867441373743,176.78343638481854,177.58115272953114,9034700.0,4.0,6.176707418919136,183.9878721354836,156.15872515455544,67.16235158878008,117.112726107786,51.77137721901076,165.67073872884114,155.93639856974283,20.600000381469727,48.758979805401516
29,2026-02-13,DIS,104.64813232421875,104.71759972619711,100.43045024504119,100.62893394453575,12845300.0,4.0,-1.5556910222038738,114.47365907021413,101.59174925498118,45.772683633716746,-152.27940782004657,18.895837475182837,109.60680974324545,108.47816937764486,20.600000381469727,48.758979805401516
29,2026-02-13,GS,896.4506225585938,897.2924383338793,860.6575539652756,885.8235900215421,2623000.0,4.0,1.3258748015907713,961.5272974287597,887.5988866532715,51.14897270239911,-214.95950742366318,3.0482401510655817,927.6683247884115,886.0962748209636,20.600000381469727,48.758979805401516
29,2026-02-13,HD,385.56097412109375,388.4695781761187,381.6664367588977,384.72292930553755,2875900.0,4.0,6.3154896598287,388.4039603694887,365.84623494301127,58.2082443889119,103.26090150471835,17.334981795156075,370.79225463867186,357.17490946451824,20.600000381469727,48.758979805401516
29,2026-02-13,HON,249.77462768554688,251.67861922768523,247.27045884160373,247.9741108353765,5082346.0,4.0,9.435380247834246,256.7860666854239,217.58086294104092,69.17474888516489,117.4372998597372,51.86581799517776,229.21084798177083,214.82812779744467,20.600000381469727,48.758979805401516
29,2026-02-13,IBM,258.6078796386719,260.855099849511,252.95041079183125,256.2620910693458,6842600.0,4.0,-7.092354652914423,313.33000168233184,260.76264968485566,40.42172520225718,-300.48125435329575,18.627890314854596,289.85552266438805,293.5964075724284,20.600000381469727,48.758979805401516
29,2026-02-13,JNJ,240.7779083251953,242.26144443944952,239.9471317231273,241.90539516837612,13268500.0,4.0,7.986742037085236,245.86101317003866,209.4510565321098,76.37082881106801,126.24291711445903,47.231575344703444,220.85632883707683,212.2793930053711,20.600000381469727,48.758979805401516
29,2026-02-13,JPM,299.6595764160156,301.3829738793206,293.6871852314235,295.66807823097014,9114500.0,4.0,-1.0446655297161556,320.1739487038349,290.1629378928448,46.25471082925374,-90.33370855652932,16.176493078459274,310.0724202473958,309.49046579996747,20.600000381469727,48.758979805401516
29,2026-02-13,KO,77.64141845703125,78.35191560814155,77.09867548640923,77.41445116149315,16711900.0,4.0,2.0653158436839902,79.96510171043388,68.50190344703682,65.76591755987535,118.084535231258,32.99198935240072,72.382101949056,71.06374855041504,20.600000381469727,48.758979805401516
29,2026-02-13,MCD,323.56573486328125,331.5566243921077,322.52861389815644,328.42545714650106,3587900.0,4.0,5.050182630251186,330.3433056475772,296.7182025311337,59.81321357449685,145.9545711483237,35.01496187533633,309.7438975016276,307.90197601318357,20.600000381469727,48.758979805401516
29,2026-02-13,MMM,170.93597412109375,173.8011458755807,169.70234859522853,173.60217793406198,3178200.0,4.0,2.6364755725703617,176.41707296585088,146.511412141571,56.469974691410194,116.00800318890965,17.457371825711263,162.55846608479817,163.37537282307943,20.600000381469727,48.758979805401516
29,2026-02-13,MRK,119.65689086914062,121.54916501822821,119.28237310766372,119.74558769524047,10102300.0,4.0,3.6530117349590228,122.4316595832268,101.44428646169507,67.19635270394674,156.30570981465874,40.98078373314753,110.50989557902018,104.91734670003255,20.600000381469727,48.758979805401516
29,2026-02-13,MSFT,398.7900085449219,402.98340606348665,395.54060384789733,401.90028127287496,34091600.0,4.0,-18.64618819901733,487.05229734558355,372.47867494445546,35.16931019974916,-110.55860366074981,35.073663789601724,443.1515635172526,461.77073364257814,20.600000381469727,48.758979805401516
29,2026-02-13,NKE,62.15755081176758,62.403699828717144,60.6412719659336,60.6412719659336,20180900.0,4.0,-0.4127541135451125,64.9360202508072,59.578945950975026,48.711679171017195,-64.82098225277394,9.184863474464542,62.82674344380697,62.635783958435056,20.600000381469727,48.758979805401516
29,2026-02-13,NVDA,182.58729553222656,187.27158453858374,181.36878053627944,187.25160463564347,161888000.0,4.0,0.10851721051460572,196.22845096387337,173.92907619677115,49.00279879055205,-40.49265263249424,4.111259909020256,185.44881184895834,183.5521146138509,20.600000381469727,48.758979805401516
29,2026-02-13,PG,157.6964874267578,160.15941739819442,157.34182490956968,159.34172284377368,13998900.0,4.0,4.174985673356161,162.02292242250897,139.55967798032307,63.345216659501936,125.31655619249756,32.37285800924749,146.90166473388672,144.377796681722,20.600000381469727,48.758979805401516
29,2026-02-13,SHW,366.2776184082031,375.0947067892039,364.61943164052053,371.7982413127238,2162200.0,4.0,6.929401251818888,371.0672327204151,339.3776861028271,59.54613500842719,137.6651371273112,32.123357466842094,350.99891967773436,339.50026245117186,20.600000381469727,48.758979805401516
29,2026-02-13,TRV,291.92218017578125,295.1270742191727,289.7293738725502,293.94632537583215,1764500.0,4.0,4.171524724673816,304.89419091106714,264.1144150459641,55.995951000219534,89.74601761302222,12.214504925016048,282.3842508951823,284.07655232747396,20.600000381469727,48.758979805401516
29,2026-02-13,UNH,289.2760314941406,289.5424162609187,280.71191329863694,281.81695692254965,10281900.0,4.0,-13.52057382999459,359.3839902998544,235.74286211713772,43.90772806770786,-53.24612469756015,25.653855279098885,310.46831970214845,316.38637186686196,20.600000381469727,48.758979805401516
29,2026-02-13,V,312.8489990234375,325.20042347471514,311.59395806764877,322.56078541825985,11653900.0,4.0,-3.7659289216354637,333.32941017222765,317.12981834339735,40.447970472557,-118.13040358712732,24.49221138275764,330.9252197265625,333.71593017578124,20.600000381469727,48.758979805401516
29,2026-02-13,VZ,47.47446823120117,47.881311151265514,47.106376654927665,47.6197700659054,31998500.0,4.0,2.345762347756711,50.183496555022806,34.288324657745754,72.78016702877106,133.09931692436288,48.96173280008614,40.947560501098636,39.836692555745444,20.600000381469727,48.758979805401516
29,2026-02-13,WMT,133.0427703857422,133.79795580009971,130.9163124820861,131.86029804059163,24131200.0,4.0,4.356036419961711,134.73952069635143,110.79091448431261,69.22395242781988,160.9381787937272,43.97403913190903,120.18928807576498,115.4651102701823,20.600000381469727,48.758979805401516
30,2026-02-17,AAPL,263.4099426269531,265.8156532326085,255.08478749757862,257.5903108294174,58469100.0,1.0,0.879065616251637,283.70580446194947,240.3998061947888,49.64302390051464,0.5313935082793705,3.7160703187417523,261.2449696858724,268.0042032877604,20.290000915527344,53.728086265867944
30,2026-02-17,AMGN,368.4087219238281,369.8000270112667,364.10655593391016,365.9616293838283,2255400.0,1.0,10.272121313383764,378.5815015586244,318.8482713905944,62.48810716395271,129.84604870752668,30.979161231903475,339.87860819498695,332.06270192464194,20.290000915527344,53.728086265867944
30,2026-02-17,AMZN,201.14999389648438,201.74000549316406,196.0,198.1300048828125,69879200.0,1.0,-9.397771953713658,259.38509399261847,191.59790619048698,36.585462926679355,-160.0032771172255,35.72050340093851,230.73566589355468,229.5194999694824,20.290000915527344,53.728086265867944
30,2026-02-17,AXP,342.5066833496094,344.59435678320733,336.0150331824299,336.74075704572743,3186000.0,1.0,-5.209306730013282,367.944210403791,338.23908732570123,44.650506321670555,-146.65978679742096,16.52915331557619,357.9431559244792,362.46703338623047,20.290000915527344,53.728086265867944
30,2026-02-17,BA,244.0399932861328,245.4199981689453,238.92999267578125,243.61000061035156,4864700.0,1.0,3.059781944567902,254.49894651765635,229.19905152921865,59.583825340723585,28.751779458198513,20.332559810715374,240.24566599527995,221.4673334757487,20.290000915527344,53.728086265867944
30,2026-02-17,CAT,761.8934326171875,771.5171969407592,747.1887483212059,762.1325232876301,3450300.0,1.0,39.70660126501093,793.9238097236847,584.5886170341279,67.96977245208603,142.0178968629266,41.111339106499216,666.9226196289062,622.3777496337891,20.290000915527344,53.728086265867944
30,2026-02-17,CRM,183.35699462890625,192.02290548914857,182.24266967276117,190.00318391536615,13692900.0,1.0,-15.030804826379352,239.56302129859085,171.33814142113573,31.89939658029263,-105.05338045362171,34.6229506855028,220.09141489664714,234.5985590616862,20.290000915527344,53.728086265867944
30,2026-02-17,CSCO,76.15094757080078,76.86439944194349,75.78431804146012,76.25003642846055,24792700.0,1.0,0.9157128068543017,87.1832078762817,70.04941541473391,49.5422053548772,-16.02884369162547,3.39698960600166,77.1074961344401,76.75899543762208,20.290000915527344,53.728086265867944
30,2026-02-17,CVX,177.36343383789062,180.55607382808714,175.58538134936003,180.06489844497997,9849000.0,1.0,5.935983119569016,184.55203446527923,157.1565653882364,65.4599948228525,102.87220819398304,47.476603737601074,166.52735850016276,156.40167592366535,20.290000915527344,53.728086265867944
30,2026-02-17,DIS,104.63821411132812,106.46421872352691,103.57635092303495,105.75961862394723,10467400.0,1.0,-1.586301766124933,114.26095268672341,101.23283622318868,45.76391143280823,-103.24691295661746,13.552326108499619,109.39476776123047,108.47608947753906,20.290000915527344,53.728086265867944
30,2026-02-17,GS,907.2459106445312,912.7030238135872,896.9853820977502,899.0156898208336,2008500.0,1.0,0.40105859369862173,957.5041628612174,887.0701413380012,52.50994984271811,-113.818935894364,7.00351773187031,927.7244445800782,888.4661295572917,20.290000915527344,53.728086265867944
30,2026-02-17,HD,377.6634521484375,388.4696032452015,375.15909653502325,386.7244587530962,3485300.0,1.0,5.679279727945698,388.49530279973544,366.03786370417083,54.37081715259649,68.70699702414852,10.223136875028672,372.0155069986979,357.97554982503254,20.290000915527344,53.728086265867944
30,2026-02-17,HON,251.0887908935547,253.26181969791543,248.0051606896709,248.0051606896709,3527759.0,1.0,9.333143115799402,258.31487823984475,218.45894225576075,69.72785241245427,115.64080190579935,53.20122391171333,230.82406565348307,215.711137898763,20.290000915527344,53.728086265867944
30,2026-02-17,IBM,254.5963897705078,256.952044242816,250.98900435094615,255.4736090747419,4929700.0,1.0,-8.521621542470939,314.0931653422047,255.5023684102367,39.42792557881986,-272.05856517056407,19.740680412376822,288.8193883260091,293.10365778605143,20.290000915527344,53.728086265867944
30,2026-02-17,JNJ,240.6592254638672,241.80649699124882,239.21524370129245,241.450447727279,12703000.0,1.0,7.935239834485117,247.13551866602418,210.61647260594847,76.19175732602007,114.40798722784764,45.1600311878209,222.04249827067056,213.01443277994792,20.290000915527344,53.728086265867944
30,2026-02-17,JPM,304.1958312988281,305.29521237973853,299.6100592744303,299.8675850307636,8896800.0,1.0,-1.2196118723690006,319.7750264506112,290.0329630513419,48.32654534853174,-51.09037009065053,12.126651821987055,309.5148508707682,309.64009755452474,20.290000915527344,53.728086265867944
30,2026-02-17,KO,78.50979614257812,78.58874193996218,77.70062054110562,77.94732051141658,16260200.0,1.0,2.106458754939581,80.26485637022725,69.10210911439188,67.28114475851784,118.81832072249728,33.90775253670819,72.72550811767579,71.2090835571289,20.290000915527344,53.728086265867944
30,2026-02-17,MCD,323.6052551269531,328.01059269546244,321.0173661062431,325.95609481556994,3367200.0,1.0,5.024286814400966,331.24141643415896,297.81434833634887,59.83473751915685,119.95645081224123,31.767900951088585,310.545947265625,308.31101582845054,20.290000915527344,53.728086265867944
30,2026-02-17,MMM,166.757568359375,170.61761011052747,166.38947691536862,169.12532780635374,4748900.0,1.0,2.464602480940613,176.48520788344373,146.49994073716172,53.10024874620425,66.19273417016633,11.172499728273989,162.77477569580077,163.41799570719402,20.290000915527344,53.728086265867944
30,2026-02-17,MRK,119.81456756591797,121.3027657515742,119.05568942947146,120.59316111949364,9899800.0,1.0,3.734262477027386,123.37823179430167,101.75331727796394,67.31992752266677,137.24331251804443,40.16314519103807,111.00661799112956,105.34371986389161,20.290000915527344,53.728086265867944
30,2026-02-17,MSFT,394.35809326171875,397.99502346077054,392.0427954340728,396.70323107498865,32078800.0,1.0,-18.772093093085914,484.503773257232,368.76691766073674,34.3688806483703,-111.01051143930228,36.2827827222636,440.6315500895182,460.1806945800781,20.290000915527344,53.728086265867944
30,2026-02-17,NKE,63.82151412963867,63.82151412963867,61.97047254837756,61.97047254837756,12347500.0,1.0,-0.22068621016809686,65.0028124700454,59.55547610417335,51.28553587853604,20.65738903769197,2.9117644760906045,62.87728602091472,62.68052438100179,20.290000915527344,53.728086265867944
30,2026-02-17,NVDA,184.7446746826172,186.92201173748992,178.9617194034806,181.5285959992061,162276900.0,1.0,0.06783417800946268,196.1577649830504,173.87391684068007,50.136204935883114,-40.65557394023198,6.6613142459822114,185.31963602701822,183.61237614949545,20.290000915527344,53.728086265867944
30,2026-02-17,PG,157.18417358398438,159.765319051939,156.52411024036732,157.57823631576093,13319100.0,1.0,4.078530048878662,162.23454540571308,140.92816516557596,62.54210121778287,109.76183162464136,29.49092101113111,147.51771240234376,144.6010409037272,20.290000915527344,53.728086265867944
30,2026-02-17,SHW,365.3343505859375,369.81242167885495,362.1371525453715,367.5783555719786,1336000.0,1.0,6.815911681874184,372.2022856080942,339.2464753782339,59.033404842892246,114.01633720340692,28.555004825786412,352.3261210123698,340.2302235921224,20.290000915527344,53.728086265867944
30,2026-02-17,TRV,296.90313720703125,298.1830841013419,294.11499076429794,294.72023274498116,1437400.0,1.0,4.339528611368053,305.3937806133283,266.5726439472186,58.763722276651656,115.97711900832635,15.98406452832783,282.84861145019534,284.2999725341797,20.290000915527344,53.728086265867944
30,2026-02-17,UNH,285.23077392578125,290.3021716729731,284.4907860910092,290.07523123064414,6091700.0,1.0,-12.424160101913628,355.97857960302446,235.0112458364287,42.94517993473871,-49.41206943128445,25.024290936058545,308.91237182617186,316.0180923461914,20.290000915527344,53.728086265867944
30,2026-02-17,V,318.247802734375,320.12043942634676,313.1777553150958,313.1777553150958,8591700.0,1.0,-3.9924850563643304,333.4806137999155,316.16936178602197,43.39308620931523,-112.85580816298585,24.492211382757645,330.05308430989584,333.69901275634766,20.290000915527344,53.728086265867944
30,2026-02-17,VZ,47.39698028564453,47.94912138782943,47.25167843973085,47.75538682500433,24327500.0,1.0,2.3624154697967867,50.685593070016765,34.75683475591097,72.39842305917875,120.52946586743523,49.21337456076148,41.24142328898112,39.96838957468669,20.290000915527344,53.728086265867944
30,2026-02-17,WMT,128.03466796875,133.83770992949184,127.34903173050178,132.2677060470971,37995900.0,1.0,4.121838302374428,135.27316723477503,111.16647891390662,61.89517972324592,112.48466565110752,30.713858678175338,120.7222277323405,115.92329699198405,20.290000915527344,53.728086265867944
31,2026-02-18,AAPL,263.8791198730469,266.3447212846438,261.9825104325609,263.13045584681157,34203300.0,2.0,0.6687944848675329,283.2468405478236,242.64365017483271,49.91075974105339,26.371378056733732,3.112313614901548,261.1564565022787,267.93833923339844,19.6200008392334,24.092878323307016
31,2026-02-18,AMGN,374.6942443847656,375.5329480708165,365.5274347269616,368.5468523127836,2731900.0,2.0,10.910522576258984,380.93991779153305,321.522988092256,64.08031625709356,135.50337733155044,34.32894998230703,341.8921152750651,332.75497080485025,19.6200008392334,24.092878323307016
31,2026-02-18,AMZN,204.7899932861328,206.86000061035156,201.50999450683594,202.07000732421875,51003300.0,2.0,-9.381573762751088,259.1863984400793,189.17560107163942,38.83545620687789,-119.79127902632487,28.8150865472305,229.793332417806,229.2211664835612,19.6200008392334,24.092878323307016
31,2026-02-18,AXP,344.2066345214844,346.0060025485974,342.97392634954616,344.05752149074317,1900600.0,2.0,-5.233898353932091,368.1253769979103,337.4664137735741,45.35711430980485,-117.04753051553688,15.102980355245721,356.8310587565104,362.5062006632487,19.6200008392334,24.092878323307016
31,2026-02-18,BA,238.92999267578125,245.0800018310547,238.60000610351562,244.5500030517578,4923000.0,2.0,2.694065082931786,253.59220902838302,229.0987882860701,56.01356791558232,2.8380118797463583,19.794639934614576,240.6056655883789,222.3545000712077,19.6200008392334,24.092878323307016
31,2026-02-18,CAT,749.1513061523438,769.8036437114121,747.5673001182851,762.2420671138931,2563700.0,2.0,38.529195820013115,798.953857642459,591.809472435666,65.60723406092166,121.87046911119519,41.11133910649921,671.4824015299479,625.7010965983073,19.6200008392334,24.092878323307016
31,2026-02-18,CRM,186.8392791748047,187.1875133215944,180.93930794808088,182.94908565557333,9852900.0,2.0,-14.56431077454053,238.30233143814502,169.38717356673777,33.834366006185775,-99.89041640985533,35.36989968155869,217.8206359863281,233.93986434936522,19.6200008392334,24.092878323307016
31,2026-02-18,CSCO,77.46884155273438,77.88501923852941,75.79421209704266,75.85367145215216,20648800.0,2.0,0.6993336477925141,86.98062712384139,70.73060258196917,51.339935861319354,-1.5840842907317525,0.17362314280966668,77.19337412516276,76.76241785685221,19.6200008392334,24.092878323307016
31,2026-02-18,CVX,180.62484741210938,180.6739679528922,178.76820489060034,179.99614346274876,10313400.0,2.0,5.939904673069151,185.3487960132879,158.34133917958317,67.46847317027535,112.67823243621564,47.62747015989103,167.23489023844402,156.9524408976237,19.6200008392334,24.092878323307016
31,2026-02-18,DIS,106.28559112548828,106.9108053396402,105.00539960529535,105.15426049301625,8791600.0,2.0,-1.4607923391086928,114.07657745825054,101.09567519677876,47.492942157503606,-70.59559109530626,12.218329676106652,109.16420110066731,108.527916208903,19.6200008392334,24.092878323307016
31,2026-02-18,GS,924.76611328125,938.6020318265028,911.1481141555994,912.7327903233859,1864900.0,2.0,1.069540024704338,956.5965928831923,887.0229627808702,54.63199656575903,-10.80705956444956,13.162591069654717,927.238818359375,890.9688262939453,19.6200008392334,24.092878323307016
31,2026-02-18,HD,378.1366882324219,379.7142357565836,374.2125729925531,377.37750721462396,2982600.0,2.0,5.153854543250418,388.35466024627783,367.00770242462056,54.5565280648354,40.38517194580966,9.22696154127578,373.31139221191404,358.8164052327474,19.6200008392334,24.092878323307016
31,2026-02-18,HON,249.52630615234375,251.5958604596043,247.42570792826444,251.38891105097653,2720526.0,2.0,9.022039535951336,258.7826025077461,220.68888491901166,68.22223209459388,100.87683080196776,51.60868822237501,232.20549418131512,216.5832832336426,19.6200008392334,24.092878323307016
31,2026-02-18,IBM,257.0407409667969,257.3561176023129,252.5660022032476,254.92165662261564,3949200.0,2.0,-9.349314063730333,315.18132749176635,251.56493563079226,40.35232290173866,-213.75720975058414,19.392718750448836,287.75137481689455,292.6748415629069,19.6200008392334,24.092878323307016
31,2026-02-18,JNJ,242.30101013183594,242.3801338676713,240.15482973047114,240.5702180251247,8129700.0,2.0,7.935427599870138,248.31259761933063,212.0879989993217,76.96469477056151,112.75773485589234,45.77858820369509,223.38361511230468,213.73572260538737,19.6200008392334,24.092878323307016
31,2026-02-18,JPM,305.8300476074219,309.2966101142475,304.2849535938903,305.51309749540866,7209600.0,2.0,-1.212414550714982,319.88538382470483,290.52083565771704,49.05839626719417,-21.221086534114583,8.138162980672849,308.7304168701172,309.7535339355469,19.6200008392334,24.092878323307016
31,2026-02-18,KO,78.44071960449219,78.78609805345862,77.87824397940815,78.45058971122995,16304900.0,2.0,2.109177622486939,80.57348802455402,69.55725996128581,67.03698241329164,110.95541721308913,34.67735083222055,73.10542602539063,71.35506375630696,19.6200008392334,24.092878323307016
31,2026-02-18,MCD,323.8719482421875,324.77077029226854,319.861673015119,323.25952059474315,3661800.0,2.0,4.968015904458298,331.30071661405617,300.2293523556704,59.98435544589562,99.71671279251363,29.30774203373121,311.4688313802083,308.75477447509763,19.6200008392334,24.092878323307016
31,2026-02-18,MMM,163.3253173828125,166.33972633583525,161.67385470391523,165.98157798595727,4211100.0,2.0,2.028059639158016,176.582176443232,147.27321143518597,50.53763256206557,13.592292012286608,3.0529102372006998,162.81956380208334,163.39037373860677,19.6200008392334,24.092878323307016
31,2026-02-18,MRK,119.90327453613281,120.05110257170365,118.65160869395619,119.49919118762942,7803400.0,2.0,3.7624411075878044,124.21627916340687,102.11863981242321,67.39141883030757,116.25116443049549,38.67999070254298,111.47377370198568,105.79404729207357,19.6200008392334,24.092878323307016
31,2026-02-18,MSFT,397.08087158203125,400.02220283554806,393.82155037537984,395.62013745533494,23223400.0,2.0,-18.439607852424274,481.95413956099753,365.8591752583384,35.304666151052984,-97.58160798475163,34.777956295346144,438.2052764892578,458.7462951660156,19.6200008392334,24.092878323307016
31,2026-02-18,NKE,64.54026794433594,65.13102401577947,63.319363549898824,63.319363549898824,11211500.0,2.0,-0.01035422988071133,65.27679716446991,59.47053369185333,52.35398089208433,83.57867524378378,2.443589759603582,62.910762278238934,62.73479811350504,19.6200008392334,24.092878323307016
31,2026-02-18,NVDA,187.75099182128906,190.13807962880853,186.53247684939709,188.52005804720127,164749100.0,2.0,0.27500713878396255,196.18243346842823,174.8390386995405,51.68416683243983,49.93766706928584,2.8797366968811,185.31497446695963,183.63685251871746,19.6200008392334,24.092878323307016
31,2026-02-18,PG,154.53407287597656,156.62263260223827,153.46023905691038,156.62263260223827,14434300.0,2.0,3.745076382921269,162.1860324798073,142.05015526433334,58.56855555637094,73.12106140619206,19.41389518027697,148.09172668457032,144.78011678059895,19.6200008392334,24.092878323307016
31,2026-02-18,SHW,363.1697998046875,366.28754744726007,362.16694264537733,365.3939270555143,1188700.0,2.0,6.476650427351956,372.56413874532967,340.751312304475,57.85090400428885,94.44428739983026,28.55500482578642,353.4368662516276,340.8256439208984,19.6200008392334,24.092878323307016
31,2026-02-18,TRV,296.1391296386719,298.32203427861504,292.81517359705055,297.3595759074041,1343300.0,2.0,4.360755797924696,305.24821145600055,269.580783294976,58.18303534168498,101.85421870644058,13.833323894208899,283.20250447591144,284.53339131673175,19.6200008392334,24.092878323307016
31,2026-02-18,UNH,284.3526916503906,286.25691992582074,282.46818554567625,286.1286505407075,6632000.0,2.0,-11.493607076503395,350.87750490602724,235.15637876096497,42.73481391215235,-51.122593812294475,26.044743744536902,307.14232177734374,315.7085189819336,19.6200008392334,24.092878323307016
31,2026-02-18,V,319.0446472167969,321.0168980150915,315.4786915611019,318.2477947880967,7091900.0,2.0,-4.060921954703815,333.6122202750878,315.5547017219825,43.817322213114394,-104.63613107923177,23.112356058830315,328.9649678548177,333.6466679890951,19.6200008392334,24.092878323307016
31,2026-02-18,VZ,46.544551849365234,47.4163555611428,46.33144714940371,47.116066794823965,29318100.0,2.0,2.280540684799675,50.94860837910034,35.36271554973266,68.32033886049594,97.06381936267455,39.553894540377385,41.51607577006022,40.090481503804526,19.6200008392334,24.092878323307016
31,2026-02-18,WMT,125.81877899169922,128.05453390142543,124.97415154137549,127.31922616382269,36485000.0,2.0,3.714611160199439,135.4546047201201,111.77103691195998,59.034439912172424,64.25391096870516,22.917249748161755,121.18296076456706,116.357443745931,19.6200008392334,24.092878323307016
32,2026-02-19,AAPL,260.11578369140625,264.00886051677537,259.5867290635135,262.13220471573277,30845300.0,3.0,0.19622140180189263,282.5322088389791,244.672086510142,47.80188296540268,0.4127304720907358,5.68424317128868,261.1053894042969,267.84814809163413,20.229999542236328,17.897212075543905
32,2026-02-19,AMGN,370.5203552246094,374.891600124404,369.168528120811,372.8983989342695,2427000.0,3.0,10.953398247202813,382.9968007955932,322.84711399932866,62.26481477639817,121.00742468236187,34.32894998230704,343.457807413737,333.4803268432617,20.229999542236328,17.897212075543905
32,2026-02-19,AMZN,204.86000061035156,205.63999938964844,202.80999755859375,203.8000030517578,35669600.0,3.0,-9.256385721030739,258.71800201062626,186.99899780626828,38.8786032550289,-107.13252027640608,28.8150865472305,228.59099934895832,229.0164998372396,20.229999542236328,17.897212075543905
32,2026-02-19,AXP,340.6377258300781,342.5961578967821,336.30334520476464,341.7312719680476,2786500.0,3.0,-5.478218999292039,368.02975370170986,335.8759988617667,44.13346995299942,-152.78257827218127,19.895414808709866,355.47540079752605,362.499772644043,20.229999542236328,17.897212075543905
32,2026-02-19,BA,233.7100067138672,240.0,233.4199981689453,238.91000366210938,5827500.0,3.0,1.960424045281485,252.50304652613482,228.55195072728316,52.67798353719525,-64.2318474990013,11.686999608560875,240.7346659342448,223.26000010172527,20.229999542236328,17.897212075543905
32,2026-02-19,CAT,757.6792602539062,759.1437209221699,741.3606541443767,749.1812048995693,2908000.0,3.0,37.847940646763504,805.1714524957813,597.0637098577342,66.41545250960324,107.67747448797729,38.21055693722323,676.0948608398437,629.2822021484375,20.229999542236328,17.897212075543905
32,2026-02-19,CRM,184.35194396972656,186.00354369553665,182.30237535695642,185.65532471483155,9565100.0,3.0,-14.231268832626995,236.6152793424624,167.4635979158384,33.13861974541709,-95.69224820520522,35.36989968155869,215.24673411051432,233.28126907348633,20.229999542236328,17.897212075543905
32,2026-02-19,CSCO,77.84539031982422,78.43993857305722,77.1616719245984,77.28057552724893,18443200.0,3.0,0.5518742806852686,86.76602242822028,71.42777716284417,51.847024018707366,12.023312629760193,1.5525930875358374,77.30336430867513,76.82057609558106,20.229999542236328,17.897212075543905
32,2026-02-19,CVX,181.51876831054688,184.58369781887117,181.4794808763685,182.0197617911052,10773300.0,3.0,5.9465958231446905,186.1729111063583,159.44903866170813,67.99614453769553,124.50987550393877,52.32538195947789,168.20926717122396,157.54064229329427,20.229999542236328,17.897212075543905
32,2026-02-19,DIS,105.19395446777344,106.9504916968191,104.64813375094563,106.29551440800479,7492900.0,3.0,-1.4328936628412094,113.39851191727324,101.06020771773653,46.47724762040162,-75.11264030200394,13.063549359221478,108.88070653279622,108.59391365051269,20.229999542236328,17.897212075543905
32,2026-02-19,GS,907.85009765625,920.7351496508852,897.7876007637025,916.1199126884006,1974200.0,3.0,0.2316647994273353,953.7008916443893,886.3175714903763,52.297900237037396,-89.05138294886895,9.299539892806347,925.9572428385417,893.3914560953776,20.229999542236328,17.897212075543905
32,2026-02-19,HD,373.2660217285156,378.3535966330926,372.09275293003105,378.3535966330926,2930900.0,3.0,4.2949200530123335,388.205512807349,366.5593523049557,52.29056980541542,6.782596243316472,6.98677618967149,374.2740203857422,359.6106959025065,20.229999542236328,17.897212075543905
32,2026-02-19,HON,249.1434326171875,251.2336878573782,247.49813515992406,248.93648321153302,2250355.0,3.0,8.644939531431618,259.31640798931926,222.39020059222375,67.85084461724013,93.2314844648477,51.60868822237502,233.4413640340169,217.4909558614095,20.229999542236328,17.897212075543905
32,2026-02-19,IBM,252.59556579589844,254.56681261187356,249.8653847447354,252.3195924448155,4948700.0,3.0,-10.245847089019662,315.7874653280147,247.05837207432896,39.22613644800369,-196.53544070736442,20.980354469704547,286.29017944335936,292.1413950602213,20.229999542236328,17.897212075543905
32,2026-02-19,JNJ,244.19992065429688,244.24937487280008,241.58889788520008,241.93504723210512,7553900.0,3.0,7.99662252781971,249.4042585496897,213.85461596202907,77.82602964416402,115.95065432196088,47.76467548023667,224.77220458984374,214.47948837280273,20.229999542236328,17.897212075543905
32,2026-02-19,JPM,305.10699462890625,306.2262038721237,302.2049939958365,304.2354272061944,6737700.0,3.0,-1.25063837333812,319.9054515350574,291.0960194122082,48.74242608346527,-32.96218220890243,9.862302558494603,307.8535410563151,309.9352778116862,20.229999542236328,17.897212075543905
32,2026-02-19,KO,77.8683853149414,78.61834783362212,77.55260211294627,78.41112075382725,14924700.0,3.0,2.041615280544363,80.70930957380611,70.10233059343022,65.01471114350328,96.29027189001108,32.05268675803636,73.46955540974935,71.48987197875977,20.229999542236328,17.897212075543905
32,2026-02-19,MCD,323.10150146484375,328.9193384670213,322.9434886694332,324.43496427113445,4032300.0,3.0,4.805853301558898,331.23685388106213,302.4089652107347,59.32394017555887,108.40010456574146,33.89118545616006,312.2702229817708,309.1624547322591,20.229999542236328,17.897212075543905
32,2026-02-19,MMM,164.2008056640625,164.77782333255624,162.6886219528472,163.2457382726946,3373800.0,3.0,1.732766624423391,176.66104716244328,148.17589741763484,51.15959028432938,14.644097762242932,3.0529102372007006,162.80571797688802,163.40986175537108,20.229999542236328,17.897212075543905
32,2026-02-19,MRK,120.10037994384766,120.82969246765546,118.76001732109208,119.6470231036845,8933300.0,3.0,3.7573650688122626,125.01934005182903,102.3750553949483,67.55456911130705,110.01444581478891,39.94663244525836,111.90052108764648,106.2489626566569,20.229999542236328,17.897212075543905
32,2026-02-19,MSFT,396.8517761230469,402.7976819572589,395.0690225854118,399.07278661262325,28234000.0,3.0,-17.987251158008064,480.32704033434106,363.04042792737766,35.26090513353603,-88.14519413366813,32.702594238256424,435.5838887532552,457.43692677815756,20.229999542236328,17.897212075543905
32,2026-02-19,NKE,64.5993423461914,64.82579521318183,63.260291222859024,64.19565439183378,10778300.0,3.0,0.15926626798398758,65.31679201396248,59.45023030964592,52.44266670850066,75.64619636007383,2.195417545309939,62.91929524739583,62.80978647867838,20.229999542236328,17.897212075543905
32,2026-02-19,NVDA,187.6710968017578,188.20044994409497,185.43383529156333,186.8321237354349,126554500.0,3.0,0.42781476018276976,196.3893650002775,175.08954735323812,51.64009408411555,30.830130938442924,4.081509816859592,185.33694712320963,183.75787251790365,20.229999542236328,17.897212075543905
32,2026-02-19,PG,156.2088623046875,157.58811205701292,154.50451903682776,154.50451903682776,10724600.0,3.0,3.5747460135022777,162.00672396503907,143.56237393535153,60.220831319814906,80.32644958439208,21.40763821564051,148.73656667073567,144.96754150390626,20.229999542236328,17.897212075543905
32,2026-02-19,SHW,355.07745361328125,362.99101267109086,354.2831311947677,361.1044742010277,1627800.0,3.0,5.491496182160006,372.59005621196127,340.8544689345231,53.691428996392986,32.684499873514845,17.746438810526477,354.0167287190755,341.3154825846354,20.229999542236328,17.897212075543905
32,2026-02-19,TRV,297.5679016113281,299.23483027231094,294.650761314475,297.74649462209067,1065400.0,3.0,4.4416676735536385,305.2597348511949,272.27306849353164,58.96745723515788,102.82544421942812,14.978658500110686,283.68902384440105,284.75141957600914,20.229999542236328,17.897212075543905
32,2026-02-19,UNH,286.0595703125,287.00677646545466,283.0601744920274,287.00677646545466,4931800.0,3.0,-10.497398777834235,343.0374904684335,237.2915805764884,43.2933940879942,-45.588311349004286,25.39021711863817,305.2005940755208,315.3873748779297,20.229999542236328,17.897212075543905
32,2026-02-19,V,317.67999267578125,318.9450345490796,314.4925528519528,316.2456341157693,5967600.0,3.0,-4.177123625282206,333.8340794473417,314.76700392668175,43.24316877759603,-125.66671922784849,24.070069114102736,327.70677693684894,333.57737833658854,20.229999542236328,17.897212075543905
32,2026-02-19,VZ,47.116065979003906,47.61008930551697,46.9707678263432,47.358233261951234,26530600.0,3.0,2.2359955765845285,51.19950092116713,36.02237179001452,69.51146020281041,97.33432506650416,40.39425507551021,41.80755716959636,40.22892239888509,20.229999542236328,17.897212075543905
32,2026-02-19,WMT,124.07984924316406,129.2767581387821,123.61282210032576,127.68687656798352,42993300.0,3.0,3.2145087621997135,135.4916616926553,112.28149351974704,56.899492314040224,51.96355016937356,18.71824493479971,121.53174006144205,116.65517946879069,20.229999542236328,17.897212075543905
33,2026-02-20,AAPL,264.1086730957031,264.2783836675007,257.7001265171608,258.50868117461044,42070500.0,4.0,0.14225678604708492,281.80651956051844,247.0410588696573,50.11534063022158,7.4625285384965405,7.680607997452739,261.25490214029946,267.73740946451824,19.09000015258789,19.779720464235613
33,2026-02-20,AMGN,369.7802734375,372.0004351859573,366.46484634731513,367.07661943327514,2911700.0,4.0,10.80312738247818,384.74532511354954,324.0655482995364,61.94291132296678,102.06306538338036,31.117335357261084,344.62416381835936,334.1304677327474,19.09000015258789,19.779720464235613
33,2026-02-20,AMZN,210.11000061035156,211.1699981689453,203.75,204.75999450683594,65881600.0,4.0,-8.634014625995974,257.5104496927705,185.78355055137013,42.04995357382202,-81.9060846417532,21.66032112691324,227.54266611735025,228.84016647338868,19.09000015258789,19.779720464235613
33,2026-02-20,AXP,344.14697265625,344.2463914513861,336.51208246816316,339.5441585204952,2738900.0,4.0,-5.327268544431661,365.88800227965925,335.84657718811417,45.62559776951136,-125.8701751998061,18.187988079834522,354.4136728922526,362.40155537923175,19.09000015258789,19.779720464235613
33,2026-02-20,BA,232.02999877929688,236.0800018310547,231.13999938964844,232.6300048828125,5460900.0,4.0,1.2292753167831165,250.94837993948414,228.16861682565258,51.65387298923226,-101.02087993972201,8.348081558531288,240.86499938964843,224.1321667989095,19.09000015258789,19.779720464235613
33,2026-02-20,CAT,756.8922119140625,769.0763500239998,749.290807029629,752.1699888653055,2095100.0,4.0,36.8200936702782,810.1648185357863,603.16160968687,66.2667777248573,105.6336464268954,40.244150372015724,681.5613728841146,632.778960164388,19.09000015258789,19.779720464235613
33,2026-02-20,CRM,184.22259521484375,190.75932542059104,182.79982697292309,184.38178882736634,10816200.0,4.0,-13.818477253652617,233.2599102629249,166.5477008210595,33.10200143653881,-85.70013943675248,29.58846730860163,212.56173044840494,232.59171091715496,19.09000015258789,19.779720464235613
33,2026-02-20,CSCO,78.47956848144531,78.60839079832336,77.41930184557714,77.41930184557714,29461600.0,4.0,0.48064398281677256,86.5778925161092,72.09847696020917,52.7057069665295,16.863440454725396,2.0824668677514926,77.45133946736654,76.87846221923829,19.09000015258789,19.779720464235613
33,2026-02-20,CVX,180.68377685546875,181.62684022618225,179.1022064450623,181.33213198599154,9566200.0,4.0,5.8174616984609315,186.54327439789034,160.93379774566432,66.94685472221282,100.17070661956423,44.189746001269945,169.1992640177409,158.12027740478516,19.09000015258789,19.779720464235613
33,2026-02-20,DIS,104.77715301513672,105.39243358092172,103.85422459507994,104.80692367846447,9043600.0,4.0,-1.4279555718124755,112.61292660620948,101.08859545799949,46.087937507841566,-88.88909989355354,14.946167359771614,108.63823115030924,108.62700691223145,19.09000015258789,19.779720464235613
33,2026-02-20,GS,913.3864135742188,913.5151703999004,891.9244642095072,903.7894359206774,2009100.0,4.0,0.01421323120564466,949.9776710704084,886.8309043690447,52.97807135202467,-94.23111663485875,7.631535333391406,925.3372517903646,895.9009358723958,19.09000015258789,19.779720464235613
33,2026-02-20,HD,376.884521484375,379.4184547233535,370.67296390501485,372.1519090514545,3984100.0,4.0,3.8616759736291897,388.2391978170305,366.6459523294539,53.76636677683217,9.966088394228386,5.487767075889421,375.3648244222005,360.28667602539065,19.09000015258789,19.779720464235613
33,2026-02-20,HON,252.45472717285156,253.00315965573515,248.6570866625315,249.1951761917602,2556524.0,4.0,8.5151218339671,260.414901110685,223.50923829361187,69.34392636199945,98.8326162750496,53.19854646360713,234.97490488688152,218.42139358520507,19.09000015258789,19.779720464235613
33,2026-02-20,IBM,253.4629364013672,255.315913346696,250.15124092430113,251.53110777332003,4708600.0,4.0,-10.76230525610049,316.00160231684265,243.31181473638,39.56659005209725,-164.8701206902003,20.30045567808015,285.04540964762367,291.50741348266604,19.09000015258789,19.779720464235613
33,2026-02-20,JNJ,239.8284454345703,244.170260376332,237.6426956610537,243.76475689710122,13565800.0,4.0,7.604716000533443,249.34930702183752,216.28322471644375,71.46243312759213,93.00598529442766,36.81973166479238,225.92606557210286,215.13680114746094,19.09000015258789,19.779720464235613
33,2026-02-20,JPM,307.82086181640625,308.0288471084009,302.75966472033866,305.4536802835111,7792700.0,4.0,-1.0498426937882641,320.1138804032476,291.59675192097114,49.99298853342689,-13.670913448120332,8.04420610775274,307.318701171875,310.16816965738934,19.09000015258789,19.779720464235613
33,2026-02-20,KO,78.78610229492188,78.78610229492188,77.8486453788755,78.28283975448566,17175100.0,4.0,2.0386237428892713,80.86340328938724,70.7347160648608,66.68190965779782,98.61347406937746,32.75111429592883,73.87414347330729,71.61155776977539,19.09000015258789,19.779720464235613
33,2026-02-20,MCD,325.195556640625,326.23267766059945,321.96560862189864,324.0102496375606,3862700.0,4.0,4.791082406739179,331.1013185448466,304.8360715918721,60.54530807419862,96.28300971351423,31.80731770493932,313.09564921061195,309.5201059977214,19.09000015258789,19.779720464235613
33,2026-02-20,MMM,166.20045471191406,168.49856706814725,163.24573448810543,164.15105607700966,2292400.0,4.0,1.6411812335120715,177.02171698331517,148.52630395174344,52.56880362059003,38.42221176065854,8.684346848096371,162.96747233072918,163.40523376464844,19.09000015258789,19.779720464235613
33,2026-02-20,MRK,120.49461364746094,120.92825509972563,118.85857981444691,120.86912388333248,9442500.0,4.0,3.7420179826659563,125.67098245213336,103.01252661158733,67.88701053045304,103.01615513120751,40.108642707759664,112.3492800394694,106.66500841776529,19.09000015258789,19.779720464235613
33,2026-02-20,MSFT,395.6267395019531,398.5050592846536,393.56508699389525,394.51123443489973,34015200.0,4.0,-17.525581442321823,477.39134685953366,360.7092024568726,35.02078035952495,-88.09537587769016,33.27850514450832,432.7573760986328,456.2116449991862,19.09000015258789,19.779720464235613
33,2026-02-20,NKE,64.39258575439453,67.43498406519049,62.35447214964492,64.29412764782089,33436800.0,4.0,0.2738514169029145,65.30517732042422,59.45593832593808,52.09160892402257,96.18948698212273,11.942596398226017,62.99084281921387,62.85898996988932,19.09000015258789,19.779720464235613
33,2026-02-20,NVDA,189.58877563476562,190.09814888521723,185.71349722992974,186.342734664171,178422300.0,4.0,0.6956376780408107,196.75910012842118,175.2172075498015,52.64281012331287,58.328143760447574,1.829953929768597,185.36058553059897,183.94014994303384,19.09000015258789,19.779720464235613
33,2026-02-20,PG,158.39593505859375,158.6717819848204,155.8147895206744,156.77040745529172,11508100.0,4.0,3.5750257897562676,162.4455578185631,144.29658543094865,62.25433878719424,90.1579696219468,23.602294811100727,149.5152852376302,145.14690806070965,19.09000015258789,19.779720464235613
33,2026-02-20,SHW,358.07611083984375,361.85912692175265,354.600896989164,355.7228994520457,1652900.0,4.0,4.8962796584771695,372.569734620717,341.86771044764237,54.933531743327,34.154096467602734,17.74643881052648,354.98383076985675,341.7055338541667,19.09000015258789,19.779720464235613
33,2026-02-20,TRV,302.55877685546875,302.56870878252363,296.50620600372923,300.2072114436265,1352900.0,4.0,4.852575371387445,306.57668315502707,273.5805464592308,61.57228386494141,116.65796065097005,19.044395338765177,284.4080546061198,285.0160614013672,19.09000015258789,19.779720464235613
33,2026-02-20,UNH,286.1286315917969,286.9179399107358,281.73802502847053,285.04331007061916,6974100.0,4.0,-9.591756062547347,331.80850070685256,242.15963283806934,43.31653638422194,-43.70172332042211,26.090268360693713,303.50026550292966,314.9296834309896,19.09000015258789,19.779720464235613
33,2026-02-20,V,319.6921081542969,321.08661503433257,316.57437074516383,316.86321225740573,6831100.0,4.0,-4.060051635280672,333.8176182558498,314.31148330665013,44.355308386795876,-107.58066699613138,20.69269257846806,326.5713226318359,333.4718755086263,19.09000015258789,19.779720464235613
33,2026-02-20,VZ,47.70695114135742,47.79413150444829,47.00950823663048,47.49384276598436,25456700.0,4.0,2.2227502702608604,51.44004423830385,36.72821786191587,70.69012109089206,94.76311951515211,41.19764693681305,42.12413012186686,40.36975282033284,19.09000015258789,19.779720464235613
33,2026-02-20,WMT,122.21173858642578,122.69864341020512,120.28401972356986,122.2216774308809,35151000.0,4.0,2.6370349932897454,135.33449532027035,112.95139411454412,54.701019932152306,-0.5015462222502758,9.27537763181453,121.87190704345703,116.95136413574218,19.09000015258789,19.779720464235613
34,2026-02-23,AAPL,265.705810546875,268.95002088588865,262.91081074777924,263.0206001676805,37308200.0,0.0,0.22576263264556928,280.7587040875676,249.92278852717845,51.01371934821528,40.679499850290526,2.14234675953605,261.5005350748698,267.5796564737956,21.010000228881836,138.4722010033435
34,2026-02-23,AMGN,374.38836669921875,376.71705530270975,369.7704072414476,370.28353057723984,2951400.0,0.0,10.92987841951225,386.7734886728763,325.69250253806126,63.169380831312736,108.74455141430376,33.96649471810837,346.3207509358724,334.9103281656901,21.010000228881836,138.4722010033435
34,2026-02-23,AMZN,205.27000427246094,208.42999267578125,203.11000061035156,208.10000610351562,53581500.0,0.0,-8.434105189592515,255.53328272114345,184.37171758403235,40.067286187516885,-85.81468981963974,22.17782051471057,226.17533315022786,228.48999989827473,21.010000228881836,138.4722010033435
34,2026-02-23,AXP,319.35345458984375,343.7990420558611,315.2874774404477,341.3336256877657,7092600.0,0.0,-7.126123406525721,368.9003406547386,328.8129924751442,38.17371158308018,-248.5197186651631,31.220193359548848,352.3677591959635,361.83985595703126,21.010000228881836,138.4722010033435
34,2026-02-23,BA,230.44000244140625,233.5,227.4600067138672,231.5,5380000.0,0.0,0.5155918436631168,248.9082596966321,228.0377379229968,50.68906688718929,-137.32799570475126,3.1969166449841038,240.96699930826824,224.98750025431315,21.010000228881836,138.4722010033435
34,2026-02-23,CAT,753.6344604492188,765.1013267300037,749.9583502155189,756.1052059025391,2289600.0,0.0,35.33532063828329,810.9667723849725,615.295977859168,65.63761817361893,94.57888911088979,40.24415037201573,686.5346435546875,636.0695159912109,21.010000228881836,138.4722010033435
34,2026-02-23,CRM,177.25804138183594,181.54621891828097,173.6862199497409,180.3522971382107,15498600.0,0.0,-13.89316646758894,229.69080044883628,165.1530685697184,31.182747042418583,-105.85338158922836,35.084547639532566,209.82996419270833,231.79087804158527,21.010000228881836,138.4722010033435
34,2026-02-23,CSCO,77.03284454345703,78.75702226847515,76.24012619125975,78.13274815562582,24485900.0,0.0,0.30395116769204833,86.36665352573185,72.62185050258846,50.577260885512274,-3.566634705728048,1.7470056030388832,77.5761932373047,76.90993639628093,21.010000228881836,138.4722010033435
34,2026-02-23,CVX,181.646484375,183.3361288975989,180.80166211370053,181.41071479411997,7047200.0,0.0,5.726789560184642,186.7557802224137,162.66684856176596,67.54421842568405,106.3255705821931,46.322169868528434,170.09001922607422,158.71968688964844,21.010000228881836,138.4722010033435
34,2026-02-23,DIS,103.61605072021484,104.39011824480646,102.17707224505678,104.18171603213789,10626500.0,0.0,-1.5004372439995421,112.24188956021264,100.80762826205297,45.00164156809085,-108.66056873665798,18.789411051505684,108.31537195841472,108.67919171651205,21.010000228881836,138.4722010033435
34,2026-02-23,GS,883.7437744140625,923.0527507339972,875.2659532845172,909.6823514476142,2535900.0,0.0,-2.52097175645838,952.1291241948328,882.0479571039954,49.10028430919582,-140.37691433105022,3.0110037382751047,923.9335266113281,897.6423990885417,21.010000228881836,138.4722010033435
34,2026-02-23,HD,371.6983642578125,378.7480272407957,364.39237122962066,375.642218194377,5495700.0,0.0,3.06452147770716,388.19241903530616,366.02424966586574,51.40861190596189,-59.85301679177028,0.8682769596701649,375.9376698811849,360.98626607259115,21.010000228881836,138.4722010033435
34,2026-02-23,HON,251.51307678222656,254.55532028929608,250.80942473229678,252.20637082346212,2380031.0,0.0,8.24125697620039,260.9670316509587,225.19222890812333,68.40928668729825,97.79328138899366,54.55344947658299,236.27941487630207,219.35959192911784,21.010000228881836,138.4722010033435
34,2026-02-23,IBM,220.1389923095703,251.52123774239604,217.5467979560888,250.71301933582782,19522900.0,0.0,-13.702610696251895,321.16725803587013,231.4998928430361,32.36142843803895,-232.5415604200323,36.39505344384956,282.49416198730466,290.20892232259115,21.010000228881836,138.4722010033435
34,2026-02-23,JNJ,243.14166259765625,244.10101710886994,239.93723441623308,240.95592795431625,9622700.0,0.0,7.475305520648959,249.61234157890328,218.56198093086232,73.18174035868482,97.96045331538872,36.81973166479237,227.24773101806642,215.81411743164062,21.010000228881836,138.4722010033435
34,2026-02-23,JPM,294.8262023925781,308.02884001734253,292.2807478108573,305.84984577889935,12955400.0,0.0,-1.9171711303006305,320.1194482740608,291.58623104722824,44.60274382589676,-87.33084443646865,16.367115523550567,306.2582631429037,310.18481190999347,21.010000228881836,138.4722010033435
34,2026-02-23,KO,79.49659729003906,79.78277016360019,78.45059180843931,78.47032449375682,17157700.0,0.0,2.069725429603153,81.15294248966354,71.20303895564895,67.906781459321,107.17415577973553,36.7471451526288,74.24221979777018,71.75096473693847,21.010000228881836,138.4722010033435
34,2026-02-23,MCD,330.460205078125,331.4676948590167,326.2030234440605,326.3808104388754,3806200.0,0.0,5.144882493769444,332.09495893471995,306.3424159432097,63.403257659938596,125.80991882386581,37.218654568974976,313.9411590576172,310.03832244873047,21.010000228881836,138.4722010033435
34,2026-02-23,MMM,165.48416137695312,166.5785078453758,163.46460713273038,165.84230975022953,2922000.0,0.0,1.4935831685161816,177.26691616488117,148.71751834439615,52.01268541949072,27.179987058591262,8.684346848096371,163.02842864990234,163.3644022623698,21.010000228881836,138.4722010033435
34,2026-02-23,MRK,122.0320816040039,122.39674163853701,119.745581904619,120.54388337782994,9661100.0,0.0,3.8099968492252287,126.32592130965114,103.89900392228245,69.16176537099503,109.75914101920657,42.499521462114174,112.77077153523763,107.06368141174316,21.010000228881836,138.4722010033435
34,2026-02-23,MSFT,382.918212890625,393.7642431363039,381.55374731391754,393.4057107487328,43238300.0,0.0,-17.9779382729036,471.65050381959543,358.4406094616546,32.6356855837549,-105.2836302751489,37.68444833003798,429.6847869873047,454.74341837565106,21.010000228881836,138.4722010033435
34,2026-02-23,NKE,62.1181640625,63.96920566187249,61.09418328361855,63.604902424272716,17748800.0,0.0,0.1790699437178631,65.10425217066589,59.464867473499154,48.40427522226792,-29.09942976223436,6.632561030468202,62.919623692830406,62.88447252909342,21.010000228881836,138.4722010033435
34,2026-02-23,NVDA,191.316650390625,193.71372053376285,189.34904909171755,191.1668239815537,171584800.0,0.0,1.0353791163964843,197.19954204411798,175.164293099925,53.540703536047076,109.02687428703554,2.334179753057927,185.57732137044272,184.09013646443685,21.010000228881836,138.4722010033435
34,2026-02-23,PG,162.72084045410156,162.90802551977148,157.92305812522147,157.94276577227362,14772400.0,0.0,3.879510651252076,163.7129057441791,144.5089662040631,65.82787877049869,120.30262176366189,31.354182470350363,150.3243667602539,145.46259333292645,21.010000228881836,138.4722010033435
34,2026-02-23,SHW,361.6903076171875,363.2392576099596,355.1966443018963,356.39806685879256,1664400.0,0.0,4.662455861095225,372.5277338669319,343.4735570266228,56.39191407309044,48.22364763846911,19.021928688703962,355.7530110677083,342.14026641845703,21.010000228881836,138.4722010033435
34,2026-02-23,TRV,303.0152587890625,306.9642903679176,301.3681635497374,302.6282769495814,1771100.0,0.0,5.155626110872902,307.42353306430533,275.47918300014777,61.801721322683456,126.29488828637021,24.001265087309157,285.10955810546875,285.27562815348307,21.010000228881836,138.4722010033435
34,2026-02-23,UNH,278.5708923339844,287.8749991147026,277.90985337545374,284.6979833712643,7247500.0,0.0,-9.375795744213121,316.37908047212045,250.29573031889512,41.403638255429094,-49.17928379711732,28.11064685443037,301.3786376953125,314.361057027181,21.010000228881836,138.4722010033435
34,2026-02-23,V,305.31866455078125,319.2637952336624,303.51576080147515,317.7896151590316,13048000.0,0.0,-5.0686596612262065,335.97695289744695,310.2607149492327,38.74498551869618,-247.28810612468482,32.31496204071676,325.07769368489585,333.1049468994141,21.010000228881836,138.4722010033435
34,2026-02-23,VZ,48.12348175048828,48.898416300580806,47.706953736967414,47.8038191700367,30113000.0,0.0,2.220269919080266,51.607369376587165,37.54506020410131,71.49375698168134,99.85559729456338,45.73734803464068,42.440622584025064,40.533712005615236,21.010000228881836,138.4722010033435
34,2026-02-23,WMT,125.01390075683594,125.9976417223621,122.1819364192246,122.73839044173981,25662800.0,0.0,2.378080903113357,135.2189121910775,113.86986496956703,57.26330519573256,29.728912268412927,16.11581463622324,122.29388656616212,117.31507631937663,21.010000228881836,138.4722010033435
35,2026-02-24,AAPL,271.6552429199219,274.4003442568012,267.233111068832,267.38283777638213,47014600.0,1.0,0.7632132415609476,280.997308652371,251.37804077389853,54.192670903714045,82.80490443443041,3.8275010063570196,261.9335123697917,267.5036076863607,19.549999237060547,16.22713027323586
35,2026-02-24,AMGN,377.7926025390625,378.1182431399048,373.7963232587058,374.98039150965076,2454700.0,1.0,11.176190741512016,389.2763799333792,326.701058421113,64.05467030651197,110.88842641462487,34.79534128890475,348.2617980957031,335.63570200602214,19.549999237060547,16.22713027323586
35,2026-02-24,AMZN,208.55999755859375,210.36000061035156,203.25,205.47000122070312,41137200.0,1.0,-7.9189162215553495,253.27517133476266,183.643828909378,41.9906248641102,-72.34257928800088,19.71084777072642,224.88133290608724,228.13816655476887,19.549999237060547,16.22713027323586
35,2026-02-24,AXP,318.5979309082031,321.6896522767627,314.2138258349367,318.60785155120976,7925900.0,1.0,-8.514542940815488,370.05090834722984,323.41054489984043,37.978176389184014,-278.75959583664144,31.78878911845982,350.54088541666664,361.154633585612,19.549999237060547,16.22713027323586
35,2026-02-24,BA,233.38999938964844,236.1300048828125,228.38999938964844,229.27000427246094,4408900.0,1.0,0.185889826763173,247.26463596517272,228.17736232584292,52.39566914413327,-109.02032021699809,6.483943629220132,240.9289993286133,225.8366668701172,19.549999237060547,16.22713027323586
35,2026-02-24,CAT,765.3504028320312,771.0390217717472,748.8724220607829,752.1700126641815,2615300.0,1.0,34.70396029744859,812.6154502651319,626.8287025668993,66.80996258662178,94.47637655215566,41.476351014383525,691.5840352376302,639.4392150878906,19.549999237060547,16.22713027323586
35,2026-02-24,CRM,184.48129272460938,187.71483930683232,175.3875654052501,176.74068088999576,15564700.0,1.0,-13.217143192274051,224.4992289767647,165.968907619915,35.21296976617254,-84.21615305032589,28.084104783879717,207.3585408528646,230.9895772298177,19.549999237060547,16.22713027323586
35,2026-02-24,CSCO,77.42920684814453,77.99402159883124,76.76530324926611,77.03284389538318,19485100.0,1.0,0.1936714403449855,86.33103216355569,72.7694431477236,51.136527979062365,-5.717969904496187,1.7470056030388919,77.71690139770507,76.94670257568359,19.549999237060547,16.22713027323586
35,2026-02-24,CVX,182.0688934326172,182.67796112065682,180.60520033583146,182.01977289478572,7451800.0,1.0,5.624184025559401,186.78009419987896,164.55445169855855,67.80829635998458,98.50776943182274,45.66043040202602,170.90211029052733,159.34591751098634,19.549999237060547,16.22713027323586
35,2026-02-24,DIS,105.24357604980469,106.41460337920466,103.18931707728036,103.65573673636953,13594800.0,1.0,-1.4102947985492023,111.69313775026238,100.83437994993294,46.81923195798651,-69.39306315998266,12.444748258537771,107.9901969909668,108.73599472045899,19.549999237060547,16.22713027323586
35,2026-02-24,GS,893.608154296875,903.0169535277645,873.1861128021866,876.939706733635,1971500.0,1.0,-3.6915966791451638,952.061229694086,879.1852607844296,50.35132560882016,-143.47570905554235,2.4429992079492218,922.7216084798177,899.3575724283854,19.549999237060547,16.22713027323586
35,2026-02-24,HD,379.083251953125,388.8147067462792,376.8450955826656,383.64823761864784,5675800.0,1.0,2.9941547631185585,387.9741851961268,366.04036253336534,54.356993409149055,86.72013194389676,8.29376990971358,376.2610666910807,361.57235666910805,19.549999237060547,16.22713027323586
35,2026-02-24,HON,252.08218383789062,253.94478857927544,251.5130654845885,251.5130654845885,2455739.0,1.0,7.978171887220213,261.23297395443717,227.24936094546518,68.67327115094018,92.95990056200226,54.55344947658297,237.52908121744792,220.26657460530598,19.549999237060547,16.22713027323586
35,2026-02-24,IBM,226.02317810058594,233.18864979579342,220.41497823083603,224.5250262367481,13379800.0,1.0,-15.380719958668408,322.6876891563102,223.5403793861703,34.538895861007454,-206.53259147160378,36.39505344384956,280.09005279541014,289.00262018839516,19.549999237060547,16.22713027323586
35,2026-02-24,JNJ,244.87173461914062,245.83618923451164,243.14167872556501,243.94705977412517,7246300.0,1.0,7.426738319938806,249.90213994701838,220.85346155444648,74.02701143625457,105.50078856007994,38.9476503778735,228.6719009399414,216.48861974080404,19.549999237060547,16.22713027323586
35,2026-02-24,JPM,294.459716796875,296.886322684036,288.5962907533433,293.98432184665864,13554100.0,1.0,-2.604089170754662,320.4416834143071,290.89356438842725,44.46287780612629,-137.7453964207824,19.032662182637004,305.2054178873698,310.11317952473956,19.549999237060547,16.22713027323586
35,2026-02-24,KO,79.65448760986328,80.0195987475247,78.7959690029484,79.47686333011143,16448500.0,1.0,2.0831014725746115,81.29272518355647,71.86848544876774,68.17574076619675,104.74621073167155,37.657756556647314,74.57806065877278,71.89267654418946,19.549999237060547,16.22713027323586
35,2026-02-24,MCD,328.96868896484375,331.88255079864336,328.257510864531,331.20100386319336,2756900.0,1.0,5.244463812249194,332.86723937320374,307.55550232601496,62.08522551841246,118.86367045851394,37.62442817399506,314.78831481933594,310.4408584594727,19.549999237060547,16.22713027323586
35,2026-02-24,MMM,165.60354614257812,167.42411717187898,164.64847880072486,164.65842188439194,2468500.0,1.0,1.3704463391416937,177.49114156441246,149.25461496634924,52.100054003597805,34.50391838168618,9.956453530255171,163.093364461263,163.29287719726562,19.549999237060547,16.22713027323586
35,2026-02-24,MRK,122.14049530029297,123.03735131484468,120.85926382895761,121.62800722329611,8460300.0,1.0,3.8284862634787657,126.66395324051138,105.19010330856088,69.25080452512643,108.14188993683736,43.51707520469838,113.21098861694335,107.37849273681641,19.549999237060547,16.22713027323586
35,2026-02-24,MSFT,387.4299621582031,387.7884945775691,380.16937672197673,382.58959213032324,33884700.0,1.0,-17.767560483234604,463.22707559545313,358.8755061916562,34.27950334798659,-101.32693880628398,38.171245223009954,426.7238352457682,453.300868733724,19.549999237060547,16.22713027323586
35,2026-02-24,NKE,63.10275650024414,63.703360684664375,61.63571050623859,62.3052361128773,14296100.0,1.0,0.18131325812262844,64.97371417306603,59.50679196096718,49.98958413492623,-3.297113050140577,6.632561030468204,62.85956344604492,62.8978297551473,19.549999237060547,16.22713027323586
35,2026-02-24,NVDA,192.61508178710938,193.53395924081437,187.171708627792,191.2567378902843,175123600.0,1.0,1.3933376867206562,197.88791725551894,175.11314170444197,54.21552227114428,95.45202049830081,0.20806402096892498,185.84333089192708,184.3404963175456,19.549999237060547,16.22713027323586
35,2026-02-24,PG,162.8292236328125,164.39564347302232,161.50909678757395,162.4548534700461,9709500.0,1.0,4.0825021706545215,164.67697519607614,145.10048452072076,65.91154447295075,129.86882995379932,33.79454679943447,151.1259745279948,145.75546620686848,19.549999237060547,16.22713027323586
35,2026-02-24,SHW,362.1470947265625,366.2081268505818,360.64777842914293,364.6095126649923,1759700.0,1.0,4.462566035847544,372.2629080007086,345.366770344018,56.57564259082758,75.84308636959891,21.723087436022766,356.13197530110676,342.50566050211586,19.549999237060547,16.22713027323586
35,2026-02-24,TRV,303.0549011230469,305.6644545029598,299.75080926697865,302.07260927291486,1146700.0,1.0,5.337467803940001,308.3651058572651,276.8911624532817,61.82219941667878,109.39904164801494,21.17708007464106,285.88580729166665,285.4887456258138,19.549999237060547,16.22713027323586
35,2026-02-24,UNH,270.29290771484375,278.63008610216724,268.1715851207944,278.4327740747045,9684500.0,1.0,-9.760101438848892,294.13116347358687,264.878361062546,39.43063475777338,-69.05953209720444,32.93501592765962,299.0754669189453,313.53636678059894,19.549999237060547,16.22713027323586
35,2026-02-24,V,306.0158996582031,308.05785283918436,301.89211116069055,304.30263971784996,9120200.0,1.0,-5.745497226702923,336.9267241553513,307.2596131249221,39.13133267468916,-281.1006861954852,33.56717751756596,323.6888173421224,332.6629923502604,19.549999237060547,16.22713027323586
35,2026-02-24,VZ,48.29784393310547,48.51095232645768,47.84256825464557,48.22034862818484,23816700.0,1.0,2.20693363663667,51.64721159639877,38.4971354037233,71.82825053326414,92.85072751631603,45.73734803464068,42.76641845703125,40.694546953837076,19.549999237060547,16.22713027323586
35,2026-02-24,WMT,125.94794464111328,127.22977503945066,124.1195915294407,125.1033248323272,20161200.0,1.0,2.222606630602826,135.05588151020766,114.93813017802478,58.08091875080326,43.983403792422095,18.49028587295487,122.69864222208659,117.6457649230957,19.549999237060547,16.22713027323586
36,2026-02-25,AAPL,273.74151611328125,274.45024283739696,270.567157599074,271.29586819299504,33714300.0,2.0,1.342021543269027,281.5889805322032,252.40363268801164,55.24622779634561,91.13348814733871,3.8807065852977094,262.4067779541016,267.4526901245117,17.93000030517578,22.413031883669888
36,2026-02-25,AMGN,379.23321533203125,382.35131277722604,375.4934978924266,376.44075847296966,2459500.0,2.0,11.356727162557661,391.6972156096532,327.77599606026865,64.42897352652753,112.01415269693928,37.25661574397493,350.2691579182943,336.32857513427734,17.93000030517578,22.413031883669888
36,2026-02-25,AMZN,210.63999938964844,211.58999633789062,208.92999267578125,210.4600067138672,41346400.0,2.0,-7.259108009686486,249.4387887601838,184.07621215534357,43.183132234580185,-55.43392192374649,18.138204900395394,223.68699951171874,227.82949981689453,17.93000030517578,22.413031883669888
36,2026-02-25,AXP,325.1690979003906,327.19712610574146,320.42712155768345,321.56041091413744,3843800.0,2.0,-8.981108537354487,369.76202380254375,320.48243115351096,40.710643626251375,-195.10685155193732,26.250347664125233,349.4639139811198,360.5569432576497,17.93000030517578,22.413031883669888
36,2026-02-25,BA,230.36000061035156,234.16000366210938,229.19000244140625,234.10000610351562,4442600.0,2.0,-0.3162514261566116,246.52514579869677,227.49685279749463,50.537245155008115,-118.70759066509703,6.483943629220142,240.61399943033854,226.5606669108073,17.93000030517578,22.413031883669888
36,2026-02-25,CAT,763.7364501953125,774.6852459189079,753.903451436773,769.6043869103986,2606500.0,2.0,33.68506967423639,812.1592491168037,640.0070350628837,66.48670880863659,90.88769312432085,42.23306035788509,696.1770874023438,642.6640686035156,17.93000030517578,22.413031883669888
36,2026-02-25,CRM,190.77923583984375,191.6249386554261,181.33727497360252,182.07353407400996,21875100.0,2.0,-12.034472591968552,218.48577448723367,168.3229825318093,38.46349687096186,-62.11850914109428,23.874655271892344,205.11495666503907,230.3920789082845,17.93000030517578,22.413031883669888
36,2026-02-25,CSCO,78.40029907226562,78.69756562961048,77.54812133321965,77.73638788487294,22721800.0,2.0,0.18252890898763496,86.3341415012972,72.8099342738493,52.4988749786576,9.375549202111934,0.6330604050995144,77.88568547566732,77.00376040140787,17.93000030517578,22.413031883669888
36,2026-02-25,CVX,180.96865844726562,182.6975903909533,179.2888320500569,182.56006188394954,9440700.0,2.0,5.391933775661926,186.4972213671487,166.48842926761694,66.35357487365458,86.07339620057388,41.23315871445945,171.6700693766276,159.93792114257812,17.93000030517578,22.413031883669888
36,2026-02-25,DIS,104.25118255615234,105.90848173674713,103.71528791179529,105.19395554427105,8556500.0,2.0,-1.402763932820477,111.22465321188523,100.75109217996047,45.86316195424738,-72.10658737113829,12.44474825853777,107.73316650390625,108.77428614298502,17.93000030517578,22.413031883669888
36,2026-02-25,GS,912.53466796875,913.6538246956984,898.8077398133594,905.9385707595484,1763600.0,2.0,-3.0568761213382913,951.5886299518723,878.8318656535963,52.66073988969544,-57.741975958121294,5.20832006696116,921.7916219075521,901.1633249918619,17.93000030517578,22.413031883669888
36,2026-02-25,HD,370.2983093261719,376.0859101070057,366.1572506977326,375.72110843572847,5036900.0,2.0,2.2041095804432302,388.1150188811505,365.4272571198261,50.58020019230285,-87.15866614624014,1.529811180289375,376.2817728678385,361.9401926676432,17.93000030517578,22.413031883669888
36,2026-02-25,HON,250.6231689453125,253.52055097220793,249.02961635814285,253.26184163081965,3211960.0,2.0,7.564743100865144,260.8551044231202,229.83027460520012,67.18433535000821,79.03183804225304,47.25414447492116,238.688032023112,221.16700388590496,17.93000030517578,22.413031883669888
36,2026-02-25,IBM,234.12498474121094,236.10609747594012,227.8958524363155,229.86709931144014,8569700.0,2.0,-15.873901102236374,322.3862224634297,218.4550159398906,37.40893825275324,-159.0599541747362,33.8075688408678,277.6959676106771,287.9520929972331,17.93000030517578,22.413031883669888
36,2026-02-25,JNJ,243.76808166503906,245.83618975331572,242.32637600311875,243.4598567160501,7698200.0,2.0,7.216011208286687,249.99398323844645,222.9407701795223,72.51864553485304,96.07237961107933,36.70958829218286,229.8835662841797,217.13005727132162,17.93000030517578,22.413031883669888
36,2026-02-25,JPM,300.40240478515625,300.75898123488724,294.1725181992404,295.7869507950724,8095500.0,2.0,-2.6385360105551854,320.29909627236793,291.3322941084914,47.23823709831504,-76.5557139048092,15.04573147302978,304.5058319091797,310.06434122721356,17.93000030517578,22.413031883669888
36,2026-02-25,KO,79.40779113769531,79.62488832569855,78.50979959253391,79.33871544412028,18086900.0,2.0,2.0501627395437083,81.39697578102859,72.44709999411789,67.2645894836694,92.38978051952496,35.22431956664632,74.90600713094075,72.0258669535319,17.93000030517578,22.413031883669888
36,2026-02-25,MCD,328.92919921875,330.055213621589,325.9560750698859,327.9315664339458,2812500.0,2.0,5.259567215218681,333.4624111052035,308.8251926545621,62.049896209948265,101.25895556812551,32.702261596434354,315.6529215494792,310.81082611083986,17.93000030517578,22.413031883669888
36,2026-02-25,MMM,164.68826293945312,166.76752108455614,164.1510480071167,166.39941447249518,2987900.0,2.0,1.1853399484806175,177.53355631887416,150.02758412302035,51.35845247242561,26.04723887997238,9.032140655707474,163.0386535644531,163.21831207275392,17.93000030517578,22.413031883669888
36,2026-02-25,MRK,120.69171905517578,123.33302108292563,120.49460999368961,122.21934059899417,11082500.0,2.0,3.6837709045116185,126.57515068477097,106.71191062504347,66.59277940874021,95.10550788513372,42.03695226367724,113.6469347635905,107.68593343098958,17.93000030517578,22.413031883669888
36,2026-02-25,MSFT,398.9831237792969,399.84960746436826,388.5852587696308,388.95376053046306,43625500.0,2.0,-16.478635527443828,449.03981207829014,365.2060527898739,38.26976051429406,-71.49910727239441,29.083026569012294,424.21754760742186,451.9099319458008,17.93000030517578,22.413031883669888
36,2026-02-25,NKE,62.42338943481445,63.23075787415979,62.28554283644448,62.905839383334204,9500800.0,2.0,0.12681006893969027,64.98951355654026,59.5215151147244,48.916758591495395,-9.960657872506046,6.632561030468205,62.78604698181152,62.889265314737955,17.93000030517578,22.413031883669888
36,2026-02-25,NVDA,195.32176208496094,197.38924768090467,193.5539140704845,194.2131137016724,250637100.0,2.0,1.873828582538664,198.88786739897478,174.81633334565413,55.6060495268608,160.44188123676716,4.153348958716363,186.1968994140625,184.59535293579103,17.93000030517578,22.413031883669888
36,2026-02-25,PG,160.9672393798828,162.5533667721119,159.69637421761428,162.10018107467624,7878500.0,2.0,4.046482512737185,164.85839761485602,146.40174642811274,63.1631644707356,103.55969060962013,28.055977503839642,151.81366984049478,146.0212188720703,17.93000030517578,22.413031883669888
36,2026-02-25,SHW,354.72003173828125,365.9201479734106,351.92993398273507,365.91020909480966,1532300.0,2.0,3.6626294838293916,370.9683965042994,347.7703730269506,52.831688119759015,12.84780789727156,10.524048216827278,356.11939697265626,342.73502451578776,17.93000030517578,22.413031883669888
36,2026-02-25,TRV,302.3901672363281,304.9897890248101,300.25686161453564,303.66021262460447,2026700.0,2.0,5.366083318326218,308.7390672903098,278.84794137668246,61.25258363834638,99.44204785238703,21.177080074641054,286.6885182698568,285.6772776285807,17.93000030517578,22.413031883669888
36,2026-02-25,UNH,280.40606689453125,280.93883645242494,273.17390231272435,273.5883087457124,11380600.0,2.0,-9.143221675994766,294.2078104404288,264.949712142579,42.8712010347353,-51.55767694803874,30.782511177944077,297.22352294921876,312.82420247395834,17.93000030517578,22.413031883669888
36,2026-02-25,V,311.7633056640625,312.7095945401492,307.0418926144709,307.3407046816708,7624200.0,2.0,-5.751824786347413,337.0324055728621,305.99841107752854,42.237996149727664,-177.36734007529134,26.624141293996328,322.70921325683594,332.32908782958987,17.93000030517578,22.413031883669888
36,2026-02-25,VZ,47.68758010864258,48.28815392555195,47.62945863145286,48.094423058611746,21693000.0,2.0,2.122652726940096,51.334207783539156,39.77009023587003,68.9009871700452,81.89864690094956,43.45015895109759,43.06961186726888,40.84060872395833,17.93000030517578,22.413031883669888
36,2026-02-25,WMT,124.95427703857422,126.59383765709305,124.62636339864703,125.80883572262361,17345700.0,2.0,1.9962005213894258,134.60438004292743,116.26505660258039,56.88327176629853,35.553968640534066,18.490285872954868,122.95633443196614,117.92518463134766,17.93000030517578,22.413031883669888
37,2026-02-26,AAPL,272.4637756347656,275.61811956353745,270.31758130113775,274.4602128097023,32345100.0,3.0,1.6782821227511135,281.60330667612703,254.06129445912683,54.452744968186074,83.22052130697185,5.151193542533089,262.81085815429685,267.3588689168294,18.6299991607666,30.157476761437543
37,2026-02-26,AMGN,374.2995300292969,380.0325088481329,369.2869113229929,380.0325088481329,2589400.0,3.0,10.97518134677631,392.0982587435361,331.26911186193263,62.13664771151218,89.5793720584396,29.82375096208689,352.15256754557294,336.92468414306643,18.6299991607666,30.157476761437543
37,2026-02-26,AMZN,207.9199981689453,211.0500030517578,205.35000610351562,210.72999572753906,47756800.0,3.0,-6.876419530703629,245.4407161129664,184.56528516877188,42.0147281123887,-60.437119489347744,21.253015112252776,222.53099924723307,227.40783309936523,18.6299991607666,30.157476761437543
37,2026-02-26,AXP,333.35076904296875,334.64312238027975,327.81347277508456,327.9029405902808,3215500.0,3.0,-8.591633645350555,368.7696925298487,319.3204899652685,43.894397139564425,-122.14768819418612,19.24175087734771,348.712353515625,360.0741226196289,18.6299991607666,30.157476761437543
37,2026-02-26,BA,229.41000366210938,230.66000366210938,225.6699981689453,230.3800048828125,4613300.0,3.0,-0.7818461651853852,246.23594176570109,226.56805756291217,49.96247217398644,-136.74598667241443,1.5453068703903938,240.1093327840169,227.23416697184246,18.6299991607666,30.157476761437543
37,2026-02-26,CAT,750.1077880859375,767.7215109133087,725.6697654097186,767.7215109133087,3350900.0,3.0,31.415731386080324,808.201872616838,654.888312930037,63.79055623302964,64.78740379618189,28.884181487765453,700.0918863932292,645.6281494140625,18.6299991607666,30.157476761437543
37,2026-02-26,CRM,198.46014404296875,200.02218770640036,190.36135504465778,195.76385728556096,26680500.0,3.0,-10.358011808095597,211.7639309354968,172.21024814165165,42.12685915292483,-28.60951309190005,15.445581008861197,203.7356414794922,229.88302790323894,18.6299991607666,30.157476761437543
37,2026-02-26,CSCO,77.38957214355469,78.61829053037826,77.01303148501054,78.22193512559274,19608000.0,3.0,0.09109111479068588,86.33741036174571,72.72144812824452,50.96882828899824,-6.418792228971982,1.1855781123094027,77.97255452473958,77.02968101501465,18.6299991607666,30.157476761437543
37,2026-02-26,CVX,180.90972900390625,182.97265671391656,178.55207806312956,179.67195738841625,7133800.0,3.0,5.143823866150456,185.95160577101393,168.5936472197087,66.27479494954625,79.82388302683823,38.7907217708506,172.3864491780599,160.5026761372884,18.6299991607666,30.157476761437543
37,2026-02-26,DIS,104.74738311767578,105.95809967300593,104.51912874486197,104.66798963396843,9578500.0,3.0,-1.341294817352292,110.88808648855743,100.68970892159882,46.428999504515026,-57.69275036955106,12.287446839162547,107.48738327026368,108.80376167297364,18.6299991607666,30.157476761437543
37,2026-02-26,GS,920.0814819335938,929.3813512480314,912.6930771199676,918.8533957630589,2220300.0,3.0,-1.9227266942789356,950.7998128522158,878.8471720110654,53.55194566978801,-1.5873737318563257,9.147395137420796,921.4895467122395,902.9301137288411,18.6299991607666,30.157476761437543
37,2026-02-26,HD,369.82501220703125,376.1253328459018,369.67712371323,373.08854869017824,2889400.0,3.0,1.5222543585246058,388.13091007625366,365.3906597479651,50.385086397228385,-70.73441786116608,1.4946802581277634,376.1289489746094,362.2764653523763,18.6299991607666,30.157476761437543
37,2026-02-26,HON,249.25726318359375,252.33055065705952,248.16039822152558,251.1715978627803,2898640.0,3.0,7.045662616593859,258.55095523861553,234.6427260968337,65.80262900533296,67.5514141072183,44.778413837042805,239.743505859375,222.00672607421876,18.6299991607666,30.157476761437543
37,2026-02-26,IBM,238.5307159423828,243.93194305535664,235.51471071532308,236.26379413184543,7343100.0,3.0,-15.727943086394276,321.04830241033324,214.81727528742067,38.91552861435886,-121.77220686414185,27.11595789553262,275.74340464274087,286.887281036377,18.6299991607666,30.157476761437543
37,2026-02-26,JNJ,242.0778045654297,244.0663682763732,240.6360989093031,243.70842620154187,7172600.0,3.0,6.833840953795118,249.95835870776796,224.66211858715394,70.25078519415939,80.38857909020159,32.14467167155878,230.9093271891276,217.7538729349772,18.6299991607666,30.157476761437543
37,2026-02-26,JPM,303.20538330078125,306.05787397622345,300.73918125790124,301.67017313360896,7007800.0,3.0,-2.4118560631632135,320.1418618900248,292.020412279897,48.494130170930625,-14.936931881889354,9.838277579782403,304.3483510335287,309.97282257080076,18.6299991607666,30.157476761437543
37,2026-02-26,KO,79.43739318847656,79.82224455318176,78.96372591647007,79.68409316732277,12843200.0,3.0,2.0033537790884566,81.27479820698765,73.30345725565884,67.31880712777799,91.94248918720736,36.03107033002257,75.21059926350911,72.15563100179037,18.6299991607666,30.157476761437543
37,2026-02-26,MCD,330.43060302734375,332.81107403524965,329.02799072068854,330.7664329838984,2425900.0,3.0,5.331232382159897,333.785874141445,310.6481041300394,62.88067120561723,112.34196838247286,35.55732620738316,316.4790069580078,311.2153081258138,18.6299991607666,30.157476761437543
37,2026-02-26,MMM,165.31503295898438,167.29479962755295,163.56409384174734,165.0265317242056,3474100.0,3.0,1.076804174466787,177.3643022430943,151.28387585749164,51.84402997679479,29.515909438842854,7.924716546902245,162.9559748331706,163.13355967203776,18.6299991607666,30.157476761437543
37,2026-02-26,MRK,117.57735443115234,120.73114458821415,117.28168331426518,120.63259005566138,10327300.0,3.0,3.2799702868287994,125.64669719802383,108.86245883835313,61.35579542289952,55.772500861667595,29.83243250362514,114.0096211751302,107.938210550944,18.6299991607666,30.157476761437543
37,2026-02-26,MSFT,400.0986022949219,405.8453028142193,397.1306190557743,403.0765245044552,34405900.0,3.0,-15.192019278470184,428.2415555179026,378.1547976315114,38.64185726098049,-55.11342383447833,24.85966096013511,421.9640736897787,450.42977040608724,18.6299991607666,30.157476761437543
37,2026-02-26,NKE,62.96491622924805,64.05781465644573,62.79753295276396,63.220909541832505,10319100.0,3.0,0.12586172974617682,65.0509762556228,59.6284182756272,49.80503565720751,34.03967352954628,9.742974010546643,62.708920288085935,62.88483460744222,18.6299991607666,30.157476761437543
37,2026-02-26,NVDA,184.66476440429688,194.0533071271398,184.09546670933034,194.03334246429932,360807900.0,3.0,1.378796522599032,198.40651048628368,174.6354984858843,49.484622591887195,21.865081015473855,6.207146412484501,186.16626993815103,184.72685674031575,18.6299991607666,30.157476761437543
37,2026-02-26,PG,161.3218994140625,162.06077834267654,160.44509702007508,161.7849314119297,7028600.0,3.0,4.000440190739511,164.5705465649168,148.30626617922383,63.463359439233145,100.50130182522423,28.055977503839642,152.48775329589844,146.29434992472332,18.6299991607666,30.157476761437543
37,2026-02-26,SHW,357.9469909667969,359.21792497925316,352.0788410986837,357.1923634807751,1222800.0,3.0,3.2515804486673687,370.0180919010319,349.8029530208431,54.19414170649166,-0.7961769762351163,10.52404821682728,356.26866455078124,343.0132064819336,18.6299991607666,30.157476761437543
37,2026-02-26,TRV,303.8586120605469,306.22010959009964,302.1321523084699,303.8784759162604,1018300.0,3.0,5.444491831890446,309.05392974536034,280.93425690014743,62.051615184631004,101.99532930669895,22.61191118204866,287.8474355061849,285.9176274617513,18.6299991607666,30.157476761437543
37,2026-02-26,UNH,282.8332214355469,291.31842132234294,281.42231851936197,283.1489568057956,10210000.0,3.0,-8.362095896401343,293.08656212796643,265.3447855282835,43.66568252966238,-29.924641188836368,21.623501934784535,295.66889139811195,312.15151062011716,18.6299991607666,30.157476761437543
37,2026-02-26,V,315.45880126953125,318.16814225930597,312.70960853635546,313.24750067936236,8725500.0,3.0,-5.396437045047435,336.68742966896616,305.38644118064326,44.134561026192266,-96.22335459506334,19.108318163474515,322.36041056315105,332.04600575764977,18.6299991607666,30.157476761437543
37,2026-02-26,VZ,47.35823440551758,47.93943811573328,47.33886057899243,47.71664095828387,23662600.0,3.0,2.0061583088152517,50.67763740783511,41.34495895141782,67.36820956664204,72.43021131950582,40.3432002699019,43.38862698872884,40.97753143310547,18.6299991607666,30.157476761437543
37,2026-02-26,WMT,123.6326904296875,126.52428010338534,123.15573203020392,125.1828241808018,18638300.0,3.0,1.6906423813094449,133.86925151159883,117.7802174825418,55.313964835061114,19.686927103288834,14.35565167235543,123.09081115722657,118.15927403767904,18.6299991607666,30.157476761437543
38,2026-02-27,AAPL,263.7093811035156,272.3240124520744,262.4217010495403,272.3240124520744,72366500.0,4.0,1.2242521626131406,281.2036815885982,255.07396886306196,49.42168841198458,25.498151397267456,3.746978888246689,262.95936075846356,267.04850006103516,19.860000610351562,116.13303790126804
38,2026-02-27,AMGN,383.012451171875,384.9662044026714,373.72723751215386,374.26008477743864,3441000.0,4.0,11.246223988557631,393.34712810612496,334.71513996028125,64.44754340722876,106.60539178551475,32.81556371809551,354.1738616943359,337.79617869059246,19.860000610351562,116.13303790126804
38,2026-02-27,AMZN,210.0,210.3300018310547,205.1999969482422,206.8300018310547,57422800.0,4.0,-6.332302547476729,241.17871335019188,185.6542883587925,43.229841819183775,-54.77182815266607,21.38268172800931,221.64266611735027,227.00983301798502,19.860000610351562,116.13303790126804
38,2026-02-27,AXP,307.0859069824219,319.6218676064142,305.84324789756397,319.0154341970581,9817300.0,4.0,-10.283781815757436,370.58276224046745,312.5765486726185,37.2514311931653,-226.91056284244476,30.94320548500868,347.07668151855466,359.23555348714194,19.860000610351562,116.13303790126804
38,2026-02-27,BA,227.52999877929688,228.8000030517578,224.91000366210938,227.47000122070312,6278100.0,4.0,-1.2876903398033903,246.6432781274655,225.5097217504642,48.8256492281088,-138.52735360234365,0.5041943631267862,239.6066660563151,227.9186668395996,19.860000610351562,116.13303790126804
38,2026-02-27,CAT,740.0455932617188,748.6731053653391,728.2997479783403,742.426588373545,3441900.0,4.0,28.477063551706124,804.9233845272618,665.8967143496914,61.874175442825255,49.21886852953807,28.884181487765453,703.5977274576823,648.5520812988282,19.860000610351562,116.13303790126804
38,2026-02-27,CRM,193.80384826660156,194.92813237973576,188.95850801668388,190.93843889578375,16346500.0,4.0,-9.29794775949398,208.2035737803353,173.85137159319984,40.61072025545628,-39.3288568639361,16.428353337771675,202.2505315144857,229.25845947265626,19.860000610351562,116.13303790126804
38,2026-02-27,CSCO,78.73719787597656,78.80656082445549,76.36893891506014,76.94366480816811,27498000.0,4.0,0.12591664939036207,86.34639657879957,72.81452413653246,52.8636541927949,-2.653774084906552,3.360311687830021,78.1393564860026,77.09284655253093,19.860000610351562,116.13303790126804
38,2026-02-27,CVX,183.46383666992188,184.23990222419712,180.52661726459598,182.7172554310416,12035500.0,4.0,5.094563165490058,185.61061362791682,170.62707405518867,67.97935172367757,92.59332747933668,40.61799327361198,173.07868398030598,161.08713811238607,19.860000610351562,116.13303790126804
38,2026-02-27,DIS,105.23365020751953,105.5313644009208,103.13969449033436,103.98322939537309,13954000.0,4.0,-1.2390593058457853,110.0533187803473,100.97468872697692,46.99068339353014,-64.32377072619867,15.679872095582848,107.23961512247722,108.80355555216471,19.860000610351562,116.13303790126804
38,2026-02-27,GS,851.3180541992188,907.4539136005715,845.950103636087,903.2447140013328,5552300.0,4.0,-6.4976383106436515,955.7857953793662,865.8835161440713,45.48132765846319,-206.32484378222046,7.692172880837214,919.0762715657552,903.800180053711,19.860000610351562,116.13303790126804
38,2026-02-27,HD,375.3760070800781,376.8253745597512,367.1136285285552,368.6122821451982,4819500.0,4.0,1.4135040821245184,387.5488375098582,366.8512265770559,52.6033604799194,-52.47108800876827,3.735319381509599,376.2857167561849,362.6985610961914,19.860000610351562,116.13303790126804
38,2026-02-27,HON,253.31292724609375,253.6664999931939,249.8500052891941,251.01471195493798,3707303.0,4.0,6.882211933143765,258.51905887627726,236.49162685370325,67.83452815088413,78.809011140255,46.21612749648415,240.8389689127604,222.9480178833008,19.860000610351562,116.13303790126804
38,2026-02-27,IBM,236.75660705566406,236.75660705566406,231.19769159849176,234.64737354984314,6642200.0,4.0,-15.575877052565147,316.7683484150738,212.4662676737934,38.52919866778027,-122.44804360606616,29.13822258535688,273.5399424235026,285.84043172200523,19.860000610351562,116.13303790126804
38,2026-02-27,JNJ,247.00942993164062,247.51652337921405,241.11334590987298,242.63459590951953,16428600.0,4.0,6.849947296967599,250.32103472283683,226.52085828253428,72.81660279778848,95.42188027992889,36.61389358540112,231.93793436686198,218.48592681884764,19.860000610351562,116.13303790126804
38,2026-02-27,JPM,297.4310607910156,300.0557680991628,291.636973162459,297.13393894248406,18620800.0,4.0,-2.6674019904794477,320.32656384919653,291.2295549252175,46.1529370724872,-95.75980118258941,16.55046011373801,304.0984283447266,309.8534271240234,19.860000610351562,116.13303790126804
38,2026-02-27,KO,80.4833984375,80.91759280808873,79.75316861043466,79.8715873102368,28483500.0,4.0,2.027291863792456,81.21843685227843,74.1620868293622,69.18444830935235,107.30762558966337,40.300067656789224,75.5434794108073,72.31368344624838,19.860000610351562,116.13303790126804
38,2026-02-27,MCD,336.88055419921875,337.16700889937454,331.4578398206824,331.4578398206824,4269100.0,4.0,5.841151539404109,335.67991952446056,311.27774649116446,66.17170767025735,136.87592227127084,39.73764127007911,317.56322224934894,311.83248443603514,19.860000610351562,116.13303790126804
38,2026-02-27,MMM,164.46942138671875,165.19566122221346,162.0320147073773,164.39977425632327,5367000.0,4.0,0.912041557443672,177.06357418067762,152.54350131981067,51.131625346963794,13.41950591613915,5.043803570335576,162.8262908935547,163.06062952677408,19.860000610351562,116.13303790126804
38,2026-02-27,MRK,122.0320816040039,122.20948276685397,117.95186237768111,117.95186237768111,17636400.0,4.0,3.2815865541500386,125.06474628664613,110.97005748532654,65.38395329164828,77.66532706595395,32.58947398767057,114.43045527140299,108.31359354654948,19.860000610351562,116.13303790126804
38,2026-02-27,MSFT,391.15484619140625,395.2183958601928,388.30640407164015,389.30236795593413,51367200.0,4.0,-14.724320205298795,423.15335418736714,379.2817715450547,36.80189027183874,-75.83275267342388,28.42507695735576,419.78643595377605,448.88782602945963,19.860000610351562,116.13303790126804
38,2026-02-27,NKE,61.2221794128418,61.75386215281055,60.57234620485853,61.75386215281055,18017400.0,4.0,-0.015337333093079053,65.05905946746212,59.57898183807987,47.07958845719204,-94.60345529601885,0.43094044247617336,62.59766095479329,62.83215878804525,19.860000610351562,116.13303790126804
38,2026-02-27,NVDA,176.97415161132812,182.36756729714082,176.1651407824763,181.0292033274304,311636500.0,4.0,0.36174193349103234,198.04484439394787,173.4670315215795,45.72668408844215,-129.69700744077088,13.65670187992938,185.96817830403646,184.68157882690429,19.860000610351562,116.13303790126804
38,2026-02-27,PG,164.72073364257812,164.76999524257963,161.26278579090197,161.6075869258529,14878500.0,4.0,4.1899101596458195,165.12358546110096,149.45757451204355,66.19453138536839,119.48764278356819,32.674506858042974,153.20632934570312,146.635866800944,19.860000610351562,116.13303790126804
38,2026-02-27,SHW,360.022216796875,360.48888957627815,351.0462275277928,353.9753484221363,1936000.0,4.0,3.058023516410856,369.71852082113656,350.8978518595275,55.05775884398455,6.582029235175922,11.79022794857532,356.5413848876953,343.3623830159505,19.860000610351562,116.13303790126804
38,2026-02-27,TRV,306.2399597167969,307.4008445738162,301.9932129009159,304.215814742172,1868600.0,4.0,5.633842567724059,309.7315588085849,282.6726922900479,63.32053052888196,103.37504274577071,23.985640943267835,289.0347971598307,286.2365397135417,19.860000610351562,116.13303790126804
38,2026-02-27,UNH,289.3549499511719,290.2034849465505,280.06072010966534,280.899378965855,9723300.0,4.0,-7.134556376711032,293.2755326586961,265.2525007885696,45.76229674656628,-23.344653059776352,22.361353644622692,294.2977752685547,311.694667561849,19.860000610351562,116.13303790126804
38,2026-02-27,V,318.8852844238281,318.97492803753534,310.72738119880427,313.22752304233575,12412900.0,4.0,-4.783163810409349,335.6036536754078,305.3767998158031,45.8402554404601,-78.46324469338573,20.87267382563259,322.0830810546875,331.8871287027995,19.860000610351562,116.13303790126804
38,2026-02-27,VZ,48.569068908691406,48.57875766915661,47.68758016050881,47.813508180300445,34693500.0,4.0,1.98861633693285,49.73927291430423,43.283958592043426,69.91373813720834,80.77891905859835,43.1457044653207,43.72152620951335,41.14050636291504,19.860000610351562,116.13303790126804
38,2026-02-27,WMT,127.14035034179688,127.7862463456887,124.35807283147619,124.7257266802137,29205500.0,4.0,1.7117917245910377,133.15050316977766,119.54629553627703,58.46048051483136,45.67177774931439,16.928841246764854,123.35280914306641,118.43496640523274,19.860000610351562,116.13303790126804
39,2026-03-02,AAPL,264.2484130859375,266.05518620599753,259.73647625260065,261.94253069595567,41827900.0,0.0,0.8975787945772709,280.8665748295357,255.95835345415574,49.71760347073896,0.4227733471739779,6.5296621510350175,263.1840057373047,266.6957550048828,21.440000534057617,29.692990483320514
39,2026-03-02,AMGN,380.5851135253906,386.10097902585807,376.82564163667695,382.8546004001387,2837900.0,0.0,11.136783465577764,393.1072559886073,339.51104845475214,63.33354456087689,103.52718909723478,33.490231881926164,356.0796203613281,338.6130091349284,21.440000534057617,29.692990483320514
39,2026-03-02,AMZN,208.38999938964844,209.72999572753906,203.4600067138672,204.5500030517578,46001000.0,0.0,-5.962270172868585,236.870182625491,186.87181871728245,42.51642791127265,-56.525223149123555,22.905919075386905,220.64966634114583,226.57599970499675,21.440000534057617,29.692990483320514
39,2026-03-02,AXP,305.6245422363281,308.5970034319296,299.51066553545763,301.41940326085506,6280000.0,0.0,-11.608920939659185,372.17695908510785,306.5346253875484,36.92974236835267,-224.06752644361814,33.8031643640901,345.4217905680338,358.3661804199219,21.440000534057617,29.692990483320514
39,2026-03-02,BA,229.74000549316406,230.22999572753906,223.6199951171875,226.0,4709000.0,0.0,-1.4930356351664784,246.7758425031866,224.97915780198917,50.20351055599414,-119.89780607363119,2.450932541602198,239.0066660563151,228.32466684977214,21.440000534057617,29.692990483320514
39,2026-03-02,CAT,749.5000610351562,752.8972524631026,722.3422308774508,730.7406251292482,2473100.0,0.0,26.604366084459798,798.5778096629585,681.7027018116507,62.9558888660173,49.16653587959432,26.209449084366604,707.1394246419271,651.3948801676432,21.440000534057617,29.692990483320514
39,2026-03-02,CRM,191.97314453125,194.94801245437512,189.7146326619775,191.52542579297662,9932700.0,0.0,-8.507492774270105,204.40099186892058,175.729743909888,40.02483811687988,-37.631737784235305,16.408518332384244,200.9047124226888,228.5722546895345,21.440000534057617,29.692990483320514
39,2026-03-02,CSCO,78.69756317138672,78.79665202073983,76.98330415359351,78.0336595647268,18540400.0,0.0,0.1486049220081469,86.35136249297197,72.91855785614912,52.8015710814672,-0.8069293643081539,3.3603116878300185,78.27709197998047,77.141716893514,21.440000534057617,29.692990483320514
39,2026-03-02,CVX,186.2537078857422,188.06122966525737,183.91570830799967,186.97081973499323,15809100.0,0.0,5.220464728736175,186.59257716842183,171.0610437422227,69.70930480747091,118.31974758836354,45.67679817746698,173.89893697102863,161.7552276611328,21.440000534057617,29.692990483320514
39,2026-03-02,DIS,103.53665924072266,103.81452886298935,102.07783615244315,103.81452886298935,14178600.0,0.0,-1.2802124231752288,108.55570890031096,101.63173921980622,45.276858657897364,-96.86458980741396,18.199257521798856,106.93924992879232,108.80693791707357,21.440000534057617,29.692990483320514
39,2026-03-02,GS,857.9190063476562,869.7966520679189,832.3317618038074,836.3142104248782,2873200.0,0.0,-9.481351932015514,957.5038318393861,857.314381051239,46.28521958396923,-234.20279285689216,10.603428702829124,915.4571838378906,904.6424306233724,21.440000534057617,29.692990483320514
39,2026-03-02,HD,365.6051025390625,369.84473331578295,363.8205111112099,369.73629177968485,4537600.0,0.0,0.5327471889993944,388.0691142159164,365.9582569999039,48.643204059578665,-150.9149055896541,6.559833817311998,376.01128946940105,363.0116882324219,21.440000534057617,29.692990483320514
39,2026-03-02,HON,257.9405822753906,258.08616305851723,250.84835313041708,252.38742130771757,3465686.0,0.0,7.0448801814029025,259.03314606216287,238.22833465072773,69.94258951782545,97.40815171680286,50.61629883831213,242.02039184570313,223.91590576171876,21.440000534057617,29.692990483320514
39,2026-03-02,IBM,235.9286651611328,237.3183977452477,230.4190340412905,232.31142913821702,6220300.0,0.0,-15.345280772034158,312.1468627381651,210.6229233336123,38.34542139643477,-111.92098811032832,29.503195610577816,271.6708429972331,284.8433230082194,21.440000534057617,29.692990483320514
39,2026-03-02,JNJ,247.13868713378906,250.27068397455253,245.45834842794568,247.76508953624906,9042400.0,0.0,6.794815265186145,250.17141154709242,228.90877796706775,72.88002298507274,106.50161963155811,39.88364332373456,232.93722330729167,219.21881612141928,21.440000534057617,29.692990483320514
39,2026-03-02,JPM,294.7172546386719,297.11414843979566,290.4088063693875,291.9935267958635,8508900.0,0.0,-3.0537042534870693,320.6964141105177,290.03466193928693,45.09448181373051,-115.79806357054831,17.408701982995016,303.7121541341146,309.7058929443359,21.440000534057617,29.692990483320514
39,2026-03-02,KO,79.16109466552734,80.32551892932634,79.09201896889039,80.17749742833676,18137200.0,0.0,1.9174608102972854,81.0319372740817,74.88244642342808,64.3783701741294,84.98045218646381,34.687583069778846,75.86386057535807,72.47074915568034,21.440000534057617,29.692990483320514
39,2026-03-02,MCD,330.717041015625,337.56211186521443,330.3120616387293,336.88056488258604,4555400.0,0.0,5.682418755768538,335.5846662011101,313.3307116065071,60.839428657695905,113.57002756395673,37.31386635030255,318.4258544921875,312.3938532511393,21.440000534057617,29.692990483320514
39,2026-03-02,MMM,160.6292724609375,163.38500949481121,158.40079210844323,161.43510246912413,3984400.0,0.0,0.46622373455767274,176.06431970949853,154.43655004147803,48.03099515664722,-21.742418784077582,1.4089021219523268,162.5319564819336,162.90586954752604,21.440000534057617,29.692990483320514
39,2026-03-02,MRK,119.65689086914062,121.91381755116637,119.29223081697339,121.72656618965699,11564500.0,0.0,3.055981957912337,124.09790543120721,113.03481399017952,61.82914652547639,68.41217600969728,32.58947398767057,114.77343063354492,108.6624195098877,21.440000534057617,29.692990483320514
39,2026-03-02,MSFT,396.9413757324219,399.57073485574693,389.0533591512552,391.2743390590049,35474900.0,0.0,-13.728487290507417,417.82044439172074,381.55107965613087,38.75376926282523,-63.04458905629984,25.38931660444837,417.89177754720055,447.3883331298828,21.440000534057617,29.692990483320514
39,2026-03-02,NKE,60.46891784667969,60.98430656698472,58.61550340812185,59.3687652996699,15335000.0,0.0,-0.18587783679951997,65.08836566639569,59.51077945994709,45.9551493060329,-155.60807190722048,6.766106855324821,62.493456522623696,62.774477068583174,21.440000534057617,29.692990483320514
39,2026-03-02,NVDA,182.25770568847656,183.2365228635074,174.42725972943845,174.79680413295333,209095300.0,0.0,-0.017738025422090686,197.45834503602373,173.18958434630048,48.50591857082054,-95.19043382605598,15.183885477027662,185.81603088378907,184.69872614542643,21.440000534057617,29.692990483320514
39,2026-03-02,PG,161.08544921875,164.08038016205148,161.0263413109597,162.83905396833535,9095500.0,0.0,4.000612829000431,164.9587410703341,150.77900917380651,61.13788579764209,98.05065057075963,31.909975519743185,153.859814453125,146.94255574544272,21.440000534057617,29.692990483320514
39,2026-03-02,SHW,354.3600158691406,355.723316860846,343.9710257893843,353.7729023951889,1690900.0,0.0,2.4198415323289737,369.46768540218216,351.3718348614897,52.27584024698142,-60.438300244316984,3.3666230256451506,356.5664520263672,343.68338368733725,21.440000534057617,29.692990483320514
39,2026-03-02,TRV,308.2541809082031,310.68511104719494,304.7417001818431,305.16834914807913,1216600.0,0.0,5.87866956328736,310.3774798045617,284.62242864270394,64.3631976895352,114.8953757483291,27.679641598742382,290.3356028238932,286.62163696289065,21.440000534057617,29.692990483320514
39,2026-03-02,UNH,290.9928283691406,291.36776038144785,283.6620222891216,284.31321524046825,8141400.0,0.0,-5.960846436184511,294.54258177080544,264.7747735758743,46.28170626031643,-13.368680373525951,21.35080816951979,292.849701944987,311.24339803059894,21.440000534057617,29.692990483320514
39,2026-03-02,V,319.25384521484375,321.33565029745085,313.3670044395995,314.2634710190134,6674900.0,0.0,-4.218769232302293,335.5790382899416,305.3359000645506,46.02363268863554,-50.96013148357592,17.709603428519106,321.865087890625,331.7471516927083,21.440000534057617,29.692990483320514
39,2026-03-02,VZ,48.41408157348633,48.6853077412637,48.075048863764614,48.41408157348633,23725700.0,0.0,1.939846670262952,49.68655197850735,43.86557242639988,69.19895990235813,79.20011738134139,43.60248261767396,44.06443506876628,41.30296115875244,21.440000534057617,29.692990483320514
39,2026-03-02,WMT,126.29573059082031,127.93529117845694,126.24605153126585,126.6534531765271,17091500.0,0.0,1.6414770507355598,132.42399384508488,121.0637670802081,57.45276938445091,48.51961129370715,17.232666926946575,123.61447601318359,118.68203760782878,21.440000534057617,29.692990483320514
40,2026-03-03,AAPL,263.2801818847656,265.08695529305965,259.6666350681776,263.0106738027697,38568900.0,1.0,0.5541714868252257,280.7662466257423,255.4589929372459,49.18291015163945,-7.5422568357981605,6.602312839063773,263.46546681722003,266.3607803344727,23.56999969482422,32.15340897224115
40,2026-03-03,AMGN,372.0004577636719,376.67758916150433,367.7673406747568,372.95759542450185,2710400.0,1.0,10.239308710563819,391.283063127216,344.7584285720028,59.5665354980894,63.926171287111494,23.268292361106788,357.686811319987,339.17145385742185,23.56999969482422,32.15340897224115
40,2026-03-03,AMZN,208.72999572753906,209.17999267578125,202.47999572753906,203.10000610351562,43184900.0,1.0,-5.577290454436508,230.43814146563867,189.88085877850196,42.72292323707106,-54.725762999978116,23.76652133511597,219.63666636149088,226.18183288574218,23.56999969482422,32.15340897224115
40,2026-03-03,AXP,306.0122985839844,307.59295748373404,297.9896833149493,298.34755461072956,5673100.0,1.0,-12.483907827351345,372.6550303863234,301.58199353945787,37.07888882547575,-197.3771324452304,34.47739898600874,343.53394368489586,357.380436706543,23.56999969482422,32.15340897224115
40,2026-03-03,BA,224.1199951171875,226.5,221.11000061035156,225.75,6211600.0,1.0,-2.085223966253494,247.4875401104903,223.37745927915816,46.88278236886349,-148.45394888552525,1.0640182988018414,238.221332804362,228.68433354695637,23.56999969482422,32.15340897224115
40,2026-03-03,CAT,719.4730224609375,728.927441063359,703.9514044442288,725.5402218752246,3332700.0,1.0,22.43864999355162,795.821132999914,687.5746616778204,57.58777243754819,13.160089678734268,18.364986785937674,709.6898274739583,653.5878082275391,23.56999969482422,32.15340897224115
40,2026-03-03,CRM,195.05747985839844,197.66421098231984,188.62023368065707,189.7843086141992,13208900.0,1.0,-7.545195107051313,200.5992486901911,178.06296139281673,41.49587258770814,-27.847170415338,13.671412562545418,199.87462107340494,227.8710678100586,23.56999969482422,32.15340897224115
40,2026-03-03,CSCO,78.24174499511719,78.71738203520657,76.86438963735063,77.66701911000752,17521100.0,1.0,0.12832556686942098,86.295166367438,72.80828211889012,52.073998226377384,-9.683288709594661,3.7787100712776565,78.40161539713542,77.1685344696045,23.56999969482422,32.15340897224115
40,2026-03-03,CVX,185.43836975097656,188.1791219620635,184.11219013915394,187.15748369768082,14004200.0,1.0,5.194571860372349,186.53802974989418,172.72919589707845,68.58900169376597,111.85051281751072,45.82409509813365,174.6887690226237,162.38800175984701,23.56999969482422,32.15340897224115
40,2026-03-03,DIS,102.51448822021484,103.51680251754973,101.37323154649653,102.0579794936243,13608400.0,1.0,-1.3794062868422259,108.63344060800807,101.43988245107397,44.27076375109418,-108.62488272957256,19.84327145211223,106.6779192606608,108.77833404541016,23.56999969482422,32.15340897224115
40,2026-03-03,GS,858.795166015625,864.5299018603185,821.0216377054891,832.3317774173322,3782100.0,1.0,-11.641076625593996,955.9730772501757,851.0001344197462,46.3937540614399,-222.6495950692865,12.96183150225736,912.3248657226562,905.1467020670573,23.56999969482422,32.15340897224115
40,2026-03-03,HD,361.76971435546875,363.6035918893053,355.06514498941806,358.6244886120164,3964700.0,1.0,-0.4693325930691117,389.35126827279305,363.5718243785741,47.200287210736484,-213.46538588164233,13.537273685205765,375.57582194010416,363.19754282633465,23.56999969482422,32.15340897224115
40,2026-03-03,HON,253.5832977294922,257.0254007863128,251.28508246050583,253.66649754623867,6071125.0,1.0,6.744453629438482,258.1082372350819,240.96417182253526,65.74559697423808,82.06839805377791,50.61629883831215,242.9058390299479,224.8056531270345,23.56999969482422,32.15340897224115
40,2026-03-03,IBM,241.7537078857422,242.5520604385104,230.92170123668907,232.9520980867093,6960400.0,1.0,-14.525063403022102,304.36239015126654,211.73810118174123,40.41398407063364,-92.32122327674504,25.025746432841796,269.74371439615885,283.92957763671876,23.56999969482422,32.15340897224115
40,2026-03-03,JNJ,245.3390350341797,246.46257832712044,242.96270213047706,245.0506999866165,6178700.0,1.0,6.530624870343701,249.88448571323852,230.9078772628357,70.51063871469539,83.39054867792433,33.431615768073065,233.90652414957682,219.9231948852539,23.56999969482422,32.15340897224115
40,2026-03-03,JPM,297.3914489746094,299.5011046657454,286.73423592223537,289.4975898716125,10278200.0,1.0,-3.108236629290161,320.7161748065985,289.23442944144836,46.3487499943456,-105.36261930539284,19.95660979207364,303.3090423583984,309.53308664957683,23.56999969482422,32.15340897224115
40,2026-03-03,KO,78.2927017211914,79.02293907968077,77.52299899130585,78.80584189357235,20549300.0,1.0,1.7402859231355592,80.71468282882972,75.59540704543787,61.47699888190633,53.637725741676626,22.64299398174955,76.15661087036133,72.61103922526041,23.56999969482422,32.15340897224115
40,2026-03-03,MCD,329.932373046875,329.932373046875,325.4924836810342,327.86636784866795,2901100.0,1.0,5.430703959050902,335.58185895035433,314.8640883152707,60.20054497212859,76.1629617560551,27.67725932849703,319.3015106201172,312.8270721435547,23.56999969482422,32.15340897224115
40,2026-03-03,MMM,157.6645965576172,158.8186318574809,156.03303516757148,156.70954437725325,4050400.0,1.0,-0.12487518716557133,175.10226048983557,155.96919641934412,45.81231341416775,-59.23153838679529,5.3315921746304715,162.24774525960285,162.67644271850585,23.56999969482422,32.15340897224115
40,2026-03-03,MRK,118.09969329833984,119.2232314458865,116.89730852168118,117.94200004011583,9334100.0,1.0,2.720179326062066,123.39984936371263,114.369541505428,59.63037137337723,38.44353051339029,24.13356580767867,115.1348025004069,108.96509653727213,23.56999969482422,32.15340897224115
40,2026-03-03,MSFT,402.2996826171875,405.05852201627056,391.0851500003899,391.5532542396072,38199200.0,1.0,-12.364383035512788,414.05504126218483,383.47635217043234,40.5137112059782,-48.50415764691469,21.638829435795707,416.069736735026,446.1813557942708,23.56999969482422,32.15340897224115
40,2026-03-03,NKE,58.86328887939453,59.57690464439405,58.100117304240264,58.91284468954928,17438600.0,1.0,-0.4454582876714781,65.3376263170464,59.02562975595164,43.65598637573403,-202.48190861619716,8.551619256149747,62.34262313842773,62.678219668070476,23.56999969482422,32.15340897224115
40,2026-03-03,NVDA,179.83065795898438,180.67961330625172,176.70446619030554,178.27256086028186,178099400.0,1.0,-0.5084598858927905,197.42655991164068,172.66604720505856,47.35361375272407,-99.45570789406909,15.183885477027657,185.61028188069662,184.70654983520507,23.56999969482422,32.15340897224115
40,2026-03-03,PG,157.35166931152344,159.78504529642643,156.26797412420703,159.78504529642643,10161000.0,1.0,3.5088605365621675,164.49266031900444,151.8884081014057,56.54810411772413,44.95899259628184,17.78029108570974,154.39210103352863,147.17315673828125,23.56999969482422,32.15340897224115
40,2026-03-03,SHW,347.1255187988281,349.1754810790439,336.23900222661615,342.279319656911,1711100.0,1.0,1.3151539832674644,370.54720569767994,349.621236074781,49.00321138672382,-131.05414547915615,4.74761261462122,356.2941050211588,343.85484924316404,23.56999969482422,32.15340897224115
40,2026-03-03,TRV,308.55181884765625,309.80203045463844,302.1916610157106,305.28739425179464,2249900.0,1.0,6.0272353975649935,310.71908705515744,286.79511277394414,64.51738288657039,105.02166628394589,22.88313194702372,291.7098317464193,287.08170013427736,23.56999969482422,32.15340897224115
40,2026-03-03,UNH,285.34918212890625,289.8187076809586,280.56392119101315,285.13211781491367,7051100.0,1.0,-5.423548645121912,294.9126837174424,264.761837156581,44.75399323660731,-22.526222799495855,23.09906926512004,291.4746398925781,310.45027516682944,23.56999969482422,32.15340897224115
40,2026-03-03,V,319.57257080078125,320.77785038408507,313.117987052978,314.5722564235918,5474300.0,1.0,-3.7030772029151535,333.9833780280831,305.7040884025809,46.18663360972292,-49.05417938286313,17.943918129327503,321.6394958496094,331.61265258789064,23.56999969482422,32.15340897224115
40,2026-03-03,VZ,49.27619552612305,49.49898897318664,47.82319189252446,48.17191335581681,31586900.0,1.0,1.9483029257004247,49.6727279035748,44.48578306749453,70.91031277164485,84.97663085567588,46.96837906174608,44.45061111450195,41.47883237202962,23.56999969482422,32.15340897224115
40,2026-03-03,WMT,127.1006088256836,127.55768952555978,124.87477774286918,125.71939755733719,16480400.0,1.0,1.6318877261286389,132.37603359048066,121.49429187949005,58.16368701632073,41.107916809750094,13.289068158086865,123.88641103108723,118.90946833292644,23.56999969482422,32.15340897224115
41,2026-03-04,AAPL,262.0523376464844,265.67587606267574,260.95432154975975,264.17854815272653,39803100.0,2.0,0.18085714422977617,280.71184268260174,254.84378018116774,48.49866486546717,-10.87352544169882,5.884408684455746,263.99953409830727,266.0626856486003,21.149999618530273,25.390943377329833
41,2026-03-04,AMGN,374.2403564453125,375.0494893643222,365.9024329316667,374.9606864994856,2028300.0,2.0,9.598153071289914,386.08426781752325,354.2011875047424,60.205410138347894,59.18994853840111,21.2902142115282,359.3493927001953,339.85313873291017,21.149999618530273,25.390943377329833
41,2026-03-04,AMZN,216.82000732421875,217.5399932861328,210.14999389648438,210.47000122070312,54731100.0,2.0,-4.566752251890648,224.7230609963916,193.41594046845216,47.3760814893701,-17.55340870116162,12.66763865828247,219.16399993896485,225.97699966430665,21.149999618530273,25.390943377329833
41,2026-03-04,AXP,309.38232421875,310.6249832460687,305.19705710947994,307.2946509851835,4055200.0,2.0,-12.758338155079286,372.44343854542996,297.9741426313279,38.38881093419849,-154.21928234668965,31.710918538731992,342.17596435546875,356.40093383789065,21.149999618530273,25.390943377329833
41,2026-03-04,BA,227.30999755859375,227.52999877929688,221.7899932861328,226.3800048828125,5068700.0,2.0,-2.2709528176054334,247.70066185839008,222.58033789746932,48.86870880228402,-122.72638768359376,0.38678156934571084,237.49833272298176,229.10833358764648,21.149999618530273,25.390943377329833
41,2026-03-04,CAT,729.226318359375,743.213730965023,728.1006098946033,734.3271829401724,2823700.0,2.0,19.6972419029031,794.0547907119227,692.2380986923741,58.769100527679385,33.00313972053264,22.24847247385202,713.1092956542968,655.8163991292317,21.149999618530273,25.390943377329833
41,2026-03-04,CRM,192.10250854492188,195.4753456100833,191.12747417658636,194.11228627607576,11583700.0,2.0,-6.940997266207944,200.15588065433087,178.1779999609035,40.511090163620246,-29.288111050263243,13.671412562545415,198.97950948079426,226.97593587239584,21.149999618530273,25.390943377329833
41,2026-03-04,CSCO,80.1343765258789,80.22355422071684,77.81565818016443,78.47956177505064,20388100.0,2.0,0.2619539370423496,86.06195170928996,72.81953403900107,54.7520923283903,24.127970835272507,1.792410229358334,78.6500020345052,77.22673161824544,21.149999618530273,25.390943377329833
41,2026-03-04,CVX,182.74671936035156,185.13383961502186,180.89989504723084,184.14165570704438,11054400.0,2.0,4.90036947524689,186.43911110204292,173.7824480410235,65.02039608576507,79.3589482820811,35.47016496475134,175.42000986735027,162.96505177815754,21.149999618530273,25.390943377329833
41,2026-03-04,DIS,102.2564697265625,103.05038186710433,101.85950987060183,102.38547846191342,9672300.0,2.0,-1.4619852189884597,108.72036885733327,101.23585215096752,44.01536574289119,-104.34519384027858,19.843271452112223,106.43643646240234,108.74986559549967,21.149999618530273,25.390943377329833
41,2026-03-04,GS,863.4446411132812,874.9439493459278,856.2264529921267,866.0233033314352,2081700.0,2.0,-12.829608481711716,953.9937407293417,846.3263703546427,46.98184227195475,-148.16044077123672,10.192813174639225,909.9625671386718,905.7076670328776,21.149999618530273,25.390943377329833
41,2026-03-04,HD,363.928955078125,364.38251992997345,356.4356569193793,361.05982791326113,4324400.0,2.0,-1.0768421926765086,389.9286948665308,361.812226153977,48.096945649087495,-178.55223190390728,12.762325248462114,375.3786295572917,363.4923451741536,21.149999618530273,25.390943377329833
41,2026-03-04,HON,255.78790283203125,257.1397976419184,248.7268729645294,254.38402137868042,4552772.0,2.0,6.608082764946005,257.8004758491277,242.95667289354813,66.78868440721676,78.36235440490809,43.351665159302165,244.01378122965494,225.75352986653647,21.149999618530273,25.390943377329833
41,2026-03-04,IBM,246.46499633789062,247.2436472817924,241.43832579025826,242.21696169473978,6085000.0,2.0,-13.341085890912211,300.22562644787706,211.67793190173234,42.04098639191731,-67.73029131163847,21.141728440635962,268.4414326985677,283.0066411336263,21.149999618530273,25.390943377329833
41,2026-03-04,JNJ,243.8973388671875,245.1600810545075,241.78945104558642,244.34476266176227,5768000.0,2.0,6.134207916671812,249.44763382101345,232.6803111252756,68.66075670564797,71.01839598472726,30.50419639448778,234.8426035563151,220.6505241394043,21.149999618530273,25.390943377329833
41,2026-03-04,JPM,296.52978515625,298.12438947518206,292.99388398032096,297.12402886142485,8055700.0,2.0,-3.184276639953282,320.03360391421154,288.38577169614007,45.99849352304715,-83.93210399633604,19.956609792073635,303.1984436035156,309.2806793212891,21.149999618530273,25.390943377329833
41,2026-03-04,KO,77.0690689086914,78.42098745087183,76.72369045738563,78.24336317181664,21011800.0,2.0,1.4840296370614254,80.60024748833828,75.82924546210117,57.68732517090841,29.0843278065731,17.123276191027127,76.36548334757487,72.73685620625814,21.149999618530273,25.390943377329833
41,2026-03-04,MCD,329.5052490234375,330.58790268390675,327.3895927565026,329.5052490234375,2455900.0,2.0,5.137530575604103,335.3796103563146,316.4603585157558,59.84665530187954,79.04390508412668,28.384429264456372,320.3140553792318,313.2395080566406,21.149999618530273,25.390943377329833
41,2026-03-04,MMM,160.06219482421875,160.95755810935876,157.95310741815908,158.47042100588078,3865900.0,2.0,-0.3953023987336053,174.2168967537444,157.442064733072,47.82849319030428,-34.355910160259775,1.5555913545280065,162.4290542602539,162.55003178914387,21.149999618530273,25.390943377329833
41,2026-03-04,MRK,118.54319763183594,119.12468214802543,116.15814339072014,117.70547283862751,6700900.0,2.0,2.4614661644518634,123.04361690436927,115.16336322868737,60.04896538066787,34.031949240804096,21.65637542525641,115.49058990478515,109.29764111836751,21.149999618530273,25.390943377329833
41,2026-03-04,MSFT,403.5645751953125,409.3710312257941,398.69429724653685,399.6504140582061,35808000.0,2.0,-11.053832623965604,413.27480703327984,383.75127939250143,40.92823384000874,-33.02959094821331,18.75133158379676,414.46673482259115,444.94395345052084,21.149999618530273,25.390943377329833
41,2026-03-04,NKE,58.119937896728516,58.96240175676261,58.090205168081525,58.665059346829516,15971300.0,2.0,-0.703055490958512,65.60752692084077,58.56857934136626,42.634416971171454,-199.956364503629,8.586449574156124,62.19162623087565,62.56891682942708,21.149999618530273,25.390943377329833
41,2026-03-04,NVDA,182.8170166015625,184.47499807110998,179.84065106191534,180.22019302825058,177731200.0,2.0,-0.6489061254758894,197.39309769119936,172.96918105635925,48.898833883514094,-53.02231355349669,10.611476367534738,185.77574615478517,184.70089009602864,21.149999618530273,25.390943377329833
41,2026-03-04,PG,155.9527130126953,157.24328578189423,154.97738743101527,157.075808364692,8752700.0,2.0,2.971999855838618,164.2572328385249,152.41741620932666,54.949202664072494,18.936751279253976,14.343763817713464,154.7972147623698,147.4024518330892,21.149999618530273,25.390943377329833
41,2026-03-04,SHW,345.9712219238281,347.5434883371454,342.2096930428919,347.49374479543417,1277700.0,2.0,0.34258986809658154,371.7027067257899,347.35354632596795,48.502037826421144,-117.01358142193892,4.747612614621226,356.3430491129557,344.0711201985677,21.149999618530273,25.390943377329833
41,2026-03-04,TRV,309.60357666015625,310.48667033548935,304.434099381781,307.10318370169284,1315800.0,2.0,6.158847595815928,311.2366914105501,288.63899828671555,65.06983583181363,111.19672242683593,23.67944491394188,293.112836710612,287.58268280029296,21.149999618530273,25.390943377329833
41,2026-03-04,UNH,288.0624694824219,290.4107024732037,283.83960657712646,285.15186859441445,7796000.0,2.0,-4.7243374399334925,295.7396900486519,264.70244557146526,45.64631336546147,-9.84915502285461,22.56054130482548,289.9463185628255,309.8039738972982,21.149999618530273,25.390943377329833
41,2026-03-04,V,319.2139892578125,324.49320490972036,318.5466018009251,320.1801887712339,5257900.0,2.0,-3.2854494716045792,333.19288609986273,305.7193178796295,46.02487281819742,-11.317516164992298,12.978672956013973,321.48412272135414,331.51375986735025,21.149999618530273,25.390943377329833
41,2026-03-04,VZ,49.59585952758789,49.79927915530725,48.578757693811674,48.830610038343345,22816000.0,2.0,1.9582255769355257,49.912191044504496,44.72581135112539,71.51733845830339,91.16321244492958,48.14979102918361,44.841953404744466,41.65066858927409,21.149999618530273,25.390943377329833
41,2026-03-04,WMT,127.00123596191406,127.35895854492821,125.44117097864785,126.30566848445152,16434100.0,2.0,1.59785053137945,132.38105494922797,121.49920628124077,58.03982590614656,39.96207047824154,13.28906815808687,124.18782475789388,119.12813606262208,21.149999618530273,25.390943377329833
42,2026-03-05,AAPL,259.8263244628906,261.09405110124777,256.79173142961054,260.3254337562426,49658600.0,3.0,-0.2912603541499834,279.8114107339575,254.15290353606198,47.26542135725665,-52.144070286900934,10.301293315410977,264.42782033284504,265.75940399169923,23.75,42.72273497563123
42,2026-03-05,AMGN,362.7251281738281,372.08926818192896,356.6073365929395,370.20459377592255,2868400.0,3.0,8.067848784432158,385.7874986655274,354.8847578041992,55.5384322335474,19.66132560999028,12.021623032626486,360.2165547688802,340.5106379191081,23.75,42.72273497563123
42,2026-03-05,AMZN,218.94000244140625,220.47000122070312,215.58999633789062,215.97999572753906,60943400.0,3.0,-3.5538608616088254,220.32550237074122,196.40849878892675,48.51004342604095,-0.11777510273220033,9.119787974603492,218.7516667683919,225.8004997253418,23.75,42.72273497563123
42,2026-03-05,AXP,305.40582275390625,307.6823826420231,303.0099724504044,305.05787215012936,4601800.0,3.0,-13.145167296163265,371.55744952842184,294.24141216591414,37.43744736489772,-149.261552859466,32.74336936277655,340.43955485026044,355.368381245931,23.75,42.72273497563123
42,2026-03-05,BA,222.05999755859375,227.67999267578125,218.1300048828125,226.1199951171875,7199300.0,3.0,-2.8093904895466153,248.2883192980677,220.60368051882685,45.94421807903724,-142.79174672122602,4.644987809116482,236.56466573079427,229.4445002237956,23.75,42.72273497563123
42,2026-03-05,CAT,703.433349609375,725.3409126532893,690.9802045588214,717.3011549118872,3713200.0,3.0,15.267386297375992,791.9139747815022,695.7995628161541,54.607993772212126,-11.961612530248578,8.388992678386774,715.1250427246093,657.548514811198,23.75,42.72273497563123
42,2026-03-05,CRM,200.3704376220703,203.385096657981,193.25664145356333,193.37602908063636,15860900.0,3.0,-5.728973307641212,200.62514811484579,177.9027464774394,44.33480793517683,4.511401486305317,5.910818588427866,198.3099166870117,226.00155919392904,23.75,42.72273497563123
42,2026-03-05,CSCO,79.28219604492188,80.4316402446663,78.33092953341104,79.26237374010199,26844800.0,3.0,0.2956830896993239,85.98902349343736,72.77850809225599,53.363147985268064,17.78873574530098,2.5401518315789064,78.8587521870931,77.26727600097657,23.75,42.72273497563123
42,2026-03-05,CVX,186.5484161376953,186.61718789056943,183.1986112080855,183.3066703986848,13567200.0,3.0,4.917293623267227,187.30283627144343,173.942892793498,67.4916696188458,103.01867160300701,37.58707041949009,176.23160298665366,163.64210662841796,23.75,42.72273497563123
42,2026-03-05,DIS,101.63125610351562,103.75498248036759,100.81748429027168,102.31600404748632,11751500.0,3.0,-1.5598976033461867,108.72360070756434,100.77214819380285,43.387928546130176,-109.04187043419637,22.3142502848183,106.0798355102539,108.71376978556314,23.75,42.72273497563123
42,2026-03-05,GS,831.7941284179688,862.7178386116808,818.5923019083422,858.2276182019754,3093700.0,3.0,-16.13941526796316,958.348123369859,834.6981778996724,43.612550335987024,-206.51763854970974,17.731783194560908,906.2270039876302,905.4649668375652,23.75,42.72273497563123
42,2026-03-05,HD,356.603271484375,361.8288960882838,354.1581012612978,360.98095183182903,4752200.0,3.0,-2.124924562324111,390.79282774148896,358.43191591085474,45.39149087402636,-198.2682244827224,14.526974273796364,374.62403869628906,363.60852508544923,23.75,42.72273497563123
42,2026-03-05,HON,247.89495849609375,253.6560803830213,245.38875132661016,253.26091530799596,4107869.0,3.0,5.796297123346392,257.40267951136093,243.79047081822895,60.019614487649505,37.33129724164309,34.588916531386005,244.7172058105469,226.58537877400715,23.75,42.72273497563123
42,2026-03-05,IBM,252.86167907714844,256.63663366032154,245.4202342080001,245.73564092469906,9894600.0,3.0,-11.751156329393439,296.80098684073215,212.06080667733426,44.18170110557417,-45.30811975250745,13.818511997837682,267.15016123453773,282.19113235473634,23.75,42.72273497563123
42,2026-03-05,JNJ,238.259765625,241.61049061943945,234.58091062648668,241.24261118820294,9375400.0,3.0,5.30399838759007,248.7184683004816,234.04580629668638,62.0730510979581,24.10782015943632,14.533031815903898,235.59735768636068,221.2929598490397,23.75,42.72273497563123
42,2026-03-05,JPM,290.74554443359375,298.3620800816865,289.63624924146006,295.1332451958745,12732500.0,3.0,-3.6689850063547738,319.2083060759339,286.86172871410514,43.70493222523047,-111.97520261338947,22.300519714251298,302.91814575195315,308.9492874145508,23.75,42.72273497563123
42,2026-03-05,KO,76.01319885253906,76.69409322640016,75.49019608425752,76.65462032500527,23165700.0,3.0,1.1821180735545909,80.64053119050796,75.75738522184555,54.67855637338299,-11.378415067609117,9.272189804728965,76.53060785929362,72.85247637430827,23.75,42.72273497563123
42,2026-03-05,MCD,325.2441711425781,328.5815222190203,321.9365864490339,327.5783163041617,4321400.0,3.0,4.509373927700096,335.20580752348104,317.1862334921439,56.42357718800864,41.892899413040105,18.42024406013129,321.090727742513,313.53664245605466,23.75,42.72273497563123
42,2026-03-05,MMM,155.40628051757812,160.14178406919413,154.0035315563931,158.7489933717424,4538000.0,3.0,-0.9740826670305296,174.9750584554714,156.00259352206763,44.502189897312114,-76.6383588254602,7.864827603272877,162.4630889892578,162.37556991577148,23.75,42.72273497563123
42,2026-03-05,MRK,114.39398956298828,117.80402747285108,112.79737908851801,117.39009393032391,14516000.0,3.0,1.899728813943753,123.33316716395666,114.65107584751794,54.57247297534341,-9.072378521336029,11.217293248980095,115.65353571573893,109.58008766174316,23.75,42.72273497563123
42,2026-03-05,MSFT,409.0224304199219,409.9486695143622,402.7677785996419,402.78771732924594,39001300.0,3.0,-9.465694048579905,412.7083786028072,384.0620651227787,42.71020338861696,-19.967978515175208,18.362007782539788,413.3904744466146,443.7590927124023,23.75,42.72273497563123
42,2026-03-05,NKE,57.50543975830078,58.26861132997332,56.920672127064215,58.080293959032055,22040200.0,3.0,-0.9458844277564538,65.82520313147546,57.77837123986242,41.79798745083764,-213.6544889521011,12.6473826778462,61.961726633707684,62.4465825398763,23.75,42.72273497563123
42,2026-03-05,NVDA,183.11663818359375,183.83576224630102,177.6632984882966,180.94928366467312,198779700.0,3.0,-0.7276459747253909,196.71625641191824,174.55990478192942,49.054031840038974,-65.30991909750345,12.668875790254683,185.776410929362,184.71637090047201,23.75,42.72273497563123
42,2026-03-05,PG,151.7066192626953,154.7705043310175,151.4898802521365,154.61287322651478,10060300.0,3.0,2.1787938398205995,164.6131823511725,151.77773714345642,50.46862690379223,-35.89761264573004,5.720759022593273,155.09144337972006,147.59211908976238,23.75,42.72273497563123
42,2026-03-05,SHW,333.8109130859375,341.7519012205194,331.0345372743214,341.12497471127114,1802200.0,3.0,-1.3933478487277284,374.23477521783883,341.5728206073565,43.63818293401802,-195.08580562114648,15.060577130510106,355.67718912760415,344.1221186319987,23.75,42.72273497563123
42,2026-03-05,TRV,304.2555236816406,309.10748236757826,300.61404897503985,307.9168016832806,1306600.0,3.0,5.765150959739913,311.4534416143041,289.55536881050057,60.14404996328885,83.42708237600374,16.722491268088767,294.2370269775391,288.02681630452474,23.75,42.72273497563123
42,2026-03-05,UNH,284.9150390625,287.5000885291143,282.91213985723385,286.1779504316799,5397900.0,3.0,-4.373760860364371,296.0323676577879,265.677611590259,44.77840863189222,-14.880971909352793,23.1057353964465,288.0065633138021,309.14735819498696,23.75,42.72273497563123
42,2026-03-05,V,318.5466003417969,321.5348424853333,313.5363155637196,318.07844119005733,8267200.0,3.0,-2.9740462398428917,332.12360753878477,305.84520654812934,45.71659297727821,-44.40767717795685,17.80583279663292,321.32439676920575,331.3351567586263,23.75,42.72273497563123
42,2026-03-05,VZ,49.57648468017578,49.712097762527364,48.76280249088694,49.373065056648414,27534300.0,3.0,1.9421382010220611,50.15864586226587,44.88329177506323,71.42388845444492,90.08483223147837,48.149791029183625,45.22748362223307,41.81535809834798,23.75,42.72273497563123
42,2026-03-05,WMT,122.52970886230469,124.88471455763423,120.88021705605856,124.58660988390555,28604900.0,3.0,1.1962710741982363,132.49131763773218,120.92291042012914,52.80536010871083,-25.622578468022866,1.1748679339557904,124.31865793863932,119.26781590779622,23.75,42.72273497563123
43,2026-03-06,AAPL,257.0013427734375,258.3090066542827,253.916851068475,258.16927189629365,41120000.0,4.0,-0.8831884394562621,279.03593849621495,253.11240592517174,45.73851542902838,-86.40432667285405,13.211319843972413,264.7386703491211,265.4238321940104,29.489999771118164,18.715726766116962
43,2026-03-06,AMGN,364.6295166015625,364.85647732203154,356.91321346008584,359.37021307070415,2443000.0,4.0,6.928868163215554,385.53750179779837,355.5552075527875,56.120360582449855,8.286600072951199,12.021623032626493,361.0338490804036,341.3413157145182,29.489999771118164,18.715726766116962
43,2026-03-06,AMZN,213.2100067138672,217.32000732421875,212.52999877929688,214.99000549316406,51152700.0,4.0,-3.17687882342409,218.08164456749697,197.70435701941707,45.75339540881704,-16.1795250115885,12.109861253031598,218.04733378092448,225.5724998474121,29.489999771118164,18.715726766116962
43,2026-03-06,AXP,299.2323303222656,301.2205850087923,292.78045357276136,298.91420229121525,5500100.0,4.0,-13.790908414964974,370.50785379926623,289.96049947221815,36.00443198845733,-160.16649597742676,37.328001737361674,338.2186757405599,354.3663508097331,29.489999771118164,18.715726766116962
43,2026-03-06,BA,231.11000061035156,231.9600067138672,218.63999938964844,219.47999572753906,10684700.0,4.0,-2.4772899550065404,248.02028021489704,220.28771996820845,51.15661866024328,-91.3352074192326,1.3375419692725352,235.88799896240235,229.8585001627604,29.489999771118164,18.715726766116962
43,2026-03-06,CAT,678.3477783203125,693.7199341079731,672.539614127826,679.9118399139131,3564400.0,4.0,9.621586203919719,791.2811432978864,696.6904265263323,50.976574581953315,-56.02126215772637,2.421654577735135,716.2039835611979,658.9730285644531,29.489999771118164,18.715726766116962
43,2026-03-06,CRM,201.0867919921875,201.9324948273444,196.37078340395692,199.7734673796906,9657400.0,4.0,-4.656949364052309,202.39603127108606,177.33971701992957,44.65366286229314,14.482631219416259,5.910818588427869,197.44830118815105,225.05633977254232,29.489999771118164,18.715726766116962
43,2026-03-06,CSCO,77.9246597290039,78.79665218916763,77.63729677326943,77.80574857352924,20621200.0,4.0,0.21044596085648948,85.74853797944947,72.65037788358764,51.22182441789158,-22.261812119527395,0.08319063947364931,79.00111185709635,77.27057456970215,29.489999771118164,18.715726766116962
43,2026-03-06,CVX,186.58770751953125,189.01411511886573,184.79982192444976,187.5111196409924,13073100.0,4.0,4.877650104474981,187.7368141517328,174.73158031848203,67.51620629659168,114.92212003517547,40.831698937603086,177.0467748006185,164.3407320658366,29.489999771118164,18.715726766116962
43,2026-03-06,DIS,100.76787567138672,101.03581921988877,99.18996233036073,100.61901477938359,10448600.0,4.0,-1.6877066272339363,108.93076791030585,100.224589450534,42.52201055412857,-152.84549562744164,26.000053790124433,105.69379374186198,108.62500534057617,29.489999771118164,18.715726766116962
43,2026-03-06,GS,817.8157348632812,823.5305390186446,797.8139203195095,812.4195338956446,2473000.0,4.0,-19.663729298386443,964.3002515543642,822.341429353839,42.228925335820186,-233.88441470965194,21.49575958008654,901.9713521321614,904.7890675862631,29.489999771118164,18.715726766116962
43,2026-03-06,HD,352.89605712890625,354.4045800289114,348.26201680119505,352.521386197404,4167400.0,4.0,-3.2175882527997146,392.2158276395683,354.5982379121895,44.09306875745743,-224.70441754413008,18.919253600708306,373.86451822916666,363.74015146891276,29.489999771118164,18.715726766116962
43,2026-03-06,HON,244.681640625,246.4182912598592,243.46493213322017,244.71283866658388,3678508.0,4.0,4.837895014161489,256.8952393317273,244.5677962517688,57.562617893822555,-1.2319490653982663,29.85646116146518,245.19727986653646,227.35228983561197,29.489999771118164,18.715726766116962
43,2026-03-06,IBM,255.12863159179688,255.6707124482918,248.58409259969073,252.75327550932764,6234400.0,4.0,-10.19072919222711,292.99645591540536,212.96794075207512,44.92743516703609,-38.00571966146925,13.818511997837682,266.02821095784503,281.3931526184082,29.489999771118164,18.715726766116962
43,2026-03-06,JNJ,239.0253448486328,239.41311415382512,234.08376296078876,236.75838349957985,7179800.0,4.0,4.6541767471737785,248.4108729388553,234.73793382384,62.577456922974015,14.048989533593064,13.541677870226179,236.36180674235027,221.95326512654623,29.489999771118164,18.715726766116962
43,2026-03-06,JPM,286.7144470214844,287.21955415339994,280.99955170429564,283.6044306839189,13496500.0,4.0,-4.32849950286203,319.60602748305973,284.4157651194794,42.18837186687108,-179.2671826747365,27.917258852790265,302.45098571777345,308.54791666666665,29.489999771118164,18.715726766116962
43,2026-03-06,KO,76.02306365966797,76.17108514740708,75.34216933327939,75.78623379649675,15516000.0,4.0,0.9328931799392421,80.73892152578209,75.5139349195304,54.70139103929286,-24.555644821910153,8.370362539622757,76.70066630045572,72.9641492207845,29.489999771118164,18.715726766116962
43,2026-03-06,MCD,325.85003662109375,326.1182068663141,319.155450017908,324.09197105620905,3341200.0,4.0,4.014170678452274,334.96168355243776,318.063758952445,56.78713209318125,22.700095257915493,13.7618560806358,321.87640075683595,313.8675801595052,29.489999771118164,18.715726766116962
43,2026-03-06,MMM,152.6206817626953,153.3270201847866,150.9791621995567,153.3170771014754,4938100.0,4.0,-1.6386553401081585,176.0251289118372,153.86489031423704,42.66569060784999,-124.00165403350763,12.31638334529265,162.24745534261066,162.21278533935546,29.489999771118164,18.715726766116962
43,2026-03-06,MRK,114.11803436279297,114.67980346415247,112.17647926113138,113.49713404630998,12809300.0,4.0,1.4159583516902785,123.64333530558129,113.95062602864722,54.23218181860974,-32.52244560047021,9.422799274450389,115.8706876118978,109.87080167134603,29.489999771118164,18.715726766116962
43,2026-03-06,MSFT,407.30938720703125,411.38287590243635,406.8612216895844,407.54843921074234,31123900.0,4.0,-8.250207796544316,413.6231549862103,384.75940421789124,42.295928650720185,-12.511617491138482,17.37363233491225,412.0242563883464,442.4155075073242,29.489999771118164,18.715726766116962
43,2026-03-06,NKE,56.50439453125,57.03960634806334,56.256611702821516,56.9603178090165,16323700.0,4.0,-1.2052111692545395,66.2100821841799,56.87051473964823,40.46030043531617,-229.99323832049936,14.868761213351764,61.696818033854164,62.34563528696696,29.489999771118164,18.715726766116962
43,2026-03-06,NVDA,177.6033935546875,182.53736302725528,176.6046117177772,179.62092189230134,189021900.0,4.0,-1.220847468326781,195.6750839350868,176.19435423629992,46.373141016500234,-97.3932453696743,13.668343817347402,185.54269663492838,184.58769454956055,29.489999771118164,18.715726766116962
43,2026-03-06,PG,151.35195922851562,152.14008469864805,149.63775476266505,151.3815131820191,8187900.0,4.0,1.5042146069964986,165.02145352539048,150.87885012451187,50.115532601334934,-65.7345083386937,1.5149020553345474,155.2476593017578,147.85918757120768,29.489999771118164,18.715726766116962
43,2026-03-06,SHW,328.26812744140625,330.05932003710524,323.5015240941424,329.25328033219455,1827100.0,4.0,-3.1796939421141133,377.41492964058966,335.37115739554315,41.66789836797438,-232.2187794045295,21.023305241800692,355.0145629882812,344.17969818115233,29.489999771118164,18.715726766116962
43,2026-03-06,TRV,303.9280700683594,304.8706947914364,298.48077109043896,302.40996886400774,1268500.0,4.0,5.364877797541169,311.7851860798929,289.8189582072165,59.85704564046931,63.52481165285981,13.048910786494039,295.15747884114586,288.4822926839193,29.489999771118164,18.715726766116962
43,2026-03-06,UNH,282.6556396484375,287.44087037641276,279.27140562669894,283.5041446062434,6816900.0,4.0,-4.229486161705665,294.95258016091447,268.5264634181871,44.15495249792672,-18.647248946175335,25.242982310570405,285.7704844156901,308.53662160237633,29.489999771118164,18.715726766116962
43,2026-03-06,V,316.1161804199219,316.4449040988039,311.07601412616293,314.81131703544906,6439700.0,4.0,-2.8900567359074216,331.0412742131311,305.8226173884314,44.59139442130169,-79.57205568348428,20.05845093535092,321.04787190755206,331.1889419555664,29.489999771118164,18.715726766116962
43,2026-03-06,VZ,49.51836395263672,49.64429197180079,48.8306097702119,49.48930506174478,23562600.0,4.0,1.9027650911890461,50.3387057406058,45.092636956537746,71.13543881340256,87.6968210266707,48.14979102918362,45.60332717895508,41.9852679570516,29.489999771118164,18.715726766116962
43,2026-03-06,WMT,123.0166244506836,123.40415601182839,120.85041869758626,121.72484752612267,21553000.0,4.0,0.9068528447195376,132.5638739002116,120.53834167596027,53.28000641768968,-36.101728748282746,1.1018002159562468,124.51639887491862,119.44122886657715,29.489999771118164,18.715726766116962
44,2026-03-09,AAPL,259.41705322265625,260.68477987096253,253.22808575123491,255.2345148744848,38218500.0,0.0,-1.144178687670717,277.3055868115794,253.04796390863538,47.2460801979622,-80.31830855524424,10.156200517594135,265.14034983317055,265.14032389322915,25.5,39.410756553808696
44,2026-03-09,AMGN,371.9708557128906,373.79632816738416,361.6693021961667,363.38621774466316,2719900.0,0.0,6.5431768573173485,385.0513920685364,355.5770259002136,58.297040769728625,41.8916782997685,18.43675165747722,362.1716379801432,342.41488291422525,25.5,39.410756553808696
44,2026-03-09,AMZN,213.49000549316406,213.82000732421875,207.11000061035156,210.4499969482422,54642900.0,0.0,-2.8229826934673383,218.4945679138873,197.6084334899213,45.908777708649,-27.281710392390334,17.107111414937865,217.19166717529296,225.3319999694824,25.5,39.410756553808696
44,2026-03-09,AXP,303.58660888671875,304.5011890408295,290.7126478279949,292.8003212886472,4695000.0,0.0,-13.792319737488981,367.43754676044466,287.6853871995163,37.74319345661593,-136.4166464887929,34.291046905512395,336.3526987711588,353.4099446614583,25.5,39.410756553808696
44,2026-03-09,BA,225.0,227.58999633789062,220.4499969482422,226.75,8400100.0,0.0,-2.676273460052954,247.03317703881817,219.4718232663576,47.92880805530845,-116.00553264967677,1.3375419692725423,234.98299916585287,230.2690002441406,25.5,39.410756553808696
44,2026-03-09,CAT,702.1781005859375,705.9738169690279,660.3653868983685,662.7264984623016,3584400.0,0.0,6.989585215091665,793.0357531987396,692.8058300532135,53.9837617023518,-48.81255939231291,5.979919210496428,718.80087890625,660.830165608724,25.5,39.410756553808696
44,2026-03-09,CRM,197.78359985351562,202.63889924293775,194.8783844557345,197.5547685014358,10754800.0,0.0,-4.027476423709459,203.25773539740618,177.21824574273052,43.46601304862077,13.694961686924506,7.190217838716673,196.4779057820638,224.03139979044596,25.5,39.410756553808696
44,2026-03-09,CSCO,75.51676177978516,76.85448011593519,74.51594703585307,76.47793947286904,32855900.0,0.0,-0.050816537301159315,85.09975388616634,72.44599348932194,47.70904065666654,-99.73752263644349,10.716497476161887,79.05462061564127,77.22306378682454,25.5,39.410756553808696
44,2026-03-09,CVX,186.09652709960938,188.26751384691508,184.78999881305094,187.62899185993876,15987500.0,0.0,4.751822127712643,188.08922794808745,175.39414149771335,66.86356042809611,107.02474985129707,40.800666735057774,177.8436284383138,165.03473815917968,25.5,39.410756553808696
44,2026-03-09,DIS,100.886962890625,101.09536510466263,97.70136563944882,99.78540292258373,11715100.0,0.0,-1.7591089432496858,108.58915051611318,99.86756106225597,42.68522576967981,-158.8579032175766,29.179302236160858,105.38548940022787,108.54824727376302,25.5,39.410756553808696
44,2026-03-09,GS,828.3792114257812,833.0087714913384,791.5116641162913,806.4458464581081,3258200.0,0.0,-21.358185416400374,964.1796886397118,813.316521077085,43.627064601206634,-189.14884761884815,18.928095729835416,899.248701985677,904.1259745279948,25.5,39.410756553808696
44,2026-03-09,HD,348.59722900390625,351.48609464151224,340.788415463621,350.60860283243505,4224500.0,0.0,-4.379922581488074,393.4063727599015,350.29303519908285,42.63026805311855,-233.2878516918232,24.037813815876717,372.8716532389323,363.87637888590496,25.5,39.410756553808696
44,2026-03-09,HON,247.07342529296875,247.90536294918212,240.00200060512634,243.47531686833202,3246763.0,0.0,4.222675101399716,256.8618811022214,244.64146667609893,58.85941913376813,-5.0889197419601935,21.87651148239307,245.7943318684896,228.19045232137043,25.5,39.410756553808696
44,2026-03-09,IBM,249.68797302246094,254.36966904483546,247.9532812853346,251.70850396227684,6126600.0,0.0,-9.286051301776297,286.13434801133553,215.50263624159416,43.485055093980066,-42.371199620415666,14.191316919043603,264.7977549235026,280.4832605997721,25.5,39.410756553808696
44,2026-03-09,JNJ,241.20281982421875,242.6942425341329,238.66739818305737,239.49265390312758,7844000.0,0.0,4.265719884533382,248.31381930194092,235.21967984356687,63.98668590413463,43.046935932071406,18.365935350572173,237.14444224039713,222.67722447713217,25.5,39.410756553808696
44,2026-03-09,JPM,287.1502685546875,288.31898819476027,277.77073879547015,282.7724816341387,12241100.0,0.0,-4.761119119951388,317.19863181035424,283.6061930187473,42.4118684482956,-170.18112431940483,29.87764252099599,302.19347025553384,308.3953786214193,25.5,39.410756553808696
44,2026-03-09,KO,76.77304077148438,77.03947345108865,75.51980059198543,75.60861650431106,18554100.0,0.0,0.7868274838334912,80.74736719049912,75.38411398015518,56.42795066627425,-11.966677462426992,12.740771701293033,76.86250178019206,73.09095319112141,25.5,39.410756553808696
44,2026-03-09,MCD,328.5715637207031,329.46552514763164,322.3934633493387,323.6052460688667,3407500.0,0.0,3.797547266862864,335.12573981737745,318.4417681171929,58.3999023123075,51.628886684948654,17.788473685927528,322.6467742919922,314.22741444905597,25.5,39.410756553808696
44,2026-03-09,MMM,150.849853515625,152.13320965875556,146.95996720894973,150.71057443667843,6235100.0,0.0,-2.2819204530821935,176.29169337447598,151.5838696748404,41.538388891726186,-138.77335128548165,17.777772286541595,161.90511627197264,162.00183436075847,25.5,39.410756553808696
44,2026-03-09,MRK,115.4189682006836,115.56680375063868,112.46228727849561,113.31972745285235,8321600.0,0.0,1.1245778301360474,123.58493596439746,113.53398493404003,55.58290714515138,-26.01877337855521,11.532301036414855,116.16405588785807,110.21642290751139,25.5,39.410756553808696
44,2026-03-09,MSFT,407.757568359375,408.55432729115563,401.8714182880504,403.2857003455267,30131900.0,0.0,-7.168131948220832,414.5742923086104,384.72290922947553,42.44701776363231,-16.880203612450213,19.784443880705833,410.1824228922526,441.06283009847004,25.5,39.410756553808696
44,2026-03-09,NKE,56.02865219116211,56.20705613085387,54.898763093691585,55.24566132347709,18053100.0,0.0,-1.4326037469109991,66.41898665960588,55.970937961976155,39.83355728741129,-230.82248745352334,19.214342926402118,61.429835637410484,62.24020500183106,25.5,39.410756553808696
44,2026-03-09,NVDA,182.427490234375,182.68718325690133,175.34613090826778,176.61458806542097,177213600.0,0.0,-1.2085178781154582,195.659225157438,175.9345477307456,48.90097767181762,-73.34044423007253,14.86647083099029,185.3755671183268,184.5490748087565,25.5,39.410756553808696
44,2026-03-09,PG,152.9183807373047,153.91339892648327,150.63277475529094,150.8790677258081,12494900.0,0.0,1.083512768795572,165.16506055133172,150.34609972698857,51.66074718050776,-46.78359465607992,5.248428195898296,155.41415354410807,148.13133112589517,25.5,39.410756553808696
44,2026-03-09,SHW,331.77093505859375,331.8505611689841,319.7997172516724,322.93431964998547,2189600.0,0.0,-4.26359077012421,378.6662323262574,331.3552917215942,43.34032784259777,-204.85467989018298,23.74459396677294,354.5385325113932,344.39478403727213,25.5,39.410756553808696
44,2026-03-09,TRV,300.83233642578125,302.5389625734535,297.5877754998,302.0031532428337,1734900.0,0.0,4.743182148575386,311.8418366409341,289.93098745574554,57.18810725076473,42.608072091269264,11.528896893472787,295.9998769124349,288.8978688557943,25.5,39.410756553808696
44,2026-03-09,UNH,283.550537109375,283.5803655260448,277.0774975936055,280.39852614134315,10348800.0,0.0,-3.9968633249984578,294.83324378514527,269.70516869044064,44.47173042141866,-19.25497443250265,26.516206891986737,283.5053649902344,307.94112904866535,25.5,39.410756553808696
44,2026-03-09,V,314.73162841796875,315.15993583491843,308.9344312933075,312.2314560667069,8381500.0,0.0,-2.9017664667586587,329.2335692280676,306.1434083109949,43.953860138932605,-91.98951756767978,21.983764113058264,320.7311594645182,331.0252843221029,25.5,39.410756553808696
44,2026-03-09,VZ,48.86935806274414,49.498990776467195,48.78217769374501,49.40212534210348,29057400.0,0.0,1.7984607308305627,50.21255134519468,45.61982055727114,67.9647676559486,79.15842560081266,47.56283552114533,45.956245549519856,42.16276925404866,25.5,39.410756553808696
44,2026-03-09,WMT,123.55319213867188,123.72212216670478,121.7248390120394,122.90731130268519,19375900.0,0.0,0.712569285682946,132.08673780637565,120.33580552858531,53.80957653352099,-31.29702165002523,1.8839765072280041,124.73533782958984,119.5987932840983,25.5,39.410756553808696
45,2026-03-10,AAPL,260.3653564453125,262.01244158439727,256.4922936817907,257.19102845716964,30590800.0,1.0,-1.2599710331804772,276.02575801724646,252.95124851351528,47.83464204395602,-64.4263797309998,8.464085080746415,265.3286392211914,264.84602610270184,24.93000030517578,22.63657454801266
45,2026-03-10,AMGN,370.4512634277344,374.2304891091192,367.7969341986277,371.1814704646573,2284500.0,1.0,6.045209904224407,385.1287348416753,355.71638844934034,57.68431748606796,48.115379385914714,18.73445219880926,363.0974090576172,343.4381357828776,24.93000030517578,22.63657454801266
45,2026-03-10,AMZN,214.3300018310547,215.64999389648438,212.42999267578125,214.19000244140625,35678800.0,1.0,-2.446534647960476,219.14547117115245,197.5185302936913,46.38538065594922,-10.267096713844644,14.826737902133683,216.38866729736327,225.04116668701172,24.93000030517578,22.63657454801266
45,2026-03-10,AXP,301.3696594238281,306.43971429244465,299.2521635998846,304.1532338312818,3488800.0,1.0,-13.81309871100774,363.6370391460411,285.86807865181044,37.21069212543137,-114.4728009091461,32.4998817672215,334.3611297607422,352.2238250732422,24.93000030517578,22.63657454801266
45,2026-03-10,BA,217.75999450683594,226.11000061035156,217.02999877929688,224.10000610351562,9285300.0,1.0,-3.3792236704693153,246.22823521046854,217.58176387400414,44.48792978374531,-152.048779744736,3.385646578320352,233.96066589355468,230.58633346557616,24.93000030517578,22.63657454801266
45,2026-03-10,CAT,713.9935913085938,728.0506868288134,707.6176175352949,710.1082465419832,3089100.0,1.0,5.7903690539699255,793.4049891113885,689.9021275878303,55.387413251982245,-6.829894930079656,11.963157275113195,721.4827860514323,662.536518351237,24.93000030517578,22.63657454801266
45,2026-03-10,CRM,193.92324829101562,198.55966012327272,189.6350706142157,196.2613420240266,14467400.0,1.0,-3.7963507241677803,203.34709919428914,177.21643687748818,42.11190752999521,-8.97303498758618,11.560954342422395,195.334060160319,222.88947321573895,24.93000030517578,22.63657454801266
45,2026-03-10,CSCO,76.99320983886719,78.29129874865149,76.39866916659692,76.43830621941424,24836000.0,1.0,-0.13715093955144653,83.69669069924115,72.94931607566119,49.888924970732525,-53.37303318560358,5.376321153116394,79.07741114298503,77.18800455729166,24.93000030517578,22.63657454801266
45,2026-03-10,CVX,183.0021209716797,185.8411141381038,182.36359895781828,185.30083319844417,11999600.0,1.0,4.352239923431995,188.0744977927382,175.94513111351176,62.90090784278013,71.59615242673075,33.29543644316897,178.5120417277018,165.62982660929362,24.93000030517578,22.63657454801266
45,2026-03-10,DIS,100.54954528808594,101.4625476354206,99.47775597353863,100.97627579824574,7833100.0,1.0,-1.8219206070742615,108.47865613306776,99.40147387181504,42.33288509616538,-136.78167613502285,27.778492849112002,105.05502166748047,108.43612937927246,24.93000030517578,22.63657454801266
45,2026-03-10,GS,830.1513671875,842.3775135994551,822.7240786469663,831.0175448995619,1871900.0,1.0,-22.300984075830797,960.0532352651178,807.0019954477727,43.862845520182134,-138.96152503425938,16.412426301746624,896.1566121419271,903.2834431966146,24.93000030517578,22.63657454801266
45,2026-03-10,HD,352.1368103027344,356.5638062786719,346.09285005224245,348.0845153095286,3986000.0,1.0,-4.9583099709357725,393.86091187863656,347.4869702014415,44.2068649508152,-170.52409202561168,18.76805097020821,371.90606486002605,363.97530364990234,24.93000030517578,22.63657454801266
45,2026-03-10,HON,250.21397399902344,255.04957950262104,246.0647102572927,246.25189850052655,4852457.0,1.0,3.943071646569109,256.8500550411032,244.856582532139,60.499024624062855,45.65476509689386,30.934499013904947,246.50641632080078,229.048361714681,24.93000030517578,22.63657454801266
45,2026-03-10,IBM,246.60296630859375,249.796391469329,243.00544699260627,249.61897144068965,4938000.0,1.0,-8.717531537979141,278.6359515959399,218.61894952710696,42.68128204174646,-51.84304780232493,17.101065892577196,263.33738708496094,279.4861801147461,24.93000030517578,22.63657454801266
45,2026-03-10,JNJ,242.31643676757812,243.59905368087047,239.44296282285708,240.91449571542952,7214100.0,1.0,4.001596686954514,248.04471981226143,236.11835239232843,64.69016289500613,49.76107193656378,19.64500597447928,237.91969197591146,223.3112813313802,24.93000030517578,22.63657454801266
45,2026-03-10,JPM,285.97161865234375,289.9532025593205,284.43640849634494,286.52626625452876,8344900.0,1.0,-5.139831699681849,314.28890654375795,283.21079743573426,41.958062166381126,-136.2191552442062,28.05419614540018,301.7870564778646,308.06543731689453,24.93000030517578,22.63657454801266
45,2026-03-10,KO,76.85197448730469,77.37498476510837,76.08227176002292,76.45726054519106,17243900.0,1.0,0.6697185598407884,80.75105235277715,75.37154667676387,56.608021742752925,-7.1546780541170305,14.373119557447623,77.03749440511068,73.21709912618002,24.93000030517578,22.63657454801266
45,2026-03-10,MCD,325.7308349609375,327.42930706038254,324.5091099423211,326.1281342989602,2391400.0,1.0,3.3579403365837948,334.9903011250873,318.9892887186627,56.137585131583926,37.384200551659745,17.788473685927528,323.200634765625,314.5441833496094,24.93000030517578,22.63657454801266
45,2026-03-10,MMM,154.4512176513672,155.7047293152309,150.8299465532581,151.61587521657287,5891100.0,1.0,-2.472609992839324,176.06445912579787,150.3915116383623,44.616979078496634,-90.42467045086997,11.39947133782925,161.78714599609376,161.84149703979492,24.93000030517578,22.63657454801266
45,2026-03-10,MRK,115.39926147460938,117.28168541273273,114.98532791894411,115.54709703569812,9739300.0,1.0,0.8819004994294204,123.62327415916396,113.44045569923448,55.557213257916295,-9.401157873453634,15.469679542079293,116.48239186604818,110.54982617696126,24.93000030517578,22.63657454801266
45,2026-03-10,MSFT,404.122314453125,408.5443965203919,401.30371964643086,408.37506928692744,31706400.0,1.0,-6.528655376406391,413.4260271453914,385.1841443633977,41.534502483378525,-16.98424933372016,20.05896265945662,408.07599080403645,439.8724843343099,24.93000030517578,22.63657454801266
45,2026-03-10,NKE,55.582645416259766,56.73235757917769,55.30512607978587,56.197145766905756,15706400.0,1.0,-1.630013244247607,66.69354078775372,55.109784483852714,39.243999124671674,-195.80324883018778,16.82771157850839,61.149627431233725,62.086972872416176,24.93000030517578,22.63657454801266
45,2026-03-10,NVDA,184.54490661621094,186.21287029543888,181.78825925636124,182.17778352587916,179118500.0,1.0,-1.016174950730914,195.22473903166207,175.842675824295,49.97174599689674,-15.076588473756273,10.425060956609022,185.3189692179362,184.56555455525717,24.93000030517578,22.63657454801266
45,2026-03-10,PG,153.6966552734375,154.8197505838155,151.32240253399604,153.18437673363664,7756800.0,1.0,0.8036399210214427,165.22375463758863,150.15736108506763,52.41829645117886,-39.09228740744728,7.110303160248166,155.62826385498047,148.41334838867186,24.93000030517578,22.63657454801266
45,2026-03-10,SHW,328.7159118652344,335.58222103896946,327.6511632321502,330.8255785259606,1418600.0,1.0,-5.307915311538295,379.89092552152374,327.19755714449184,42.24747317611956,-166.82467716573498,19.452373636454762,353.9669555664062,344.47405904134115,24.93000030517578,22.63657454801266
45,2026-03-10,TRV,301.1808776855469,304.2978516643715,298.7111915345662,300.01573528300645,1517000.0,1.0,4.229849166277802,311.23282888933676,291.6037861008976,57.409290387879416,48.92774869263602,13.888054598055508,296.7219268798828,289.31445871988933,24.93000030517578,22.63657454801266
45,2026-03-10,UNH,280.736572265625,285.9468043127463,277.3161057836816,285.74795833009716,6075600.0,1.0,-3.993536493746433,294.3426129866642,271.0675035904842,43.66601358885405,1.815873052472149,24.156688957395676,281.2983917236328,307.2202982584635,24.93000030517578,22.63657454801266
45,2026-03-10,V,313.1976318359375,315.88706175314735,310.22933095030214,314.1937124870568,5271300.0,1.0,-3.0002422912997986,328.5216822072272,305.8113988474603,43.245214815556004,-84.3259687180289,20.96054051415824,320.2867736816406,330.8488164265951,24.93000030517578,22.63657454801266
45,2026-03-10,VZ,49.12120819091797,49.22776238101381,48.45282785556123,48.73374277578132,20031300.0,1.0,1.7163361199102312,50.15952074275735,46.030289819376435,68.52789647437658,74.18619207380196,43.5616364321147,46.314330164591475,42.34795926411947,24.93000030517578,22.63657454801266
45,2026-03-10,WMT,124.32826232910156,125.30205679217917,122.56945837546142,123.42401703226977,18793600.0,1.0,0.6140613354101134,131.87189027796364,120.16311948766138,54.578915917451475,-16.54136393218047,5.716912240689107,124.98309326171875,119.80034726460775,24.93000030517578,22.63657454801266
46,2026-03-11,AAPL,260.3453674316406,261.6630231774062,259.08760235948154,260.62486739620806,26218900.0,2.0,-1.3379274527396205,274.756490251645,252.93580863751515,47.823007706610774,-57.058123369262624,8.464085080746415,265.4211888631185,264.56386108398436,24.229999542236328,19.582489683548108
46,2026-03-11,AMGN,372.6319885253906,375.0988350860781,368.0535068545756,370.07630898919007,2299200.0,2.0,5.76013455099627,384.5586665844848,357.8158390307496,58.334435563160326,51.31002001957613,19.343553458874325,364.0426259358724,344.46506856282554,24.229999542236328,19.582489683548108
46,2026-03-11,AMZN,212.64999389648438,217.0,211.35000610351562,215.7100067138672,34199300.0,2.0,-2.2577337108144775,219.57639663913594,197.6566035439695,45.55491370559257,-8.429077479418659,13.145340093305572,215.3210006713867,224.74733327229816,24.229999542236328,19.582489683548108
46,2026-03-11,AXP,304.1929931640625,305.047958390873,299.0831947801863,300.6936761009347,3512200.0,2.0,-13.446741098891096,357.81585334148957,286.0018590608542,38.356466906108004,-103.52153711728795,32.58096470338608,332.5895935058594,350.93068237304686,24.229999542236328,19.582489683548108
46,2026-03-11,BA,214.10000610351562,217.94000244140625,213.52999877929688,217.94000244140625,7937400.0,2.0,-4.183423352735957,245.95034361621794,215.01065644481724,42.87812741860605,-192.3002106790994,7.928767549750707,232.9453328450521,230.80950012207032,24.229999542236328,19.582489683548108
46,2026-03-11,CAT,704.937744140625,717.7196092536873,700.9925656471443,710.8255647405732,1947500.0,2.0,4.062421358165011,794.2209327392587,685.621224243163,54.079492644885775,-30.302906296706485,9.794106417924024,723.7635396321615,663.9219787597656,24.229999542236328,19.582489683548108
46,2026-03-11,CRM,193.14720153808594,198.53976040246795,190.32156779555592,195.40569849623307,9580000.0,2.0,-3.6339129430037076,203.40826559561282,177.22292794686763,41.840833870685366,-0.43797770345629716,11.560954342422397,194.19319915771484,221.76524047851564,24.229999542236328,19.582489683548108
46,2026-03-11,CSCO,77.38957214355469,77.78593510833497,76.41849081783751,76.93375738005554,14719900.0,2.0,-0.17161023393713037,82.10139752352678,73.73305911099469,50.46243226309757,-53.80558797663069,5.3763211531163915,79.05825373331706,77.17565002441407,24.229999542236328,19.582489683548108
46,2026-03-11,CVX,188.40505981445312,188.47383156776982,183.19861238702967,183.29683847671672,11371700.0,2.0,4.4205824354739605,188.84491736838044,176.2843428855258,66.48822613878579,107.96072483234128,37.06111700475402,179.31029001871744,166.3261515299479,24.229999542236328,19.582489683548108
46,2026-03-11,DIS,100.12281036376953,101.11520615095836,99.63653854803313,100.62893433522194,8152800.0,2.0,-1.8844109290238862,107.63205277235141,99.34797423570524,41.88060049026253,-135.28568794036607,27.77849284911199,104.73348515828451,108.27369168599446,24.229999542236328,19.582489683548108
46,2026-03-11,GS,820.1454467773438,829.1457584338937,806.9834229987335,826.3082882089209,2227000.0,2.0,-23.58369480666954,954.2381846718627,800.8436268515748,42.816846931363656,-148.59538714424073,19.376543102950958,892.8016398111979,901.9144663492839,24.229999542236328,19.582489683548108
46,2026-03-11,HD,345.9154357910156,351.31852668219665,344.20970807893747,350.4705824133954,3197100.0,2.0,-5.851249510942864,393.5114394740748,344.00696567729244,42.103042718471634,-181.05047493959148,20.070858922054494,370.935878499349,363.8665196736654,24.229999542236328,19.582489683548108
46,2026-03-11,HON,248.9972686767578,251.60744913274718,246.90703032137344,249.33003767314094,3090484.0,2.0,3.5820147072866746,256.74739685658915,244.67868651743433,59.54789762654723,27.70457290420921,30.934499013904958,247.1865676879883,229.855121866862,24.229999542236328,19.582489683548108
46,2026-03-11,IBM,245.29209899902344,250.07237866563906,243.6461096703692,246.4157091112541,4008500.0,2.0,-8.277335593454438,270.2802976881868,222.74726426249683,42.33729475047122,-49.39777829891225,16.872383234219498,261.9140141805013,278.49877700805666,24.229999542236328,19.582489683548108
46,2026-03-11,JNJ,241.6005401611328,242.2965343871637,239.97985597145382,241.4812160284302,6933200.0,2.0,3.6919517551526155,247.5481957721815,237.20154177664665,63.86058450912901,39.81818530706997,19.64500597447927,238.57382456461588,223.87620798746744,24.229999542236328,19.582489683548108
46,2026-03-11,JPM,284.77313232421875,287.70487537204474,282.13854132603683,286.05081661783123,10205000.0,2.0,-5.473576001148103,311.90903198060914,282.54405639829713,41.491070368433256,-141.45545421756893,29.49406659622278,301.364794921875,307.59605102539064,24.229999542236328,19.582489683548108
46,2026-03-11,KO,76.60527038574219,76.68421618138987,75.58886773500595,76.68421618138987,11546800.0,2.0,0.5506543342535792,80.66962843435924,75.53388795358022,55.86159636684981,-33.79110821133891,11.208240704043455,77.17169876098633,73.35722465515137,24.229999542236328,19.582489683548108
46,2026-03-11,MCD,323.01922607421875,325.44279152716126,320.2480426332539,324.8269729847246,2200500.0,2.0,2.758941145697179,334.91740651934623,319.16655954510685,54.06928969112628,-5.778799001495125,10.744296756256782,323.62525634765626,314.829258219401,24.229999542236328,19.582489683548108
46,2026-03-11,MMM,154.3716278076172,154.59049709266176,152.12326127430907,153.08827170920182,3551100.0,2.0,-2.600181785109555,175.1156578405916,149.60078197874435,44.563328723708025,-86.67035297062618,11.399471337829253,161.71505279541014,161.6313028971354,24.229999542236328,19.582489683548108
46,2026-03-11,MRK,114.53196716308594,115.26127971537672,113.62525344734834,115.0740283622925,6760700.0,2.0,0.6125326684758647,123.70981252947503,113.2612743540699,54.41207191531041,-44.259540742003566,11.40181492651072,116.75473505655924,110.84613596598307,24.229999542236328,19.582489683548108
46,2026-03-11,MSFT,403.245849609375,407.35918518479474,399.96912002302975,403.9330670994013,25512100.0,2.0,-6.023157760652566,412.1600532664746,385.70823591809574,41.31298777177995,-13.836708525919928,20.718804799648048,405.59917602539065,438.5862131754557,24.229999542236328,19.582489683548108
46,2026-03-11,NKE,55.20601272583008,57.089159878178634,54.91858374892139,57.089159878178634,20245300.0,2.0,-1.7961479283576125,66.85079608813288,54.266236916627854,38.74307554944838,-174.5753650486175,18.07618335208275,60.91922238667806,61.89546432495117,24.229999542236328,19.582489683548108
46,2026-03-11,NVDA,185.8134307861328,187.40157611978597,184.23526832414757,185.6935753620157,145280400.0,2.0,-0.7527057724076087,195.0132305058756,175.8044956293783,50.61311839232855,9.174483698901923,8.95569023968475,185.2364054361979,184.65061874389647,24.229999542236328,19.582489683548108
46,2026-03-11,PG,151.04656982421875,153.07602162573,149.18458041692423,152.92823681446026,8855100.0,2.0,0.36380520478184053,165.50037092313363,149.31328569307732,49.676039009432614,-83.72031748722256,2.209648784065075,155.79180297851562,148.6358721415202,24.229999542236328,19.582489683548108
46,2026-03-11,SHW,321.1629943847656,328.5467515977958,320.1678806582282,327.6909380013739,1530800.0,2.0,-6.668141172210312,381.19727626527794,321.80074009214394,39.68798707004108,-196.03578725344994,24.85922919212041,353.21808471679685,344.37730967203777,24.229999542236328,19.582489683548108
46,2026-03-11,TRV,298.1535339355469,300.04561779072776,296.3809456347208,300.04561779072776,1296400.0,2.0,3.5379642893634013,311.1547681275098,291.8684069213183,54.86249566272098,12.59551507633477,9.872628837422472,297.3576192220052,289.6056793212891,24.229999542236328,19.582489683548108
46,2026-03-11,UNH,283.63006591796875,284.59455850401093,279.00647932593364,280.7763694963311,6878800.0,2.0,-3.7145996081768544,293.26822112059426,273.5476358129995,44.73115175388691,16.80325452695837,24.156688957395676,281.45519104003904,306.4102188110352,24.229999542236328,19.582489683548108
46,2026-03-11,V,307.74908447265625,313.84509349123954,307.18134157627605,312.0222791858673,6376700.0,2.0,-3.477846874648776,327.3398244763587,305.0797830675866,40.82666307059289,-116.50406203842385,23.73464548760269,319.7677927652995,330.2518529256185,24.229999542236328,19.582489683548108
46,2026-03-11,VZ,49.09214782714844,49.28588237649025,48.49157404985009,49.28588237649025,21554200.0,2.0,1.6301158843880614,50.08610438514065,46.422398193594695,68.38440731568546,74.0076124037879,43.83962984490027,46.68113276163737,42.52790412902832,24.229999542236328,19.582489683548108
46,2026-03-11,WMT,122.70858001708984,124.69592445210162,122.27136939654707,124.51706314970588,18176500.0,2.0,0.40067946531611653,131.8969601460976,119.81908141884382,52.68203264442971,-42.99396598193448,4.916953972636935,125.20004501342774,119.93623212178548,24.229999542236328,19.582489683548108
47,2026-03-12,AAPL,255.30438232421875,258.48871731031414,253.72719511663234,258.1992253881205,40794000.0,3.0,-1.7858872492514024,273.06258457461377,252.65923091610887,44.96958996163825,-109.01336006647148,14.161280759256039,265.40653839111326,264.1935241699219,27.290000915527344,55.92173341179959
47,2026-03-12,AMGN,362.91259765625,370.02697452144474,362.88299670280315,368.5567436454653,1990500.0,3.0,4.695806332541338,384.1371345213868,358.60568469248034,54.47561638892022,5.696764628248977,14.076785774764794,364.96111450195315,345.3241322835286,27.290000915527344,55.92173341179959
47,2026-03-12,AMZN,209.52999877929688,211.7100067138672,208.14999389648438,210.38999938964844,44349500.0,3.0,-2.332972088942199,219.64305786225881,198.13494201567087,44.04011302361623,-28.588040066896607,16.155845418686308,214.2050008138021,224.46966654459635,27.290000915527344,55.92173341179959
47,2026-03-12,AXP,300.1170959472656,303.04975318923266,296.97565013508995,298.7750180657894,3602400.0,3.0,-13.33161236482465,353.542034797392,285.09428417233454,37.33890827785283,-103.77117855332322,33.60997853429253,330.7637135823568,349.6081278483073,27.290000915527344,55.92173341179959
47,2026-03-12,BA,204.75999450683594,212.61000061035156,204.3000030517578,212.2100067138672,10758600.0,3.0,-5.510892138831167,247.9084396129838,209.90256044805133,39.13930815184532,-239.301419051919,18.39704548821569,231.71766611735026,230.8158332824707,27.290000915527344,55.92173341179959
47,2026-03-12,CAT,698.0635986328125,701.1320708617518,677.2120580717838,690.4024207095666,3231800.0,3.0,2.1139558994821073,791.3711733415133,681.0678403303617,53.0949458228718,-71.0508730485868,2.425936470510812,725.6700337727865,665.6520629882813,27.290000915527344,55.92173341179959
47,2026-03-12,CRM,198.27110290527344,203.8228548323795,192.17213242968643,193.14718190935727,26309700.0,3.0,-3.056490493221986,204.23158331840145,177.8203804877509,44.290180701629204,54.801839729702365,6.16969202985,193.24203847249348,220.72839228312174,27.290000915527344,55.92173341179959
47,2026-03-12,CSCO,77.03284454345703,77.41929634665205,76.25002978416606,76.25002978416606,19969500.0,3.0,-0.22510948699424205,80.21034039135012,74.85121127490964,49.93040009126141,-61.13630913948274,5.945523591805251,79.01795705159505,77.18149782816569,27.290000915527344,55.92173341179959
47,2026-03-12,CVX,193.49363708496094,195.36993069889576,188.38541595427884,189.18111769906702,27151800.0,3.0,4.8296765227784135,191.0879066990323,175.31351389422943,69.37353968553771,185.373915338659,45.41158670549328,180.24962107340494,167.11912206013997,27.290000915527344,55.92173341179959
47,2026-03-12,DIS,98.67391967773438,100.11289063181937,98.61437834957015,99.3388230801665,10309400.0,3.0,-2.027476837938522,107.32545624974985,98.79217909570913,40.3658243538281,-155.44781933090545,30.03859516096119,104.39838638305665,108.08480580647786,27.290000915527344,55.92173341179959
47,2026-03-12,GS,784.0645141601562,803.6681201830515,780.6594767923647,801.786398600958,3533000.0,3.0,-27.198158581698635,952.2650931811527,787.6709846997067,39.319148458730815,-181.5831758676063,24.036784033343846,888.0099039713542,900.3249491373698,27.290000915527344,55.92173341179959
47,2026-03-12,HD,336.40673828125,346.07424686049404,336.1784699632124,343.4638217479043,3893600.0,3.0,-7.2426936868164375,393.72577745380124,338.9136817747144,39.15669944687137,-201.91110599759125,25.352756755705798,369.815033976237,363.56326955159506,27.290000915527344,55.92173341179959
47,2026-03-12,HON,242.71617126464844,249.34042871662888,242.49778499425634,247.26059982143826,4379235.0,3.0,2.757258454663088,257.29832383406057,243.28532179582223,54.93559939038883,-39.255296144184776,21.62096107136282,247.80463205973308,230.5604741414388,27.290000915527344,55.92173341179959
47,2026-03-12,IBM,244.11920166015625,246.45513939440448,242.1085364989427,243.54755331074583,5547700.0,3.0,-7.93168858026408,266.58746704082273,223.96322113056397,42.02380393054441,-53.39688273151388,17.797565245025606,260.4417434692383,277.51632664998374,27.290000915527344,55.92173341179959
47,2026-03-12,JNJ,240.6559600830078,243.00246573676242,238.92591946160707,240.07928999023173,7710200.0,3.0,3.3319278079912635,247.3632636907686,237.6304359552275,62.762014364244955,29.885725950841653,17.35297631534615,239.08833770751954,224.3995122273763,27.290000915527344,55.92173341179959
47,2026-03-12,JPM,280.1874084472656,281.167940752382,276.4336079693154,280.1279538528093,13760500.0,3.0,-6.0384923756589615,311.49205198615863,280.194721695482,39.74032371584071,-170.7279430574346,32.940932376783564,300.7744903564453,307.03150177001953,27.290000915527344,55.92173341179959
47,2026-03-12,KO,76.58554077148438,77.12828372746395,75.88491374656532,76.39804638147584,16842200.0,3.0,0.4495212613968391,80.69992246315348,75.40590105369222,55.800724903889865,-33.28689719663927,13.43836053994093,77.32136357625326,73.47383155822754,27.290000915527344,55.92173341179959
47,2026-03-12,MCD,321.7279968261719,325.11502913445713,319.8408021628804,321.0724392524395,2639600.0,3.0,2.1551948179993587,334.59007789273664,319.7417580447634,53.10546591737655,-22.963496446281,10.093351677867576,324.0506276448568,314.9774108886719,27.290000915527344,55.92173341179959
47,2026-03-12,MMM,148.33287048339844,152.69032458818117,147.50713910132632,151.9740278514507,5683000.0,3.0,-3.1522237247448857,174.71463972391723,147.7158366554773,40.720114371142806,-126.48373609373436,17.57364088905621,161.5113265991211,161.31551132202148,27.290000915527344,55.92173341179959
47,2026-03-12,MRK,114.2363052368164,114.91633677392659,112.64955245151127,113.80265627112442,8349200.0,3.0,0.37092350003803176,123.86832869880521,112.76766907341158,54.01940833268697,-67.23811088734803,8.563505725205019,117.05073165893555,111.11650810241699,27.290000915527344,55.92173341179959
47,2026-03-12,MSFT,400.238037109375,404.4808530373378,400.08864860368743,402.99687655683135,27263900.0,3.0,-5.798412104313741,412.0270230219322,385.6829928472084,40.54531912925517,-13.558907405128833,20.718804799648044,402.98731994628906,437.3316263834635,27.290000915527344,55.92173341179959
47,2026-03-12,NKE,53.649940490722656,54.968143206820244,53.55082508820696,54.78973926315801,18611800.0,3.0,-2.029972626362813,67.16188098950597,53.181189994380745,36.73879671545207,-196.17491472763848,22.343115243687492,60.66484514872233,61.682451756795246,27.290000915527344,55.92173341179959
47,2026-03-12,NVDA,182.9268035888672,184.72471123223085,181.53842231669145,183.83574790315467,155762700.0,3.0,-0.7679784629913229,194.49546274024794,175.63309408348255,49.13039419196043,-27.30752216878519,11.712876556352073,184.9577428181966,184.78595225016275,27.290000915527344,55.92173341179959
47,2026-03-12,PG,148.26837158203125,150.78056294424613,148.10089416222095,149.9530221525258,8489300.0,3.0,-0.20656322418187756,166.00278219485182,147.8749598095427,47.008979210578865,-128.3323384225753,0.1851726785644531,155.89557495117188,148.77818044026694,27.290000915527344,55.92173341179959
47,2026-03-12,SHW,316.14764404296875,323.3025141883073,315.8889047553639,320.2872904338809,1549500.0,3.0,-8.057939908866274,382.0381540122181,316.1375051674694,38.10231564305215,-198.96940772925558,27.728871773592296,352.18553161621094,344.20706532796225,27.290000915527344,55.92173341179959
47,2026-03-12,TRV,300.752685546875,303.0729719487756,292.4374420822163,294.1104406339279,1432300.0,3.0,3.1629102916662077,311.098826529779,292.32914893408815,56.573532649244015,12.692188006955801,3.4850706751878677,298.0544809977213,289.90003458658856,27.290000915527344,55.92173341179959
47,2026-03-12,UNH,275.47662353515625,285.9269470548217,274.7209602020642,283.1627358622739,10512300.0,3.0,-4.104144749927343,293.2325524736542,273.6122961591583,42.39453713797899,-29.236028421233538,26.802319028183675,280.96791280110676,305.380219523112,27.290000915527344,55.92173341179959
47,2026-03-12,V,305.2987365722656,309.7313078758147,304.82060688982915,306.9323235221122,7514900.0,3.0,-4.007874265341968,325.7788927344775,304.3756299706006,39.791339363730636,-139.8552871583089,25.820667279458583,319.1101420084635,329.57760264078775,27.290000915527344,55.92173341179959
47,2026-03-12,VZ,49.04372024536133,49.35369407867107,48.249411835607674,48.869359502227155,26296100.0,3.0,1.5401244296980678,50.15636253936165,46.51293906586295,68.13845045851832,71.64293021474879,40.84930165916396,47.04341506958008,42.69640954335531,27.290000915527344,55.92173341179959
47,2026-03-12,WMT,124.53693389892578,124.59655180269601,121.50623077198969,121.52610846065774,21751600.0,3.0,0.37478538142519824,131.66936033155494,119.70485841844506,54.52754835677125,-46.346225260345165,2.850402063287485,125.49019724527994,120.07915547688802,27.290000915527344,55.92173341179959
48,2026-03-13,AAPL,249.6744384765625,255.87336762960538,249.07551643845036,255.024890934378,36930000.0,4.0,-2.565613240072196,274.0598237354836,250.5030562083641,42.06952338079428,-152.1714084295236,18.703584637258775,265.14305674235027,263.79866689046224,27.190000534057617,14.164320977681003
48,2026-03-13,AMGN,361.353515625,368.03375487447227,361.07723003577394,365.76423814387823,1500300.0,4.0,3.6840462690648224,383.7867205483648,359.20573855808044,53.88413172025979,-13.937713813346615,12.286492391491896,365.8041158040365,346.03357391357423,27.190000534057617,14.164320977681003
48,2026-03-13,AMZN,207.6699981689453,210.55999755859375,206.22000122070312,209.61000061035156,35662100.0,4.0,-2.5137090767461814,219.14702763718267,199.43797144728998,43.15512963604645,-36.6568729464547,17.930666044871405,213.06966756184895,224.22183329264323,27.190000534057617,14.164320977681003
48,2026-03-13,AXP,298.19842529296875,303.9146574381859,298.07913486755376,302.5328362259841,2645800.0,4.0,-13.242540931755514,351.0707641046912,283.2987610417932,36.86268753748486,-95.94875653478,32.74980303577074,328.82384033203124,348.25342966715493,27.190000534057617,14.164320977681003
48,2026-03-13,BA,209.88999938964844,210.83999633789062,204.9199981689453,205.0,8926600.0,4.0,-6.078898437697546,247.5604461919894,207.30455319765906,42.012260738954915,-197.4378703630625,18.397045488215685,230.91266632080078,230.88899993896484,27.190000534057617,14.164320977681003
48,2026-03-13,CAT,691.388671875,704.2801706399919,684.6042005803665,701.6999129217173,2042200.0,4.0,0.030816942346746146,790.8420867406235,675.1910309351579,52.14140878289753,-73.53326200244831,3.3145083020054598,726.6247741699219,667.4055755615234,27.190000534057617,14.164320977681003
48,2026-03-13,CRM,191.85377502441406,199.98241152169524,190.77924084221425,198.7188368100057,14834700.0,4.0,-3.081185778125672,204.23823083056652,178.5499878583983,41.998557482070844,21.195820818754818,7.390329729457219,192.53729146321615,219.71123911539715,27.190000534057617,14.164320977681003
48,2026-03-13,CSCO,77.61747741699219,78.53901802719754,77.23102563464744,77.35984037543096,19080400.0,4.0,-0.21782212569436865,79.90793007010181,75.48359214669507,50.80966406745156,-34.13799373536691,1.7374655574527669,79.01465377807617,77.189697265625,27.190000534057617,14.164320977681003
48,2026-03-13,CVX,193.34629821777344,194.1419999944813,191.2538861460719,192.54076333946207,13017000.0,4.0,5.083399256785157,192.6121497510259,175.37940603510694,69.19509028721171,183.19029155974476,45.41158670549327,181.14318135579427,167.9127176920573,27.190000534057617,14.164320977681003
48,2026-03-13,DIS,98.53498077392578,100.00372233112067,98.4059720444657,99.07087541929553,9551500.0,4.0,-2.1275438091818586,107.59234034067201,98.21864522451354,40.22151135731246,-147.8545367346454,30.497347274024005,103.99183476765951,107.89955863952636,27.190000534057617,14.164320977681003
48,2026-03-13,GS,778.7777709960938,794.49846434799,777.075252410534,785.8963611272785,2567400.0,4.0,-30.141787391955063,954.8767933490852,773.3504344341178,38.838241613561955,-169.9396200696734,24.650258053635433,882.9326700846354,898.6204132080078,27.190000534057617,14.164320977681003
48,2026-03-13,HD,336.5059814453125,340.8633132246558,335.513426265367,339.14618185881324,2531900.0,4.0,-8.242401849278622,392.92984712153236,334.88594267338954,39.20263589786005,-184.53955820381861,25.77293934244011,368.81219787597655,363.30538482666014,27.190000534057617,14.164320977681003
48,2026-03-13,HON,243.86007690429688,247.06302009651122,243.16334087367986,244.88959706072112,2972536.0,4.0,2.1709118866289145,257.6033886139895,242.54919164724092,55.58374239903509,-52.777040995060084,21.62096107136282,248.09520517985027,231.21952794392902,27.190000534057617,14.164320977681003
48,2026-03-13,IBM,242.7393341064453,246.12988106961873,241.19191316116456,244.10935005546276,4338400.0,4.0,-7.680567806917907,265.37128830345506,223.8744361838496,41.648484040574935,-54.05080587471053,18.357934383449546,258.43084716796875,276.52035166422525,27.190000534057617,14.164320977681003
48,2026-03-13,JNJ,240.13894653320312,244.1856656028509,240.11905664901153,242.81356702435843,6415300.0,4.0,2.970643830510113,247.3841587709414,237.43685105571873,62.15657814155482,34.94613040931289,19.151696012849648,239.59979349772135,224.87150650024415,27.190000534057617,14.164320977681003
48,2026-03-13,JPM,280.7321472167969,284.4463214441296,280.2468381234208,281.9504072447318,9091200.0,4.0,-6.368821002271375,311.8022212574947,277.982892267896,40.05117522573692,-135.54566607559894,29.186469618872447,300.01580810546875,306.45138193766275,27.190000534057617,14.164320977681003
48,2026-03-13,KO,76.8438720703125,77.5493241995201,76.69484036177172,76.97304299165201,11974500.0,4.0,0.38577082346520797,80.69899191114247,75.29549966600597,56.44361088577776,-18.954228130839283,15.51954161124088,77.46746877034505,73.58734296162923,27.190000534057617,14.164320977681003
48,2026-03-13,MCD,324.26080322265625,324.7574349872063,322.29416083471637,322.7907925992664,2449800.0,4.0,1.8596608000867718,334.50150500578775,319.4553492422591,54.74250620300205,-6.591517220330451,10.09335167786757,324.4711985270182,315.13468780517576,27.190000534057617,14.164320977681003
48,2026-03-13,MMM,150.1833038330078,151.60593906720527,149.62617233219385,150.37231351439618,4010700.0,4.0,-3.4011995216442585,173.24907059704236,146.90617384875844,42.297580823072046,-111.58780277352425,17.5736408890562,161.35475514729816,161.08338216145833,27.190000534057617,14.164320977681003
48,2026-03-13,MRK,113.94062805175781,116.18770435570056,113.8617814223353,115.23170965183071,7111000.0,4.0,0.15381473507451915,124.01880866882237,112.25943077209558,53.619103732131066,-62.799364717065124,11.59949225378661,117.28956578572591,111.36864725748698,27.190000534057617,14.164320977681003
48,2026-03-13,MSFT,393.9534912109375,403.16615688192843,392.65875035547907,399.3815063856616,26848000.0,4.0,-6.0575818514528805,411.93707563964205,385.23761918457666,38.97974862664629,-51.47255535054771,24.434762012665846,401.76019897460935,436.0337407430013,27.190000534057617,14.164320977681003
48,2026-03-13,NKE,53.50126647949219,54.38337272098835,53.26339708762612,53.85807434815711,14377100.0,4.0,-2.2018950587287165,67.43899883501493,52.23831744916476,36.551899616149285,-177.27162946160163,23.212553244741883,60.39369697570801,61.46187426249186,27.190000534057617,14.164320977681003
48,2026-03-13,NVDA,180.0401611328125,185.87335881208497,179.73052445930352,184.70472270189353,160988400.0,4.0,-1.0014658271739165,194.38577053907255,175.0755743705954,47.68526384071406,-41.478493159561744,13.528915719417078,184.54989878336588,184.85203450520834,27.190000534057617,14.164320977681003
48,2026-03-13,PG,148.4161376953125,150.28797328665797,147.9531057091528,149.12546265144954,7298900.0,4.0,-0.6392914689010354,166.19431073745903,146.64308855453316,47.165057288953015,-135.5766057307467,0.5140268034328204,155.92020416259766,148.88561579386393,27.190000534057617,14.164320977681003
48,2026-03-13,SHW,318.21746826171875,327.7606053151056,317.36168502836756,319.9290650968822,1451100.0,4.0,-8.889871005219334,380.6538300457835,312.3474425372243,39.14041414928373,-160.6257102108756,22.679285934224986,351.05714925130206,344.0752899169922,27.190000534057617,14.164320977681003
48,2026-03-13,TRV,301.23065185546875,305.03475557300163,300.8920710038779,304.128540474394,1121500.0,4.0,2.8711483717438,310.88358818707894,293.1557398158507,56.88444982566736,51.777163367550926,6.28875544875869,298.69285888671874,290.1150400797526,27.190000534057617,14.164320977681003
48,2026-03-13,UNH,280.4880065917969,281.2735286763525,276.2323139355343,276.48089418495215,4737600.0,4.0,-3.9628046057556503,293.2335809997246,273.6026891418769,44.24632138864898,-17.22114713311735,26.802319028183664,280.70457661946614,304.44591166178384,27.190000534057617,14.164320977681003
48,2026-03-13,V,305.9362487792969,309.1336593983733,305.21906944064716,306.38446686722085,4814100.0,4.0,-4.326608435092396,325.00678294450677,303.4504192039308,40.19949064950134,-130.72657849226513,25.820667279458586,318.3140350341797,328.92955017089844,27.190000534057617,14.164320977681003
48,2026-03-13,VZ,49.77021789550781,50.05112911772137,49.353689899423074,49.353689899423074,21780900.0,4.0,1.5100212571783018,50.345503671947874,46.509782735522826,69.82284868594787,107.02757522564877,44.29932023302729,47.4169984181722,42.87845153808594,27.190000534057617,14.164320977681003
48,2026-03-13,WMT,125.71939086914062,125.88832088794078,124.17920366142822,124.59654412433483,15194100.0,4.0,0.44455398703863125,130.29585991675805,120.37086371605444,55.68393016040201,-11.637252633114935,6.081281995681983,125.7919418334961,120.24029579162598,27.190000534057617,14.164320977681003
49,2026-03-16,AAPL,252.36964416503906,253.43773019062647,249.4348789230203,251.66090222791988,32074200.0,0.0,-2.932269750722014,274.34565023684917,249.92175851559224,43.86241435085572,-143.795118000041,18.70358463725878,264.9295237223307,263.44041875203453,23.510000228881836,14.414001945361216
49,2026-03-16,AMGN,361.3930358886719,365.9715177463285,359.8833269364369,364.48153272674966,2099100.0,0.0,2.8525259410035915,384.060885324487,358.641473684302,53.897258017040315,-32.75402572339345,11.094020042666191,366.6830586751302,346.72031860351564,23.510000228881836,14.414001945361216
49,2026-03-16,AMZN,211.74000549316406,212.72000122070312,207.4499969482422,208.35000610351562,42209300.0,0.0,-2.3019929236435814,218.50655931923163,201.37344098594414,45.62835955029845,-11.009636026014771,15.109586991214123,212.1510009765625,224.04150009155273,23.510000228881836,14.414001945361216
49,2026-03-16,AXP,296.4487609863281,302.2445095616675,294.0926538965527,299.2422561590962,3604200.0,0.0,-13.161417834219549,349.17179202827856,281.2908117314871,36.424442348140694,-96.63683894928396,34.75268671844334,327.035405476888,346.8996592203776,23.510000228881836,14.414001945361216
49,2026-03-16,BA,213.47000122070312,216.14999389648438,210.75,210.75,7347100.0,0.0,-6.1690582301988,245.6115913598737,206.3044074804583,43.92327080810023,-138.00964087648865,10.651568002727634,230.23766632080077,231.00166651407878,23.510000228881836,14.414001945361216
49,2026-03-16,CAT,697.156982421875,707.338644712223,691.9963455607045,702.7259948828996,2145500.0,0.0,-1.1414730453144557,786.3018483047788,672.317164146393,52.89763629432187,-67.39425452040736,4.191392510483912,728.0334757486979,669.2689758300781,23.510000228881836,14.414001945361216
49,2026-03-16,CRM,197.3358612060547,197.62440152583858,194.16200877766246,194.16200877766246,13419600.0,0.0,-2.6281032913737477,204.86778901286326,178.77806364826958,44.534690838149146,58.55329435673261,7.390329729457219,192.07464548746745,218.77999089558918,23.510000228881836,14.414001945361216
49,2026-03-16,CSCO,78.18229675292969,78.4498374026417,77.47875609332219,78.20211149883647,14715100.0,0.0,-0.16457353804055685,79.89439337283366,75.70026376217609,51.65809885279149,-27.467705651928355,1.7374655574527669,79.03381144205729,77.21880938212077,23.510000228881836,14.414001945361216
49,2026-03-16,CVX,193.3659210205078,194.34827178568756,192.12816445259523,193.13016643013384,12683900.0,0.0,5.225819750520998,193.92884043593847,175.5244508848623,69.20600354106607,174.85890518803066,45.642439263405976,181.85223286946615,168.7560930887858,23.510000228881836,14.414001945361216
49,2026-03-16,DIS,97.90977478027344,98.93194125870065,97.71129107436866,98.71361296789499,11578500.0,0.0,-2.2315723267814604,107.67772454773952,97.4594252630515,39.56308935248677,-162.22194997497573,32.034115367264334,103.52408548990886,107.68520113627116,23.510000228881836,14.414001945361216
49,2026-03-16,GS,791.2826538085938,801.9257496642291,786.5335646121588,788.5247888263667,2082700.0,0.0,-31.107012618458384,953.8188501275722,763.8915807806309,40.61547638909243,-137.07752722703913,22.529017320617783,878.4277587890625,897.2966227213542,23.510000228881836,14.414001945361216
49,2026-03-16,HD,340.029541015625,342.6697414353192,338.11391678352766,339.8905990411044,3194400.0,0.0,-8.650636804581268,390.6448028715515,332.61784361282344,40.84305451110325,-148.3670728321651,23.814591262976744,367.8354482014974,363.17705078125,23.510000228881836,14.414001945361216
49,2026-03-16,HON,243.87049865722656,245.7423357007539,242.9657706110259,244.38004647969166,3028983.0,0.0,1.6876151781563635,257.80472854722257,241.75743881117586,55.58976236682476,-72.21771115850169,21.207538620818227,248.3764673868815,231.86478576660156,23.510000228881836,14.414001945361216
49,2026-03-16,IBM,245.66664123535156,248.57422736144662,242.56193343009107,244.30647608209605,5674200.0,0.0,-7.1627755462134814,263.66815312338605,224.2834475235866,42.770199221149745,-43.305174474935185,16.173239918148163,256.60050303141276,275.6626747131348,23.510000228881836,14.414001945361216
49,2026-03-16,JNJ,241.7993927001953,243.65869480615754,240.28808012034816,242.52521416415624,7571500.0,0.0,2.786190336340411,247.38537249864234,237.53778576551784,63.33176693561943,38.1737310566226,19.151696012849655,240.16791585286458,225.45145060221355,23.510000228881836,14.414001945361216
49,2026-03-16,JPM,283.4261474609375,286.506421278288,281.89093739443587,283.6044205599556,8149000.0,0.0,-6.340140322708407,311.57541037382197,276.5863602560608,41.5926149671364,-109.89270488182582,26.857533984872404,299.3644236246745,305.9896189371745,23.510000228881836,14.414001945361216
49,2026-03-16,KO,77.32079315185547,77.92688067691923,77.24130452354646,77.49963877532433,11761200.0,0.0,0.3694726370211612,80.69562587083753,75.26680317579333,57.62084767244116,-1.6980507585312716,17.36261362814102,77.58407872517904,73.7186710357666,23.510000228881836,14.414001945361216
49,2026-03-16,MCD,324.44952392578125,326.4956443594642,324.31048279471395,325.63150994384046,2584300.0,0.0,1.621978981172731,334.4713064320775,319.57392672221937,54.8639572966362,8.23660425557042,12.44409963313533,324.91485188802085,315.36474609375,23.510000228881836,14.414001945361216
49,2026-03-16,MMM,149.17848205566406,151.964078677961,147.36785411835328,151.8048982583371,5104700.0,0.0,-3.6376626436567108,171.9778516965501,146.0016435427077,41.674616415080905,-118.6879817112628,20.47499217670145,161.2709935506185,160.87577311197916,23.510000228881836,14.414001945361216
49,2026-03-16,MRK,114.60584259033203,115.23134173151435,113.40448276842358,114.51648124163657,8785300.0,0.0,0.03502794810815146,123.92357229240045,111.84956232063666,54.405462524260706,-80.91033597053794,10.237540153111873,117.48716939290365,111.66456108093261,23.510000228881836,14.414001945361216
49,2026-03-16,MSFT,398.33575439453125,399.01300251860397,393.1965772756644,396.4633374914087,27733700.0,0.0,-5.842020552070608,411.91445684397473,385.2148125652049,40.633318276570094,-44.68873632773084,24.434762012665843,400.7854777018229,434.7828903198242,23.510000228881836,14.414001945361216
49,2026-03-16,NKE,54.30408477783203,54.58160033166583,53.50126706455672,53.788696048665074,13115200.0,0.0,-2.2474568146039076,67.34741697246281,51.54455270832333,38.30510314499463,-145.969831193075,22.23617803256737,60.17523714701335,61.26550763448079,23.510000228881836,14.414001945361216
49,2026-03-16,NVDA,183.0067138671875,188.66012868968363,181.19882333613754,182.7570048934839,217307400.0,0.0,-0.9363367254047716,194.388945225042,175.11434151812205,49.27158246587353,-1.6018947176999538,9.923391343888287,184.28688354492186,184.94375483194986,23.510000228881836,14.414001945361216
49,2026-03-16,PG,149.86434936523438,150.3766429785721,148.41614542375342,149.60821007483085,6944000.0,0.0,-0.8555113397396497,166.20634785644222,145.84783762939765,48.697069567573,-124.22264915929456,0.3089078986379848,155.93169759114582,149.0158836364746,23.510000228881836,14.414001945361216
49,2026-03-16,SHW,321.1331787109375,325.92963470679047,319.97884301265356,323.11347590252416,1192600.0,0.0,-9.207767514900468,378.8572871502548,309.6295414630264,40.592328116565376,-135.0864609930003,22.679285934225,350.0239705403646,344.00170745849607,23.510000228881836,14.414001945361216
49,2026-03-16,TRV,303.3717346191406,306.9965647355628,302.04725466832184,302.2663399779784,1256700.0,0.0,2.780638958402392,310.08273613960984,295.10154730765584,58.26899917854737,70.64742258964417,9.022742402562557,299.39532979329425,290.38193664550784,23.510000228881836,14.414001945361216
49,2026-03-16,UNH,283.8686828613281,285.767839547621,279.44397276937343,282.36727883683284,4854000.0,0.0,-3.5372242820601514,292.57399332872455,273.7215419495958,45.46962550599519,34.917515684591315,22.025184281831105,280.73021240234374,303.68141276041666,23.510000228881836,14.414001945361216
49,2026-03-16,V,308.8945617675781,309.9105835049712,306.1752809950723,306.64344012556506,6401200.0,0.0,-4.291032079733725,325.05783676141033,303.0039216614412,42.08417372872936,-106.43250722716597,24.62017920935811,317.94688720703124,328.36029256184895,23.510000228881836,14.414001945361216
49,2026-03-16,VZ,49.37306594848633,49.84771174529051,49.159957560839075,49.75084631191235,20017500.0,0.0,1.4375462942488113,50.429703458405456,46.615442720793766,67.79597115828928,95.36410899828333,41.92067948756591,47.62526219685872,43.0546677907308,23.510000228881836,14.414001945361216
49,2026-03-16,WMT,125.1927490234375,126.176489886514,124.04009329953726,125.95788080583034,20463200.0,0.0,0.4521385423544473,128.32749049139437,121.55423100518767,55.03905283604355,-25.425749187313432,6.79659679275806,126.01882985432943,120.41534767150878,23.510000228881836,14.414001945361216
50,2026-03-17,AAPL,253.77711486816406,254.67552076289968,251.7307636559193,252.5093881906664,32361600.0,1.0,-3.0738432029679643,274.40014386503225,248.9039821115303,44.78555985106525,-115.68636431798743,16.941424741109927,264.412858581543,263.1516698201497,22.3700008392334,21.512874951140773
50,2026-03-17,AMGN,356.3409118652344,363.88945605701736,355.028532677177,363.3566087867527,2334300.0,1.0,1.7655240417526556,385.0870426755281,356.40853532740164,51.94207007675694,-81.80029721694828,6.343336613957702,367.30213623046876,347.33478393554685,22.3700008392334,21.512874951140773
50,2026-03-17,AMZN,215.1999969482422,215.6999969482422,212.42999267578125,212.82000732421875,44969900.0,1.0,-1.8338741927604758,218.44420622941377,202.8407943809378,47.63209998167451,39.28425082144313,11.309401772007789,211.22566731770834,223.94033330281576,22.3700008392334,21.512874951140773
50,2026-03-17,AXP,298.506591796875,304.49125752629703,298.07912434144697,302.0755051435172,3616000.0,1.0,-12.783714740616858,345.1847590292679,280.8778355752243,37.33092940279228,-81.96456262054681,32.45277509553509,325.2936950683594,345.6651611328125,22.3700008392334,21.512874951140773
50,2026-03-17,BA,210.82000732421875,217.14999389648438,206.6699981689453,214.67999267578125,7308100.0,1.0,-6.380789110878595,243.11342290863004,205.48057733551056,42.842128848966965,-137.96311329566146,15.06796546774532,229.49766642252604,231.07649993896484,22.3700008392334,21.512874951140773
50,2026-03-17,CAT,699.36865234375,706.3424138343572,692.3052014506017,704.7085465487422,1824900.0,1.0,-1.8704961125882846,782.5054206155522,669.861113808276,53.19100703383325,-69.91593733123806,4.191392510483909,728.4017578125,671.6171671549479,22.3700008392334,21.512874951140773
50,2026-03-17,CRM,194.3212127685547,201.35542716975343,193.4655660342646,197.2164841210229,11559300.0,1.0,-2.483659015669275,204.82618341826804,179.9160910568296,43.45381630001756,71.01454372971294,3.5296325169785967,191.5605946858724,217.74502309163412,22.3700008392334,21.512874951140773
50,2026-03-17,CSCO,78.5489273071289,79.32183848777741,78.10302369828855,78.45974960935872,16210500.0,1.0,-0.09173219537802879,79.88837729776444,75.94607781087814,52.211581100248075,-8.123687594917598,1.5223297221064003,78.98856023152669,77.27949422200521,22.3700008392334,21.512874951140773
50,2026-03-17,CVX,194.4759979248047,197.03993422905617,192.9926535455191,194.00447371640337,14018600.0,1.0,5.366402400365956,195.07934083595038,176.08520689354182,69.83146961476174,182.80138376121948,48.57797522536808,182.69135538736978,169.57305679321288,22.3700008392334,21.512874951140773
50,2026-03-17,DIS,99.53730010986328,99.94417844396594,98.26702714707265,98.41588802886785,11785600.0,1.0,-2.157814047021475,107.49640489730581,97.13065351333873,42.11485595980857,-119.46987654519079,27.775440513868748,103.38680419921874,107.51434364318848,22.3700008392334,21.512874951140773
50,2026-03-17,GS,803.498779296875,816.8400059428774,799.9444367547594,802.7620360546564,1955600.0,1.0,-30.5342416017711,948.8357867596782,758.4999310137592,42.30960155633955,-105.55279925314854,18.34548414208253,873.9695454915365,896.2890096028646,22.3700008392334,21.512874951140773
50,2026-03-17,HD,338.88812255859375,344.1982990603374,338.40178019218934,342.3223854396477,3075900.0,1.0,-8.962949574628965,389.369810897964,330.0153026274266,40.477067637126815,-130.91570715533445,22.14972431058096,366.7046356201172,362.9628122965495,22.3700008392334,21.512874951140773
50,2026-03-17,HON,240.6571502685547,245.0455887081269,237.62059155625,243.75608992920382,4027584.0,1.0,1.0333963450355554,258.2260449825753,240.29295831332317,53.286162997514054,-141.0713549659685,10.677966253687512,248.5492385864258,232.42837677001953,22.3700008392334,21.512874951140773
50,2026-03-17,IBM,252.42800903320312,252.70401247673968,246.40586415119162,246.9085266998687,5840100.0,1.0,-6.136102405990073,263.3361385653674,224.39862400787482,45.283465834030125,-19.208806599221514,12.542477903884139,254.73321482340495,274.9154009501139,22.3700008392334,21.512874951140773
50,2026-03-17,JNJ,236.74844360351562,242.7439617349266,235.86353339492615,242.1871663459089,7281800.0,1.0,2.206999319391514,247.7678961543505,236.76418392377448,57.69385545016933,-40.75120900600432,9.605591796858478,240.45228729248046,225.93023401896158,22.3700008392334,21.512874951140773
50,2026-03-17,JPM,284.1492004394531,288.97266988082987,283.2181783456238,286.23902796907333,8961200.0,1.0,-6.1877379535657155,310.42948455354906,275.7276229903963,42.00663365311198,-92.3440587982679,24.087155368726897,298.66285807291666,305.5492736816406,22.3700008392334,21.512874951140773
50,2026-03-17,KO,77.08233642578125,77.79771893430544,76.95316550702088,77.49964036226936,14900100.0,1.0,0.3334706992710892,80.6407499585632,75.17893311638797,56.826430458711364,-22.471466203491715,15.375408513461258,77.6756352742513,73.84109077453613,22.3700008392334,21.512874951140773
50,2026-03-17,MCD,324.10186767578125,328.2636441625382,323.923087520798,325.13487020234527,2437800.0,1.0,1.3895436788192796,334.4513471910942,319.6435472180855,54.58480804436569,8.225799262841594,14.788416315746069,325.23069152832034,315.52003224690753,22.3700008392334,21.512874951140773
50,2026-03-17,MMM,148.29306030273438,150.86973069995275,147.23851659917966,150.86973069995275,4412200.0,1.0,-3.8521028632032426,171.35137471728214,144.7816697163116,41.12252388303189,-123.58764610388015,20.640491344635002,161.1488047281901,160.67040888468424,22.3700008392334,21.512874951140773
50,2026-03-17,MRK,115.04270935058594,115.96606960145509,113.56334225972854,114.95334799731634,7952200.0,1.0,-0.023588031723974723,123.74106971543172,111.5548790760722,54.92465831644224,-77.17584073828483,12.022067528371275,117.59749374389648,111.95280838012695,22.3700008392334,21.512874951140773
50,2026-03-17,MSFT,397.79791259765625,402.7677623283013,396.1446090107731,398.6544268926901,26228300.0,1.0,-5.649462520087923,411.94615629776024,385.5270950450132,40.493996663959955,-16.25626630672022,21.358546966336245,400.0220418294271,433.5275482177734,22.3700008392334,21.512874951140773
50,2026-03-17,NKE,54.63115692138672,55.18619181785433,54.51222222245291,54.958232069537075,9861400.0,1.0,-2.2314500783866222,66.88542319752739,51.08751076243356,39.015308745980775,-117.11455863561066,19.25452038969943,59.955536397298175,61.09805844624837,22.3700008392334,21.512874951140773
50,2026-03-17,NVDA,181.71820068359375,185.1841623368753,181.4684917186082,184.8445618023411,182497800.0,1.0,-0.9774265238448834,194.33265629867702,174.86798304458472,48.60929617218757,-23.76540511843998,9.923391343888287,184.1646942138672,185.1268623352051,22.3700008392334,21.512874951140773
50,2026-03-17,PG,149.2338409423828,151.18449220282605,148.95799400237624,150.74115280475118,6147700.0,1.0,-1.0654619236755138,166.23077672965206,145.02837549202764,48.06931333934868,-118.26362237759331,1.5839726861722063,155.87554270426432,149.09325358072917,22.3700008392334,21.512874951140773
50,2026-03-17,SHW,319.13299560546875,323.4119726344786,318.57573432825245,323.4119726344786,1497900.0,1.0,-9.511458674603716,376.78656718044056,307.08012593479384,39.91653564312808,-128.42927104464445,23.695316476969293,348.8671936035156,343.89346466064455,22.3700008392334,21.512874951140773
50,2026-03-17,TRV,305.0546569824219,307.6936486713278,304.6563283621896,306.9865827006004,1271300.0,1.0,2.812289048628486,310.06176777444955,295.93766765035514,59.330921438316686,90.75123470116343,9.988029660526001,300.1168548583984,290.649430847168,22.3700008392334,21.512874951140773
50,2026-03-17,UNH,285.9368896484375,287.3488084380985,283.22238246669014,286.16556405202414,5752000.0,1.0,-2.9984969994858943,292.64736173214425,273.71878511844164,46.21645924732041,66.80877507468709,20.374896465032748,280.868857828776,302.99364573160807,22.3700008392334,21.512874951140773
50,2026-03-17,V,307.25103759765625,311.4644698112407,306.1752838399166,310.09984414528657,6872200.0,1.0,-4.345365557554999,324.7173344245475,302.24474748463217,41.33546735130824,-101.00867698775161,22.207674097542082,317.12701212565105,327.7752400716146,22.3700008392334,21.512874951140773
50,2026-03-17,VZ,48.937164306640625,49.6927250365607,48.78217739549858,49.6927250365607,23765200.0,1.0,1.3296088413876035,50.43850434521853,46.7606602360803,65.6327273885243,76.05002780563366,37.35333198108173,47.81609001159668,43.22155596415202,22.3700008392334,21.512874951140773
50,2026-03-17,WMT,124.28851318359375,126.38516200705068,124.06990409965162,125.84857814131549,19895000.0,1.0,0.38079550824279806,127.81885011918774,121.68825589887865,53.9297121596069,-38.220119955825055,7.325342036756512,126.05261484781902,120.5713540395101,22.3700008392334,21.512874951140773
51,2026-03-18,AAPL,249.49476623535156,254.48585937367065,248.55643828829037,252.1799767808244,35757900.0,2.0,-3.49134487896373,274.7316556226441,247.13403499014885,42.581596922828744,-131.7868273892842,20.088577801522277,263.7710673014323,262.7857302347819,25.09000015258789,27.363988995961044
51,2026-03-18,AMGN,346.81890869140625,355.90676315158953,346.157780551677,355.0483053512068,2895100.0,2.0,0.13417444822493962,387.0938526109497,351.61419182264405,48.51092582538786,-184.51650666909435,1.6096590468356802,367.80274251302086,347.81651814778644,25.09000015258789,27.363988995961044
51,2026-03-18,AMZN,209.8699951171875,215.13999938964844,208.8300018310547,213.92999267578125,37846600.0,2.0,-1.871400983374798,218.2115321840714,203.58146860938567,44.9899347278674,18.55440062360915,14.823563519378052,210.267333984375,223.6588333129883,25.09000015258789,27.363988995961044
51,2026-03-18,AXP,292.6611633300781,299.30192670605464,291.63718304104725,297.3931888569087,3303100.0,2.0,-12.80841214052316,340.26380015805637,280.64424732729515,35.8297083610363,-94.25047556919576,35.70753855199075,323.4631754557292,344.33472696940106,25.09000015258789,27.363988995961044
51,2026-03-18,BA,205.99000549316406,210.5,205.75,209.0,5881900.0,2.0,-6.859258874448301,241.83631076322467,203.4636907626542,40.94200112717167,-152.33790310565354,16.036073488445837,228.5923334757487,231.0384999593099,25.09000015258789,27.363988995961044
51,2026-03-18,CAT,691.0200805664062,709.1718176679043,690.1035460530255,698.681258364083,1796200.0,2.0,-3.086334770182475,780.5991282783199,665.9542835869146,51.92804244010776,-75.93667021153475,5.043982207376443,728.0939147949218,673.7609476725261,25.09000015258789,27.363988995961044
51,2026-03-18,CRM,193.3561248779297,195.15695908891587,191.6647343849253,192.4208813209107,10525100.0,2.0,-2.4191736853447594,204.88069701007944,180.5132620353307,43.107333678834955,30.72358271327988,5.230757077654468,191.49293874104816,216.6918820699056,25.09000015258789,27.363988995961044
51,2026-03-18,CSCO,76.89411926269531,79.30201535739545,76.82475631181896,79.01465240090921,18827600.0,2.0,-0.16562486555021394,79.90343477255011,75.87354810708855,49.56203590064385,-35.82153463440247,3.18195563875942,78.80656407674154,77.29699312845865,25.09000015258789,27.363988995961044
51,2026-03-18,CVX,195.1046905517578,197.1872694251227,195.00644947719087,195.7039251318559,13305000.0,2.0,5.465542037575602,196.40097422036442,176.2115578230926,70.18625263482825,176.64605173667152,48.734744064535434,183.42139892578126,170.43017018636067,25.09000015258789,27.363988995961044
51,2026-03-18,DIS,98.66399383544922,100.25182568512552,98.24718939454284,99.0807982763556,12615100.0,2.0,-2.1451012053163936,107.00524255745258,96.85965612418805,41.15041641636881,-114.4849266395555,26.49267377556775,103.22802098592122,107.30842145284016,25.09000015258789,27.363988995961044
51,2026-03-18,GS,801.9456787109375,812.6087070271379,797.4853555933689,797.4853555933689,1541300.0,2.0,-29.86141487929285,939.1627506431414,755.8909236732648,42.15144977463723,-101.490925865039,18.81826200149827,869.7018798828125,895.1899800618489,25.09000015258789,27.363988995961044
51,2026-03-18,HD,328.4662780761719,337.27023766635267,327.68218129393256,336.07918962592805,3592200.0,2.0,-9.936869400761282,388.6483653774815,325.76970713228405,37.318471516768795,-156.683970021552,29.069045415135797,365.1284891764323,362.60379791259766,25.09000015258789,27.363988995961044
51,2026-03-18,HON,239.0972900390625,242.37302378878414,237.68299903563081,240.80274258203417,3103833.0,2.0,0.38462184100666263,258.78694094388226,238.68916074068807,52.19990503109296,-173.3186026893027,10.6779662536875,248.5544647216797,232.99718551635743,25.09000015258789,27.363988995961044
51,2026-03-18,IBM,247.9828643798828,254.56682176299722,246.56356421505282,250.50605798872715,5177000.0,2.0,-5.616400204017367,261.99405723198646,224.8349176825643,43.97020963858333,-18.570594589084457,10.924827611448427,253.38483276367188,274.1409189860026,25.09000015258789,27.363988995961044
51,2026-03-18,JNJ,235.92318725585938,237.74272479331552,234.07382247775118,236.50980988406457,6811500.0,2.0,1.6622337790128938,248.1368045387498,235.75749325177753,56.83863238225031,-110.32510190318322,6.05030038266321,240.63167622884114,226.42856038411458,25.09000015258789,27.363988995961044
51,2026-03-18,JPM,284.9910583496094,286.6451172582804,282.3960934275981,284.08974843243266,10057000.0,2.0,-5.930662099397978,308.6505116646708,275.42269695349324,42.49757574488164,-91.49819816951187,24.654547089935313,297.7678243001302,305.15549723307294,25.09000015258789,27.363988995961044
51,2026-03-18,KO,75.48265838623047,76.63521311651704,75.36342544980671,76.58553841167979,13134600.0,2.0,0.17385417281587934,80.68540862222822,74.83846833089679,51.86413723285743,-116.97074092028583,5.2080273267893995,77.66255594889323,73.94194780985514,25.09000015258789,27.363988995961044
51,2026-03-18,MCD,313.6031188964844,322.3140295216213,313.11639913342975,321.5889362008248,3038400.0,2.0,0.3540939674723518,336.00171227320993,317.0662992013995,47.098507720676196,-184.9849774085232,1.8317570895100772,325.16529439290366,315.4845357259115,25.09000015258789,27.363988995961044
51,2026-03-18,MMM,144.3335418701172,147.56682009700975,143.35858837833266,147.07933576097741,4239600.0,2.0,-4.292071994359247,171.48956934969385,142.74429753263036,38.74785343185021,-151.7418987600508,25.454802806976645,160.82035115559896,160.40582046508788,25.09000015258789,27.363988995961044
51,2026-03-18,MRK,113.68248748779297,114.73491682571371,112.54069679716702,114.2384867493478,6736300.0,2.0,-0.17775114991525243,123.57858459502098,111.09528549164894,52.98142049960662,-111.53461555024744,8.904637729695786,117.58133316040039,112.19358202616374,25.09000015258789,27.363988995961044
51,2026-03-18,MSFT,390.2087097167969,396.39363710184665,389.42188971563326,395.5271533612366,25908500.0,2.0,-6.039623123473916,412.13084909698114,384.6551860592689,38.5638874671687,-96.10344221926337,24.801796595106495,399.4084106445313,432.0155446370443,25.09000015258789,27.363988995961044
51,2026-03-18,NKE,52.995792388916016,54.47257592446014,52.78765194022699,54.016656428981136,16861300.0,2.0,-2.323935987605644,66.28657778232713,50.53190862209182,36.822778085051795,-131.16740227182396,24.67618268337197,59.72234827677409,60.90433775583903,25.09000015258789,27.363988995961044
51,2026-03-18,NVDA,180.1899871826172,183.16652908726184,180.12007659614625,182.26756764801692,156683100.0,2.0,-1.120389391374772,194.02643767427884,174.4181012051157,47.82064829554288,-50.56390527117206,11.380725542982015,184.1670171101888,185.23123118082682,25.09000015258789,27.363988995961044
51,2026-03-18,PG,144.53457641601562,147.4014152272885,144.2882834404146,147.09601434274808,10059300.0,2.0,-1.5926812103591317,166.83412406261266,143.42507851307096,43.723551788840986,-185.12548481798171,8.716537313638417,155.5927983601888,149.12963790893554,25.09000015258789,27.363988995961044
51,2026-03-18,SHW,310.59490966796875,316.76462728141473,308.7440126050126,314.8042519105246,2092300.0,2.0,-10.322101524945595,375.32492648456724,303.2842776169952,37.182981826822925,-146.75110986777992,30.331367481667705,347.3172536214193,343.68578236897787,25.09000015258789,27.363988995961044
51,2026-03-18,TRV,298.004150390625,304.7260485197368,297.7850650878329,303.9194231754855,1269300.0,2.0,2.2426036755440464,309.8146340614087,296.3713034385913,53.43759709416652,-2.54965465077025,0.7500986043086575,300.5173706054687,290.7600580851237,25.09000015258789,27.363988995961044
51,2026-03-18,UNH,282.71527099609375,286.7621646688093,281.4624471949345,283.5803557381978,4544100.0,2.0,-2.7992415338441674,292.5512077112905,273.6511970738657,45.21851748164051,39.262300609212694,21.595979459459695,280.946489461263,302.309575398763,25.09000015258789,27.363988995961044
51,2026-03-18,V,297.8480529785156,306.73310658565566,297.33010193516475,306.20518500751876,7191700.0,2.0,-5.088510325379957,325.32310584066266,299.5193166446889,37.39769627138467,-171.94577664368956,30.16823510919083,316.15639343261716,327.00696360270183,25.09000015258789,27.363988995961044
51,2026-03-18,VZ,48.03630447387695,48.89841944728225,47.83288483423338,48.791865246941434,32972500.0,2.0,1.158026760989415,50.26662770601909,47.08171213773091,61.44137228040578,22.890973200921202,26.74981602657111,47.92393531799316,43.38088836669922,25.09000015258789,27.363988995961044
51,2026-03-18,WMT,121.2081298828125,123.82148485830739,121.05907754692964,123.54325787458829,19734900.0,2.0,0.0748318363466467,127.92591822790176,121.12012287927597,50.353141128202296,-126.48259647884451,1.0530678309975614,125.86282323201497,120.68976656595866,25.09000015258789,27.363988995961044
